[   14.589571] (4)[217:disp_check][DDP/DSI]0x0140: 0x00000000 0x00000000 0x00000100 0x00000100
[   14.589609] (4)[217:disp_check][DDP/DSI]0x0150: 0x00000100 0x00000100 0x00000000 0x00000000
[   14.589646] (4)[217:disp_check][DDP/DSI]0x0160: 0x00000000 0x00000000 0x00000100 0x00000100
[   14.589667] (5)[1:init]init: Control message: Processed ctl.stop for 'adbd' from pid: 341 (/system/bin/recovery)
[   14.589704] (4)[217:disp_check][DDP/DSI]0x0170: 0x00000000 0x00000000 0x00000000 0x00000000
[   14.589742] (4)[217:disp_check][DDP/DSI]0x0180: 0x00000100 0x00000100 0x00000100 0x00000100
[   14.589779] (4)[217:disp_check][DDP/DSI]0x0190: 0x00000100 0x00000100 0x00000100 0x00000100
[   14.589816] (4)[217:disp_check][DDP/DSI]0x01a0: 0x00000000 0x00000000 0x00000000 0x00000000
[   14.589853] (4)[217:disp_check][DDP/DSI]0x01b0: 0x00000000 0x00000000 0x00000000 0x00000000
[   14.589891] (4)[217:disp_check][DDP/DSI]0x01c0: 0x00000000 0x00000000 0x00000000 0x00000000
[   14.590130] (5)[1:init]init: Service 'adbd' (pid 454) received signal 9
[   14.590142] (4)[217:disp_check][DDP/DSI]0x01d0: 0x00000000 0x00000000 0x00000000 0x00000000
[   14.590176] (4)[217:disp_check][DDP/DSI]0x01e0: 0x00000000 0x00000000 0x00000000 0x00000000
[   14.590203] (4)[217:disp_check][DDP/DSI]0x01f0: 0x00000000 0x00000000 0x00000000 0x00000000
[   14.590262] (4)[217:disp_check][DDP/DSI]0x0200: 0x00000000 0x00000000 0x00000000 0x00000000
[   14.590316] (4)[217:disp_check][DDP/DSI]0x0210: 0x00000001 0x00000000 0x00000000 0x00000000
[   14.590366] (4)[217:disp_check][DDP/DSI]0x0220: 0x00000000 0x00000001 0x00000000 0x00000000
[   14.590419] (4)[217:disp_check][DDP/DSI]0x0230: 0x00000001 0x00000001 0x00000000 0x00000000
[   14.590471] (4)[217:disp_check][DDP/DSI]0x0240: 0x00000000 0x00000000 0x00000100 0x00000000
[   14.590522] (4)[217:disp_check][DDP/DSI]0x0250: 0x00000000 0x00000000 0x00000100 0x00000000
[   14.590574] (4)[217:disp_check][DDP/DSI]0x0260: 0x00000000 0x00000000 0x00000100 0x00000000
[   14.590628] (4)[217:disp_check][DDP/DSI]0x0270: 0x00000100 0x00000000 0x00000000 0x00000000
[   14.590664] (4)[217:disp_check][DDP/DSI]0x0280: 0x00000100 0x00000100 0x00000100 0x00000100
[   14.590689] (4)[217:disp_check][DDP/DSI]0x0290: 0x00000100 0x00000100 0x00000100 0x00000100
[   14.590714] (4)[217:disp_check][DDP/DSI]0x02a0: 0x00000000 0x00000000 0x00000000 0x00000000
[   14.590795] (4)[217:disp_check][DDP/DSI]0x02b0: 0x00000000 0x00000000 0x00000000 0x00000000
[   14.590823] (4)[217:disp_check][DDP/DSI]0x02c0: 0x00000000 0x00000000 0x00000000 0x00000000
[   14.590848] (4)[217:disp_check][DDP/DSI]0x02d0: 0x00000000 0x00000000 0x00000000 0x00000000
[   14.590873] (4)[217:disp_check][DDP/DSI]0x02e0: 0x00000000 0x00000000 0x00000000 0x00000000
[   14.590898] (4)[217:disp_check][DDP/DSI]0x02f0: 0x00000000 0x00000000 0x00000000 0x00000000
[   14.590923] (4)[217:disp_check][DDP/DSI]0x0300: 0x00000000 0x00000000 0x00000000 0x00000000
[   14.590948] (4)[217:disp_check][DDP/DSI]0x0310: 0x00000001 0x00000000 0x00000000 0x00000000
[   14.590973] (4)[217:disp_check][DDP/DSI]0x0320: 0x00000000 0x00000001 0x00000001 0x00000000
[   14.590997] (4)[217:disp_check][DDP/DSI]0x0330: 0x00000001 0x00000001 0x00000000 0x00000000
[   14.591022] (4)[217:disp_check][DDP/DSI]0x0340: 0x00000000 0x00000000 0x00000100 0x00000100
[   14.591048] (4)[217:disp_check][DDP/DSI]0x0350: 0x00000100 0x00000100 0x00000000 0x00000000
[   14.591072] (4)[217:disp_check][DDP/DSI]0x0360: 0x00000000 0x00000000 0x00000100 0x00000100
[   14.591097] (4)[217:disp_check][DDP/DSI]0x0370: 0x00000000 0x00000000 0x00000000 0x00000000
[   14.591122] (4)[217:disp_check][DDP/DSI]0x0380: 0x00000000 0x00000000 0x00000000 0x00000000
[   14.591147] (4)[217:disp_check][DDP/DSI]0x0390: 0x00000000 0x00000000 0x00000000 0x00000000
[   14.591172] (4)[217:disp_check][DDP/DSI]0x03a0: 0x00000000 0x00000000 0x00000000 0x00000000
[   14.591196] (4)[217:disp_check][DDP/DSI]0x03b0: 0x00000000 0x00000000 0x00000000 0x00000000
[   14.591221] (4)[217:disp_check][DDP/DSI]0x03c0: 0x00000000 0x00000000 0x00000000 0x00000000
[   14.591246] (4)[217:disp_check][DDP/DSI]0x03d0: 0x00000000 0x00000000 0x00000000 0x00000000
[   14.591271] (4)[217:disp_check][DDP/DSI]0x03e0: 0x00000000 0x00000000 0x00000000 0x00000000
[   14.591295] (4)[217:disp_check][DDP/DSI]0x03f0: 0x00000000 0x00000000 0x00000000 0x00000000
[   14.591320] (4)[217:disp_check][DDP/DSI]0x0400: 0x00000000 0x00000000 0x00000000 0x00000000
[   14.591345] (4)[217:disp_check][DDP/DSI]0x0410: 0x00000001 0x00000000 0x00000000 0x00000000
[   14.591370] (4)[217:disp_check][DDP/DSI]0x0420: 0x00000000 0x00000001 0x00000000 0x00000000
[   14.591395] (4)[217:disp_check][DDP/DSI]0x0430: 0x00000001 0x00000001 0x00000000 0x00000000
[   14.591420] (4)[217:disp_check][DDP/DSI]0x0440: 0x00000000 0x00000000 0x00000100 0x00000100
[   14.591444] (4)[217:disp_check][DDP/DSI]0x0450: 0x00000100 0x00000100 0x00000000 0x00000000
[   14.591469] (4)[217:disp_check][DDP/DSI]0x0460: 0x00000000 0x00000000 0x00000100 0x00000100
[   14.591494] (4)[217:disp_check][DDP/DSI]0x0470: 0x00000000 0x00000000 0x00000000 0x00000000
[   14.591519] (4)[217:disp_check][DDP/DSI]0x0480: 0x00000100 0x00000100 0x00000100 0x00000100
[   14.591544] (4)[217:disp_check][DDP/DSI]0x0490: 0x00000100 0x00000100 0x00000100 0x00000100
[   14.591569] (4)[217:disp_check][DDP/DSI]0x04a0: 0x00000000 0x00000000 0x00000000 0x00000000
[   14.591598] (4)[217:disp_check][DDP/DSI]0x04b0: 0x00000000 0x00000000 0x00000000 0x00000000
[   14.591628] (4)[217:disp_check][DDP/DSI]0x04c0: 0x00000000 0x00000000 0x00000000 0x00000000
[   14.591659] (4)[217:disp_check][DDP/DSI]0x04d0: 0x00000000 0x00000000 0x00000000 0x00000000
[   14.591690] (4)[217:disp_check][DDP/DSI]0x04e0: 0x00000000 0x00000000 0x00000000 0x00000000
[   14.591720] (4)[217:disp_check][DDP/DSI]0x04f0: 0x00000000 0x00000000 0x00000000 0x00000000
[   14.591751] (4)[217:disp_check][DDP/DSI]0x0500: 0x00000000 0x00000000 0x00000000 0x00000000
[   14.591782] (4)[217:disp_check][DDP/DSI]0x0510: 0x00000000 0x00000000 0x00000000 0x00000000
[   14.591812] (4)[217:disp_check][DDP/DSI]0x0520: 0x00000000 0x00000000 0x00000000 0x00000000
[   14.591843] (4)[217:disp_check][DDP/DSI]0x0530: 0x00000001 0x00000001 0x00000000 0x00000000
[   14.591873] (4)[217:disp_check][DDP/DSI]0x0540: 0x00000000 0x00000000 0x00000000 0x00000100
[   14.591904] (4)[217:disp_check][DDP/DSI]0x0550: 0x00000100 0x00000100 0x00000000 0x00000000
[   14.591934] (4)[217:disp_check][DDP/DSI]0x0560: 0x00000000 0x00000000 0x00000000 0x00000100
[   14.591965] (4)[217:disp_check][DDP/DSI]0x0570: 0x00000000 0x00000000 0x00000000 0x00000000
[   14.591995] (4)[217:disp_check][DDP/DSI]0x0580: 0x00000000 0x00000000 0x00000000 0x00000000
[   14.592025] (4)[217:disp_check][DDP/DSI]0x0590: 0x00000000 0x00000000 0x00000000 0x00000000
[   14.592056] (4)[217:disp_check][DDP/DSI]0x05a0: 0x00000000 0x00000000 0x00000000 0x00000000
[   14.592086] (4)[217:disp_check][DDP/DSI]0x05b0: 0x00000000 0x00000000 0x00000000 0x00000000
[   14.592117] (4)[217:disp_check][DDP/DSI]0x05c0: 0x00000000 0x00000000 0x00000000 0x00000000
[   14.592147] (4)[217:disp_check][DDP/DSI]0x05d0: 0x00000000 0x00000000 0x00000000 0x00000000
[   14.592178] (4)[217:disp_check][DDP/DSI]0x05e0: 0x00000000 0x00000000 0x00000000 0x00000000
[   14.592209] (4)[217:disp_check][DDP/DSI]0x05f0: 0x00000000 0x00000000 0x00000000 0x00000000
[   14.592240] (4)[217:disp_check][DDP/DSI]0x0600: 0x00000000 0x00000000 0x00000000 0x00000000
[   14.592270] (4)[217:disp_check][DDP/DSI]0x0610: 0x00000000 0x00000000 0x00000000 0x00000000
[   14.592301] (4)[217:disp_check][DDP/DSI]0x0620: 0x00000000 0x00000000 0x00000000 0x00000000
[   14.592332] (4)[217:disp_check][DDP/DSI]0x0630: 0x00000000 0x00000000 0x00000000 0x00000000
[   14.592362] (4)[217:disp_check][DDP/DSI]0x0640: 0x00000000 0x00000000 0x00000000 0x00000000
[   14.592393] (4)[217:disp_check][DDP/DSI]0x0650: 0x00000000 0x00000000 0x00000000 0x00000000
[   14.592424] (4)[217:disp_check][DDP/DSI]0x0660: 0x00000000 0x00000000 0x00000000 0x00000000
[   14.592454] (4)[217:disp_check][DDP/DSI]0x0670: 0x00000000 0x00000000 0x00000000 0x00000000
[   14.592485] (4)[217:disp_check][DDP/DSI]0x0680: 0x00000000 0x00000000 0x00000000 0x00000000
[   14.592516] (4)[217:disp_check][DDP/DSI]0x0690: 0x00000000 0x00000000 0x00000000 0x00000000
[   14.592598] (4)[217:disp_check][DISP][primary_display_check_recovery_worker_kthread #641]ERROR:[ESD]esd check fail, will do esd recovery. try=0
[   14.614355] (6)[341:recovery]F2FS-fs (mmcblk0p46): Magic Mismatch, valid(0xf2f52010) - read(0xad933c39)
[   14.614374] (6)[341:recovery]F2FS-fs (mmcblk0p46): Can't find valid F2FS filesystem in 1th superblock
[   14.614538] (6)[341:recovery]F2FS-fs (mmcblk0p46): Magic Mismatch, valid(0xf2f52010) - read(0xf042bd88)
[   14.614546] (6)[341:recovery]F2FS-fs (mmcblk0p46): Can't find valid F2FS filesystem in 2th superblock
[   14.614892] (6)[341:recovery]F2FS-fs (mmcblk0p46): Magic Mismatch, valid(0xf2f52010) - read(0xad933c39)
[   14.614904] (6)[341:recovery]F2FS-fs (mmcblk0p46): Can't find valid F2FS filesystem in 1th superblock
[   14.615111] (6)[341:recovery]F2FS-fs (mmcblk0p46): Magic Mismatch, valid(0xf2f52010) - read(0xf042bd88)
[   14.615122] (6)[341:recovery]F2FS-fs (mmcblk0p46): Can't find valid F2FS filesystem in 2th superblock
[   14.623309] (6)[341:recovery]EXT4-fs (dm-1): couldn't mount RDWR because of unsupported optional features (4000)
[   14.623668] (6)[341:recovery]EXT4-fs (dm-1): couldn't mount RDWR because of unsupported optional features (4000)
[   14.631249] (6)[341:recovery]EXT4-fs (dm-0): couldn't mount RDWR because of unsupported optional features (4000)
[   14.631664] (6)[341:recovery]EXT4-fs (dm-0): couldn't mount RDWR because of unsupported optional features (4000)
[   14.637276] (4)[341:recovery]EXT4-fs (dm-2): couldn't mount RDWR because of unsupported optional features (4000)
[   14.637613] (4)[341:recovery]EXT4-fs (dm-2): couldn't mount RDWR because of unsupported optional features (4000)
[   14.646375] (4)[341:recovery]EXT4-fs (dm-3): couldn't mount RDWR because of unsupported optional features (4000)
[   14.646708] (4)[341:recovery]EXT4-fs (dm-3): couldn't mount RDWR because of unsupported optional features (4000)
[   14.654005] (4)[341:recovery]EXT4-fs (dm-4): couldn't mount RDWR because of unsupported optional features (4000)
[   14.654312] (4)[341:recovery]EXT4-fs (dm-4): couldn't mount RDWR because of unsupported optional features (4000)
[   14.656390] (4)[341:recovery]EXT4-fs (dm-5): couldn't mount RDWR because of unsupported optional features (4000)
[   14.656681] (4)[341:recovery]EXT4-fs (dm-5): couldn't mount RDWR because of unsupported optional features (4000)
[   14.658813] (4)[341:recovery]EXT4-fs (dm-8): couldn't mount RDWR because of unsupported optional features (4000)
[   14.659096] (4)[341:recovery]EXT4-fs (dm-8): couldn't mount RDWR because of unsupported optional features (4000)
[   14.661129] (4)[341:recovery]EXT4-fs (dm-9): couldn't mount RDWR because of unsupported optional features (4000)
[   14.661397] (4)[341:recovery]EXT4-fs (dm-9): couldn't mount RDWR because of unsupported optional features (4000)
[   14.669075] (4)[341:recovery]EXT4-fs (dm-10): couldn't mount RDWR because of unsupported optional features (4000)
[   14.669390] (4)[341:recovery]EXT4-fs (dm-10): couldn't mount RDWR because of unsupported optional features (4000)
[   14.676785] (4)[341:recovery]EXT4-fs (dm-7): couldn't mount RDWR because of unsupported optional features (4000)
[   14.677082] (4)[341:recovery]EXT4-fs (dm-7): couldn't mount RDWR because of unsupported optional features (4000)
[   14.684687] (4)[341:recovery]EXT4-fs (dm-6): couldn't mount RDWR because of unsupported optional features (4000)
[   14.684956] (4)[341:recovery]EXT4-fs (dm-6): couldn't mount RDWR because of unsupported optional features (4000)
[   14.692917] (5)[341:recovery]EXT4-fs (dm-11): couldn't mount RDWR because of unsupported optional features (4000)
[   14.693286] (5)[341:recovery]EXT4-fs (dm-11): couldn't mount RDWR because of unsupported optional features (4000)
[   14.714040] (3)[58:kworker/3:1]oppo_custome_sync_work is called
[   14.714076] (2)[56:kworker/2:1]oppo_custome_sync_work: file /dev/block/by-name/oppo_custom is no exit
[   14.714341] (2)[56:kworker/2:1][Thermal/TZ/PMIC] [tsbuck2_raw_to_temp] 655, 391649, 1000000, -1863
[   14.714355] (2)[56:kworker/2:1][Thermal/TZ/PMIC] [tsbuck2_raw_to_temp] t_current=40066
[   14.714362] (2)[56:kworker/2:1][Thermal/TZ/PMIC] mt6357tsbuck2_get_hw_temp raw=655 T=40066
[   14.714369] (2)[56:kworker/2:1][Thermal/TZ/PMIC] mt6357tsbuck2_get_hw_temp pre_tsbuck2_temp1=40066
[   14.733179] (4)[217:disp_check][TP]touchpanel: g_tp->gesture_enable is 0
[   14.733200] (4)[217:disp_check]lcm_tp_suspend_power_off
[   14.733208] (4)[217:disp_check][lcm]set vsn value is 0
[   14.735248] (4)[217:disp_check][lcm]set vsp value is 0
[   14.737092] (4)[217:disp_check][lcm]set vsp value is 1
[   14.740146] (4)[217:disp_check][lcm]set vsn value is 1
[   14.740184] (4)[217:disp_check]display_bias_setting
[   14.766005] (4)[217:disp_check][TP]touchpanel: lcd_queue_load_tp_fw
[   14.766047] (4)[217:disp_check][TP]ILITEK: [INFO](ilitek_reset_queue_work_prepare, 2373): 
[   14.766072] (4)[217:disp_check][TP]ILITEK: [INFO](ili_reset_ctrl, 2109): TP HW RST
[   14.766095] (4)[217:disp_check][TP]ILITEK: [INFO](ili_tp_reset, 2248): edge delay = 10
[   14.782529] (4)[7:kworker/u16:0][TP]touchpanel: lcd_trigger_load_tp_fw start
[   14.782550] (4)[7:kworker/u16:0][TP]ILITEK: [INFO](ilitek_reset, 2389): ilitek_reset.
[   14.828847] (4)[341:recovery]EXT4-fs (dm-1): mounted filesystem without journal. Opts: 
[   14.872703] (4)[7:kworker/u16:0][TP]ILITEK: [ERR](ilitek_tddi_fw_iram_upgrade, 518): CRC Error! print iram data with first 16 bytes
[   14.875180] \x0a
[   14.875203] ILITEK: Dump IRAM data
[   14.875214] ILITEK:     0     0     0     0    ff    ff    ff    52    bf    1e     9    ff    ff    ff    ff    ff \x0a
[   14.875265] (4)[7:kworker/u16:0][TP]ILITEK: [INFO](ili_fw_dump_iram_data, 326): Dump IRAM SUCCESS
[   14.875280] (4)[7:kworker/u16:0][TP]ILITEK: [ERR](ili_fw_upgrade, 1059): Upgrade failed, do retry!
[   14.875295] (4)[7:kworker/u16:0][TP]ILITEK: [INFO](ili_reset_ctrl, 2109): TP HW RST
[   14.875310] (4)[7:kworker/u16:0][TP]ILITEK: [INFO](ili_tp_reset, 2248): edge delay = 10
[   14.904991] (6)[341:recovery]EXT4-fs (dm-1): mounted filesystem without journal. Opts: 
[   14.938302] (5)[217:disp_check][lcm] cabc set level 0
[   14.938490] (5)[217:disp_check][GAMMA] disp_gamma_write_lut_reg: table [0] not initialized\x0a
[   14.939081] -(5)[217:disp_check]CPU: 5 PID: 217 Comm: disp_check Tainted: G        W         4.19.127+ #1
[   14.939099] -(5)[217:disp_check]Hardware name: MT6765G (DT)
[   14.939114] -(5)[217:disp_check]Call trace:
[   14.939141] -(5)[217:disp_check] dump_backtrace+0x0/0x164
[   14.939160] -(5)[217:disp_check] show_stack+0x20/0x2c
[   14.939180] -(5)[217:disp_check] dump_stack+0xb8/0xf0
[   14.939201] -(5)[217:disp_check] _primary_path_unlock+0xf0/0x10c
[   14.939221] -(5)[217:disp_check] primary_display_manual_unlock+0x10/0x1c
[   14.939240] -(5)[217:disp_check] primary_display_esd_recovery+0x42c/0x4bc
[   14.939259] -(5)[217:disp_check] primary_display_check_recovery_worker_kthread+0x1a4/0x280
[   14.939277] -(5)[217:disp_check] kthread+0x114/0x124
[   14.939295] -(5)[217:disp_check] ret_from_fork+0x10/0x18
[   14.945738] (6)[341:recovery]EXT4-fs (dm-2): mounted filesystem without journal. Opts: 
[   14.957042] (6)[341:recovery]EXT4-fs (dm-1): mounted filesystem without journal. Opts: 
[   14.986647] (6)[341:recovery]EXT4-fs (dm-1): mounted filesystem without journal. Opts: 
[   14.991660] (5)[7:kworker/u16:0][TP]ILITEK: [INFO](ili_reset_ctrl, 2089): TP IC Code RST 
[   14.991811] (5)[7:kworker/u16:0][TP]ILITEK: [INFO](ili_fw_upgrade, 1075): Upgrade pass
[   15.033591] (2)[341:recovery]EXT4-fs (dm-1): mounted filesystem without journal. Opts: 
[   15.042921] (1)[7:kworker/u16:0][TP]ILITEK: [INFO](ili_ic_get_fw_ver, 774): manufacture_info.version: AA070II05
[   15.042940] (1)[7:kworker/u16:0][TP]ILITEK: [INFO](ili_fw_upgrade_handler, 1829): FW upgrade pass
[   15.043360] (4)[421:irq/17-touchpan][TP]ILITEK: [ERR](ili_report_handler, 2027): Checksum Error (0x42)! Pack = 0xA3, len = 43
[   15.043395] (4)[421:irq/17-touchpan][TP]ILITEK: [ERR](ilitek_trigger_reason, 2473): get point info error ignore
[   15.075557] (4)[341:recovery]EXT4-fs (dm-1): mounted filesystem without journal. Opts: 
[   15.187730] (5)[341:recovery]EXT4-fs (dm-1): mounted filesystem without journal. Opts: 
[   15.204871] (5)[341:recovery]EXT4-fs (dm-0): mounted filesystem without journal. Opts: 
[   15.229798] (4)[421:irq/17-touchpan][TP]touchpanel: touchpanel: Touchpanel id 2 :Down[ 250 1239    5]
[   15.290177] (7)[388:kworker/7:1H][msdc]msdc1 -> !!! Set<260KHz> Source<200000KHz> -> sclk<259KHz> timing<0> mode<0> div<193> hs400_div_dis<0>
[   15.291742] (7)[388:kworker/7:1H][msdc]msdc1 -> !!! Set<400KHz> Source<200000KHz> -> sclk<400KHz> timing<0> mode<0> div<125> hs400_div_dis<0>
[   15.586745] (7)[388:kworker/7:1H][msdc]msdc1 -> !!! Set<50000KHz> Source<200000KHz> -> sclk<50000KHz> timing<2> mode<0> div<1> hs400_div_dis<0>
[   15.637390] (5)[421:irq/17-touchpan][TP]touchpanel: touchpanel: Touchpanel id 2 :Down[ 112 1125    6]
[   15.652061] (6)[341:recovery]FAT-fs (mmcblk1p1): Volume was not properly unmounted. Some data may be corrupt. Please run fsck.
[   15.676075] (1)[341:recovery]F2FS-fs (mmcblk0p46): Magic Mismatch, valid(0xf2f52010) - read(0xad933c39)
[   15.676102] (1)[341:recovery]F2FS-fs (mmcblk0p46): Can't find valid F2FS filesystem in 1th superblock
[   15.676353] (7)[341:recovery]F2FS-fs (mmcblk0p46): Magic Mismatch, valid(0xf2f52010) - read(0xf042bd88)
[   15.676367] (7)[341:recovery]F2FS-fs (mmcblk0p46): Can't find valid F2FS filesystem in 2th superblock
[   15.676765] (7)[341:recovery]F2FS-fs (mmcblk0p46): Magic Mismatch, valid(0xf2f52010) - read(0xad933c39)
[   15.676776] (7)[341:recovery]F2FS-fs (mmcblk0p46): Can't find valid F2FS filesystem in 1th superblock
[   15.676968] (7)[341:recovery]F2FS-fs (mmcblk0p46): Magic Mismatch, valid(0xf2f52010) - read(0xf042bd88)
[   15.676977] (7)[341:recovery]F2FS-fs (mmcblk0p46): Can't find valid F2FS filesystem in 2th superblock
[   15.732183] (5)[647:usb ffs open]read descriptors
[   15.732213] (5)[647:usb ffs open]read strings
[   15.738270] (3)[58:kworker/3:1]oppo_custome_sync_work is called
[   15.738343] (2)[56:kworker/2:1]oppo_custome_sync_work: file /dev/block/by-name/oppo_custom is no exit
[   15.742320] (2)[56:kworker/2:1][Thermal/TZ/PMIC] [tsbuck2_raw_to_temp] 655, 391649, 1000000, -1863
[   15.742339] (2)[56:kworker/2:1][Thermal/TZ/PMIC] [tsbuck2_raw_to_temp] t_current=40066
[   15.742345] (2)[56:kworker/2:1][Thermal/TZ/PMIC] mt6357tsbuck2_get_hw_temp raw=655 T=40066
[   15.742351] (2)[56:kworker/2:1][Thermal/TZ/PMIC] mt6357tsbuck2_get_hw_temp pre_tsbuck2_temp1=40066
[   15.752108] (2)[341:recovery][M4U] m4u_fb_notifier_callback 1, 9
[   15.752119] (2)[341:recovery][black_check]: black_fb_notifier_callback:event = 1 status:3
[   15.752125] (2)[341:recovery][bright_check]: bright_fb_notifier_callback:event = 1,status:3
[   15.752132] (2)[341:recovery][WAKELOCK_PROFILE]ws_fb_notify_callback: val=1, blank=0
[   15.752139] (2)[341:recovery]gf_tee: [info] goodix_fb_state_chg_callback go to the goodix_fb_state_chg_callback value = 1
[   15.755995] (0)[341:recovery]regulator_vibrator activate_store(258) :set activate duration = 1, 40
[   15.756013] (0)[341:recovery]regulator_vibrator vibrator_enable(198) :cancel hrtimer, cust:50-15000, dur:40, shutdown:0
[   15.756055] (4)[7:kworker/u16:0]regulator_vibrator update_vibrator(171) :vibr_state = 1
[   15.802101] (2)[341:recovery][M4U] m4u_fb_notifier_callback 1, 9
[   15.802113] (2)[341:recovery][black_check]: black_fb_notifier_callback:event = 1 status:3
[   15.802119] (2)[341:recovery][bright_check]: bright_fb_notifier_callback:event = 1,status:3
[   15.802126] (2)[341:recovery][WAKELOCK_PROFILE]ws_fb_notify_callback: val=1, blank=0
[   15.802133] (2)[341:recovery]gf_tee: [info] goodix_fb_state_chg_callback go to the goodix_fb_state_chg_callback value = 1
[   15.802860] (2)[341:recovery]regulator_vibrator activate_store(258) :set activate duration = 1, 40
[   15.802877] (2)[341:recovery]regulator_vibrator vibrator_enable(198) :cancel hrtimer, cust:50-15000, dur:40, shutdown:0
[   15.803117] (4)[7:kworker/u16:0]regulator_vibrator update_vibrator(171) :vibr_state = 1
[   15.803153] (4)[7:kworker/u16:0]regulator_vibrator vibr_enable(147) :vibr_reg already enabled.
[   15.853105] (4)[7:kworker/u16:0]regulator_vibrator update_vibrator(171) :vibr_state = 0
[   15.866157] (5)[7:kworker/u16:0][SCP] scp_ipi_send: SCP A not ready
[   15.866170] (5)[7:kworker/u16:0][sensorHub] scp_ipi_send fail
[   15.866333] (2)[56:kworker/2:1][sensorHub] scp_sensorHub_req_send fail!
[   15.868511] (2)[341:recovery][M4U] m4u_fb_notifier_callback 1, 9
[   15.868521] (2)[341:recovery][black_check]: black_fb_notifier_callback:event = 1 status:3
[   15.868527] (2)[341:recovery][bright_check]: bright_fb_notifier_callback:event = 1,status:3
[   15.868534] (2)[341:recovery][WAKELOCK_PROFILE]ws_fb_notify_callback: val=1, blank=0
[   15.868541] (2)[341:recovery]gf_tee: [info] goodix_fb_state_chg_callback go to the goodix_fb_state_chg_callback value = 1
[   15.951601] (0)[341:recovery][M4U] m4u_fb_notifier_callback 1, 9
[   15.951608] (0)[341:recovery][black_check]: black_fb_notifier_callback:event = 1 status:3
[   15.951611] (0)[341:recovery][bright_check]: bright_fb_notifier_callback:event = 1,status:3
[   15.951614] (0)[341:recovery][WAKELOCK_PROFILE]ws_fb_notify_callback: val=1, blank=0
[   15.951618] (0)[341:recovery]gf_tee: [info] goodix_fb_state_chg_callback go to the goodix_fb_state_chg_callback value = 1
[   16.034824] (0)[341:recovery][M4U] m4u_fb_notifier_callback 1, 9
[   16.034836] (0)[341:recovery][black_check]: black_fb_notifier_callback:event = 1 status:3
[   16.034842] (0)[341:recovery][bright_check]: bright_fb_notifier_callback:event = 1,status:3
[   16.034849] (0)[341:recovery][WAKELOCK_PROFILE]ws_fb_notify_callback: val=1, blank=0
[   16.034857] (0)[341:recovery]gf_tee: [info] goodix_fb_state_chg_callback go to the goodix_fb_state_chg_callback value = 1
[   16.064677] (2)[640:recovery]mtp_open
[   16.065008] (2)[640:recovery]mtp_open
[   16.065015] (2)[640:recovery]MTP, <mtp_open(), 1951> BUSY
[   16.065028] (2)[640:recovery]mtp_release
[   16.117813] (0)[341:recovery][M4U] m4u_fb_notifier_callback 1, 9
[   16.117820] (0)[341:recovery][black_check]: black_fb_notifier_callback:event = 1 status:3
[   16.117823] (0)[341:recovery][bright_check]: bright_fb_notifier_callback:event = 1,status:3
[   16.117827] (0)[341:recovery][WAKELOCK_PROFILE]ws_fb_notify_callback: val=1, blank=0
[   16.117831] (0)[341:recovery]gf_tee: [info] goodix_fb_state_chg_callback go to the goodix_fb_state_chg_callback value = 1
[   16.201155] (0)[341:recovery][M4U] m4u_fb_notifier_callback 1, 9
[   16.201167] (0)[341:recovery][black_check]: black_fb_notifier_callback:event = 1 status:3
[   16.201173] (0)[341:recovery][bright_check]: bright_fb_notifier_callback:event = 1,status:3
[   16.201180] (0)[341:recovery][WAKELOCK_PROFILE]ws_fb_notify_callback: val=1, blank=0
[   16.201187] (0)[341:recovery]gf_tee: [info] goodix_fb_state_chg_callback go to the goodix_fb_state_chg_callback value = 1
[   16.244785] (4)[421:irq/17-touchpan][TP]touchpanel: touchpanel: Touchpanel id 3 :Down[ 144 1095    1]
[   16.284283] (0)[341:recovery][M4U] m4u_fb_notifier_callback 1, 9
[   16.284295] (0)[341:recovery][black_check]: black_fb_notifier_callback:event = 1 status:3
[   16.284301] (0)[341:recovery][bright_check]: bright_fb_notifier_callback:event = 1,status:3
[   16.284307] (0)[341:recovery][WAKELOCK_PROFILE]ws_fb_notify_callback: val=1, blank=0
[   16.284315] (0)[341:recovery]gf_tee: [info] goodix_fb_state_chg_callback go to the goodix_fb_state_chg_callback value = 1
[   16.367442] (0)[341:recovery][M4U] m4u_fb_notifier_callback 1, 9
[   16.367454] (0)[341:recovery][black_check]: black_fb_notifier_callback:event = 1 status:3
[   16.367460] (0)[341:recovery][bright_check]: bright_fb_notifier_callback:event = 1,status:3
[   16.367467] (0)[341:recovery][WAKELOCK_PROFILE]ws_fb_notify_callback: val=1, blank=0
[   16.367475] (0)[341:recovery]gf_tee: [info] goodix_fb_state_chg_callback go to the goodix_fb_state_chg_callback value = 1
[   16.450574] (0)[341:recovery][M4U] m4u_fb_notifier_callback 1, 9
[   16.450586] (0)[341:recovery][black_check]: black_fb_notifier_callback:event = 1 status:3
[   16.450592] (0)[341:recovery][bright_check]: bright_fb_notifier_callback:event = 1,status:3
[   16.450599] (0)[341:recovery][WAKELOCK_PROFILE]ws_fb_notify_callback: val=1, blank=0
[   16.450606] (0)[341:recovery]gf_tee: [info] goodix_fb_state_chg_callback go to the goodix_fb_state_chg_callback value = 1
[   16.451538] (0)[341:recovery]regulator_vibrator activate_store(258) :set activate duration = 1, 40
[   16.451555] (0)[341:recovery]regulator_vibrator vibrator_enable(198) :cancel hrtimer, cust:50-15000, dur:40, shutdown:0
[   16.451743] (1)[7:kworker/u16:0]regulator_vibrator update_vibrator(171) :vibr_state = 1
[   16.500442] (0)[341:recovery][M4U] m4u_fb_notifier_callback 1, 9
[   16.500454] (0)[341:recovery][black_check]: black_fb_notifier_callback:event = 1 status:3
[   16.500460] (0)[341:recovery][bright_check]: bright_fb_notifier_callback:event = 1,status:3
[   16.500466] (0)[341:recovery][WAKELOCK_PROFILE]ws_fb_notify_callback: val=1, blank=0
[   16.500474] (0)[341:recovery]gf_tee: [info] goodix_fb_state_chg_callback go to the goodix_fb_state_chg_callback value = 1
[   16.501688] (1)[7:kworker/u16:0]regulator_vibrator update_vibrator(171) :vibr_state = 0
[   16.550426] (0)[341:recovery][M4U] m4u_fb_notifier_callback 1, 9
[   16.550434] (0)[341:recovery][black_check]: black_fb_notifier_callback:event = 1 status:3
[   16.550436] (0)[341:recovery][bright_check]: bright_fb_notifier_callback:event = 1,status:3
[   16.550440] (0)[341:recovery][WAKELOCK_PROFILE]ws_fb_notify_callback: val=1, blank=0
[   16.550444] (0)[341:recovery]gf_tee: [info] goodix_fb_state_chg_callback go to the goodix_fb_state_chg_callback value = 1
[   16.666667] (0)[341:recovery][M4U] m4u_fb_notifier_callback 1, 9
[   16.666674] (0)[341:recovery][black_check]: black_fb_notifier_callback:event = 1 status:3
[   16.666677] (0)[341:recovery][bright_check]: bright_fb_notifier_callback:event = 1,status:3
[   16.666680] (0)[341:recovery][WAKELOCK_PROFILE]ws_fb_notify_callback: val=1, blank=0
[   16.666685] (0)[341:recovery]gf_tee: [info] goodix_fb_state_chg_callback go to the goodix_fb_state_chg_callback value = 1
[   16.685390] (5)[421:irq/17-touchpan][TP]touchpanel: touchpanel: Touchpanel id 1 :Down[ 705  650   10]
[   16.742811] (0)[341:recovery]regulator_vibrator activate_store(258) :set activate duration = 1, 40
[   16.742829] (0)[341:recovery]regulator_vibrator vibrator_enable(198) :cancel hrtimer, cust:50-15000, dur:40, shutdown:0
[   16.742954] (1)[7:kworker/u16:0]regulator_vibrator update_vibrator(171) :vibr_state = 1
[   16.762115] (3)[58:kworker/3:1]oppo_custome_sync_work is called
[   16.762149] (2)[56:kworker/2:1]oppo_custome_sync_work: file /dev/block/by-name/oppo_custom is no exit
[   16.762355] (2)[56:kworker/2:1][Thermal/TZ/PMIC] [tsbuck2_raw_to_temp] 655, 391649, 1000000, -1863
[   16.762364] (2)[56:kworker/2:1][Thermal/TZ/PMIC] [tsbuck2_raw_to_temp] t_current=40066
[   16.762369] (2)[56:kworker/2:1][Thermal/TZ/PMIC] mt6357tsbuck2_get_hw_temp raw=655 T=40066
[   16.762374] (2)[56:kworker/2:1][Thermal/TZ/PMIC] mt6357tsbuck2_get_hw_temp pre_tsbuck2_temp1=40066
[   16.767034] (0)[341:recovery]regulator_vibrator activate_store(258) :set activate duration = 1, 40
[   16.767041] (0)[341:recovery]regulator_vibrator vibrator_enable(198) :cancel hrtimer, cust:50-15000, dur:40, shutdown:0
[   16.767167] (1)[7:kworker/u16:0]regulator_vibrator update_vibrator(171) :vibr_state = 1
[   16.767173] (1)[7:kworker/u16:0]regulator_vibrator vibr_enable(147) :vibr_reg already enabled.
[   16.798627] (4)[647:usb ffs open]read descriptors
[   16.798683] (4)[647:usb ffs open]read strings
[   16.817199] (1)[7:kworker/u16:0]regulator_vibrator update_vibrator(171) :vibr_state = 0
[   16.833218] (3)[341:recovery][M4U] m4u_fb_notifier_callback 1, 9
[   16.833231] (3)[341:recovery][black_check]: black_fb_notifier_callback:event = 1 status:3
[   16.833237] (3)[341:recovery][bright_check]: bright_fb_notifier_callback:event = 1,status:3
[   16.833244] (3)[341:recovery][WAKELOCK_PROFILE]ws_fb_notify_callback: val=1, blank=0
[   16.833252] (3)[341:recovery]gf_tee: [info] goodix_fb_state_chg_callback go to the goodix_fb_state_chg_callback value = 1
[   16.865486] (0)[640:recovery]mtp_open
[   16.865541] (0)[640:recovery]MTP, <mtp_read(), 796> in\x0a, skip<0>
[   16.865565] (0)[14:kworker/0:1]MTP, <do_monitor_work(), 2033> IN <1 0 0 0 1 0 0 0 0 >
[   16.865571] (0)[14:kworker/0:1]MTP, <do_monitor_work(), 2040> OUT <0 0 0 0 0 0 0 0 0 >
[   16.890482] (2)[56:kworker/2:1][Thermal/TZ/PMIC] [tsbuck1_raw_to_temp] 655, 390576, 1000000, -1863
[   16.890499] (2)[56:kworker/2:1][Thermal/TZ/PMIC] [tsbuck1_raw_to_temp] t_current=38993
[   16.890504] (2)[56:kworker/2:1][Thermal/TZ/PMIC] mt6357tsbuck1_get_hw_temp raw=655 T=38993
[   16.890509] (2)[56:kworker/2:1][Thermal/TZ/PMIC] mt6357tsbuck1_get_hw_temp pre_tsbuck1_temp1=38993
[   16.916307] (0)[341:recovery][M4U] m4u_fb_notifier_callback 1, 9
[   16.916316] (0)[341:recovery][black_check]: black_fb_notifier_callback:event = 1 status:3
[   16.916319] (0)[341:recovery][bright_check]: bright_fb_notifier_callback:event = 1,status:3
[   16.916322] (0)[341:recovery][WAKELOCK_PROFILE]ws_fb_notify_callback: val=1, blank=0
[   16.916326] (0)[341:recovery]gf_tee: [info] goodix_fb_state_chg_callback go to the goodix_fb_state_chg_callback value = 1
[   16.982944] (2)[341:recovery][M4U] m4u_fb_notifier_callback 1, 9
[   16.982957] (2)[341:recovery][black_check]: black_fb_notifier_callback:event = 1 status:3
[   16.982963] (2)[341:recovery][bright_check]: bright_fb_notifier_callback:event = 1,status:3
[   16.982970] (2)[341:recovery][WAKELOCK_PROFILE]ws_fb_notify_callback: val=1, blank=0
[   16.982978] (2)[341:recovery]gf_tee: [info] goodix_fb_state_chg_callback go to the goodix_fb_state_chg_callback value = 1
[   17.049485] (2)[341:recovery][M4U] m4u_fb_notifier_callback 1, 9
[   17.049498] (2)[341:recovery][black_check]: black_fb_notifier_callback:event = 1 status:3
[   17.049504] (2)[341:recovery][bright_check]: bright_fb_notifier_callback:event = 1,status:3
[   17.049511] (2)[341:recovery][WAKELOCK_PROFILE]ws_fb_notify_callback: val=1, blank=0
[   17.049518] (2)[341:recovery]gf_tee: [info] goodix_fb_state_chg_callback go to the goodix_fb_state_chg_callback value = 1
[   17.116029] (0)[341:recovery][M4U] m4u_fb_notifier_callback 1, 9
[   17.116042] (0)[341:recovery][black_check]: black_fb_notifier_callback:event = 1 status:3
[   17.116048] (0)[341:recovery][bright_check]: bright_fb_notifier_callback:event = 1,status:3
[   17.116055] (0)[341:recovery][WAKELOCK_PROFILE]ws_fb_notify_callback: val=1, blank=0
[   17.116062] (0)[341:recovery]gf_tee: [info] goodix_fb_state_chg_callback go to the goodix_fb_state_chg_callback value = 1
[   17.182413] (0)[341:recovery][M4U] m4u_fb_notifier_callback 1, 9
[   17.182426] (0)[341:recovery][black_check]: black_fb_notifier_callback:event = 1 status:3
[   17.182432] (0)[341:recovery][bright_check]: bright_fb_notifier_callback:event = 1,status:3
[   17.182439] (0)[341:recovery][WAKELOCK_PROFILE]ws_fb_notify_callback: val=1, blank=0
[   17.182446] (0)[341:recovery]gf_tee: [info] goodix_fb_state_chg_callback go to the goodix_fb_state_chg_callback value = 1
[   17.248940] (0)[341:recovery][M4U] m4u_fb_notifier_callback 1, 9
[   17.248948] (0)[341:recovery][black_check]: black_fb_notifier_callback:event = 1 status:3
[   17.248951] (0)[341:recovery][bright_check]: bright_fb_notifier_callback:event = 1,status:3
[   17.248954] (0)[341:recovery][WAKELOCK_PROFILE]ws_fb_notify_callback: val=1, blank=0
[   17.248958] (0)[341:recovery]gf_tee: [info] goodix_fb_state_chg_callback go to the goodix_fb_state_chg_callback value = 1
[   17.315436] (0)[341:recovery][M4U] m4u_fb_notifier_callback 1, 9
[   17.315445] (0)[341:recovery][black_check]: black_fb_notifier_callback:event = 1 status:3
[   17.315448] (0)[341:recovery][bright_check]: bright_fb_notifier_callback:event = 1,status:3
[   17.315452] (0)[341:recovery][WAKELOCK_PROFILE]ws_fb_notify_callback: val=1, blank=0
[   17.315456] (0)[341:recovery]gf_tee: [info] goodix_fb_state_chg_callback go to the goodix_fb_state_chg_callback value = 1
[   17.359149] (6)[0:swapper/6][name:spm&]Power/swap DP: No enter --- SODI3: No enter --- SODI: No enter --- 
[   17.359268] (6)[0:swapper/6]mcdi cpu: 538, 561, 323, 382, 154, 300, 360, 277, cluster : 95, 102, pause = 13, multi core = 5, latency = 46, residency = 1, last core = 13, avail cpu = 00ff, cluster = 0003, enabled = 1, max_s_state = 5, system_idle_hint = 00000000
[   17.382088] (0)[341:recovery][M4U] m4u_fb_notifier_callback 1, 9
[   17.382101] (0)[341:recovery][black_check]: black_fb_notifier_callback:event = 1 status:3
[   17.382107] (0)[341:recovery][bright_check]: bright_fb_notifier_callback:event = 1,status:3
[   17.382113] (0)[341:recovery][WAKELOCK_PROFILE]ws_fb_notify_callback: val=1, blank=0
[   17.382121] (0)[341:recovery]gf_tee: [info] goodix_fb_state_chg_callback go to the goodix_fb_state_chg_callback value = 1
[   17.448576] (0)[341:recovery][M4U] m4u_fb_notifier_callback 1, 9
[   17.448589] (0)[341:recovery][black_check]: black_fb_notifier_callback:event = 1 status:3
[   17.448596] (0)[341:recovery][bright_check]: bright_fb_notifier_callback:event = 1,status:3
[   17.448603] (0)[341:recovery][WAKELOCK_PROFILE]ws_fb_notify_callback: val=1, blank=0
[   17.448610] (0)[341:recovery]gf_tee: [info] goodix_fb_state_chg_callback go to the goodix_fb_state_chg_callback value = 1
[   17.515126] (0)[341:recovery][M4U] m4u_fb_notifier_callback 1, 9
[   17.515139] (0)[341:recovery][black_check]: black_fb_notifier_callback:event = 1 status:3
[   17.515145] (0)[341:recovery][bright_check]: bright_fb_notifier_callback:event = 1,status:3
[   17.515152] (0)[341:recovery][WAKELOCK_PROFILE]ws_fb_notify_callback: val=1, blank=0
[   17.515160] (0)[341:recovery]gf_tee: [info] goodix_fb_state_chg_callback go to the goodix_fb_state_chg_callback value = 1
[   17.581620] (0)[341:recovery][M4U] m4u_fb_notifier_callback 1, 9
[   17.581633] (0)[341:recovery][black_check]: black_fb_notifier_callback:event = 1 status:3
[   17.581639] (0)[341:recovery][bright_check]: bright_fb_notifier_callback:event = 1,status:3
[   17.581646] (0)[341:recovery][WAKELOCK_PROFILE]ws_fb_notify_callback: val=1, blank=0
[   17.581654] (0)[341:recovery]gf_tee: [info] goodix_fb_state_chg_callback go to the goodix_fb_state_chg_callback value = 1
[   17.648137] (0)[341:recovery][M4U] m4u_fb_notifier_callback 1, 9
[   17.648150] (0)[341:recovery][black_check]: black_fb_notifier_callback:event = 1 status:3
[   17.648156] (0)[341:recovery][bright_check]: bright_fb_notifier_callback:event = 1,status:3
[   17.648163] (0)[341:recovery][WAKELOCK_PROFILE]ws_fb_notify_callback: val=1, blank=0
[   17.648170] (0)[341:recovery]gf_tee: [info] goodix_fb_state_chg_callback go to the goodix_fb_state_chg_callback value = 1
[   17.714654] (0)[341:recovery][M4U] m4u_fb_notifier_callback 1, 9
[   17.714667] (0)[341:recovery][black_check]: black_fb_notifier_callback:event = 1 status:3
[   17.714673] (0)[341:recovery][bright_check]: bright_fb_notifier_callback:event = 1,status:3
[   17.714680] (0)[341:recovery][WAKELOCK_PROFILE]ws_fb_notify_callback: val=1, blank=0
[   17.714688] (0)[341:recovery]gf_tee: [info] goodix_fb_state_chg_callback go to the goodix_fb_state_chg_callback value = 1
[   17.781164] (0)[341:recovery][M4U] m4u_fb_notifier_callback 1, 9
[   17.781177] (0)[341:recovery][black_check]: black_fb_notifier_callback:event = 1 status:3
[   17.781183] (0)[341:recovery][bright_check]: bright_fb_notifier_callback:event = 1,status:3
[   17.781190] (0)[341:recovery][WAKELOCK_PROFILE]ws_fb_notify_callback: val=1, blank=0
[   17.781198] (0)[341:recovery]gf_tee: [info] goodix_fb_state_chg_callback go to the goodix_fb_state_chg_callback value = 1
[   17.786223] (3)[58:kworker/3:1]oppo_custome_sync_work is called
[   17.786285] (2)[56:kworker/2:1]oppo_custome_sync_work: file /dev/block/by-name/oppo_custom is no exit
[   17.786436] (2)[56:kworker/2:1][Thermal/TZ/PMIC] [tsbuck2_raw_to_temp] 655, 391649, 1000000, -1863
[   17.786446] (2)[56:kworker/2:1][Thermal/TZ/PMIC] [tsbuck2_raw_to_temp] t_current=40066
[   17.786451] (2)[56:kworker/2:1][Thermal/TZ/PMIC] mt6357tsbuck2_get_hw_temp raw=655 T=40066
[   17.786455] (2)[56:kworker/2:1][Thermal/TZ/PMIC] mt6357tsbuck2_get_hw_temp pre_tsbuck2_temp1=40066
[   17.842697] (3)[647:usb ffs open]read descriptors
[   17.842709] (3)[647:usb ffs open]read strings
[   17.847560] (3)[341:recovery][M4U] m4u_fb_notifier_callback 1, 9
[   17.847573] (3)[341:recovery][black_check]: black_fb_notifier_callback:event = 1 status:3
[   17.847579] (3)[341:recovery][bright_check]: bright_fb_notifier_callback:event = 1,status:3
[   17.847585] (3)[341:recovery][WAKELOCK_PROFILE]ws_fb_notify_callback: val=1, blank=0
[   17.847593] (3)[341:recovery]gf_tee: [info] goodix_fb_state_chg_callback go to the goodix_fb_state_chg_callback value = 1
[   17.852447] (5)[118:watchdogd]watchdog0, mtk wdt ping, wdd->status=8
[   17.882090] (0)[14:kworker/0:1]MTP, <do_monitor_work(), 2033> IN <1 0 0 0 1 0 0 0 0 >
[   17.882108] (0)[14:kworker/0:1]MTP, <do_monitor_work(), 2040> OUT <0 0 0 0 0 0 0 0 0 >
[   17.913977] (3)[341:recovery][M4U] m4u_fb_notifier_callback 1, 9
[   17.913989] (3)[341:recovery][black_check]: black_fb_notifier_callback:event = 1 status:3
[   17.913996] (3)[341:recovery][bright_check]: bright_fb_notifier_callback:event = 1,status:3
[   17.914002] (3)[341:recovery][WAKELOCK_PROFILE]ws_fb_notify_callback: val=1, blank=0
[   17.914013] (3)[341:recovery]gf_tee: [info] goodix_fb_state_chg_callback go to the goodix_fb_state_chg_callback value = 1
[   17.918092] (1)[313:kworker/1:3]last full = 0, full = 0
[   17.925298] (2)[351:health@2.1-serv][OPLUS_CHG][oplus_ac_get_property]0 0 0 0 0 0 0 1 0 ac_online:0
[   17.925395] (2)[351:health@2.1-serv]bq2560x-charger 5-006b: bq2560x_charger_get_online: online = 0
[   17.925436] (2)[351:health@2.1-serv]healthd: battery l=50 v=3804 t=38.0 h=2 st=4 c=512 fc=0 chg=
[   17.926032] (2)[351:health@2.1-serv][OPLUS_CHG][oplus_ac_get_property]0 0 0 0 0 0 0 1 0 ac_online:0
[   17.926114] (2)[351:health@2.1-serv]bq2560x-charger 5-006b: bq2560x_charger_get_online: online = 0
[   17.926573] (1)[55:kworker/1:1]get prop 105 is not supported in batt
[   17.927677] (2)[351:health@2.1-serv][OPLUS_CHG][oplus_ac_get_property]0 0 0 0 0 0 0 1 0 ac_online:0
[   17.927774] (2)[351:health@2.1-serv]bq2560x-charger 5-006b: bq2560x_charger_get_online: online = 0
[   17.927813] (2)[351:health@2.1-serv]healthd: battery l=50 v=3804 t=38.0 h=2 st=4 c=498 fc=0 chg=
[   17.928352] (2)[351:health@2.1-serv][OPLUS_CHG][oplus_ac_get_property]0 0 0 0 0 0 0 1 0 ac_online:0
[   17.928428] (2)[351:health@2.1-serv]bq2560x-charger 5-006b: bq2560x_charger_get_online: online = 0
[   17.929973] (1)[313:kworker/1:3][bq2560x]:bq2560x_dump_regs: [00]=0x7f  [01]=0x0a  [02]=0x85  [03]=0x33  [04]=0x88  [05]=0x87  [06]=0x55  [07]=0x49  [08]=0x01  [09]=0x00  [0a]=0x03  [0b]=0x14  
[   17.930002] (1)[313:kworker/1:3][OPLUS_CHG][oplus_chg_print_log] CHGR[ 0 / 0 / 9 / 3 / 2 ], BAT[ 1 / 0 / 0 / 0 / 1 / 0 ], GAUGE[ 380 / 3804 / 3802 / 516 / -1 / 50 / 50 / 50 / -1 / 0 / 0 / 0 / 0 / 0 / 0 / 0 / 0 / 0 / 0 / 0 / 0 / 0 /], STATUS[ 0x0 / 0 / 0 / 0 / 0 / 0x0 ], OTHER[ 1 / 1 / 7 / 2 / 0/ 0 / -2740]
[   17.980501] (3)[341:recovery][M4U] m4u_fb_notifier_callback 1, 9
[   17.980513] (3)[341:recovery][black_check]: black_fb_notifier_callback:event = 1 status:3
[   17.980520] (3)[341:recovery][bright_check]: bright_fb_notifier_callback:event = 1,status:3
[   17.980527] (3)[341:recovery][WAKELOCK_PROFILE]ws_fb_notify_callback: val=1, blank=0
[   17.980534] (3)[341:recovery]gf_tee: [info] goodix_fb_state_chg_callback go to the goodix_fb_state_chg_callback value = 1
[   18.047096] (2)[341:recovery][M4U] m4u_fb_notifier_callback 1, 9
[   18.047108] (2)[341:recovery][black_check]: black_fb_notifier_callback:event = 1 status:3
[   18.047115] (2)[341:recovery][bright_check]: bright_fb_notifier_callback:event = 1,status:3
[   18.047121] (2)[341:recovery][WAKELOCK_PROFILE]ws_fb_notify_callback: val=1, blank=0
[   18.047129] (2)[341:recovery]gf_tee: [info] goodix_fb_state_chg_callback go to the goodix_fb_state_chg_callback value = 1
[   18.113561] (1)[341:recovery][M4U] m4u_fb_notifier_callback 1, 9
[   18.113573] (1)[341:recovery][black_check]: black_fb_notifier_callback:event = 1 status:3
[   18.113580] (1)[341:recovery][bright_check]: bright_fb_notifier_callback:event = 1,status:3
[   18.113587] (1)[341:recovery][WAKELOCK_PROFILE]ws_fb_notify_callback: val=1, blank=0
[   18.113594] (1)[341:recovery]gf_tee: [info] goodix_fb_state_chg_callback go to the goodix_fb_state_chg_callback value = 1
[   18.180049] (0)[341:recovery][M4U] m4u_fb_notifier_callback 1, 9
[   18.180061] (0)[341:recovery][black_check]: black_fb_notifier_callback:event = 1 status:3
[   18.180067] (0)[341:recovery][bright_check]: bright_fb_notifier_callback:event = 1,status:3
[   18.180074] (0)[341:recovery][WAKELOCK_PROFILE]ws_fb_notify_callback: val=1, blank=0
[   18.180081] (0)[341:recovery]gf_tee: [info] goodix_fb_state_chg_callback go to the goodix_fb_state_chg_callback value = 1
[   18.180682] (0)[341:recovery]regulator_vibrator activate_store(258) :set activate duration = 1, 40
[   18.180698] (0)[341:recovery]regulator_vibrator vibrator_enable(198) :cancel hrtimer, cust:50-15000, dur:40, shutdown:0
[   18.180884] (3)[7:kworker/u16:0]regulator_vibrator update_vibrator(171) :vibr_state = 1
[   18.230177] (0)[341:recovery][M4U] m4u_fb_notifier_callback 1, 9
[   18.230190] (0)[341:recovery][black_check]: black_fb_notifier_callback:event = 1 status:3
[   18.230196] (0)[341:recovery][bright_check]: bright_fb_notifier_callback:event = 1,status:3
[   18.230203] (0)[341:recovery][WAKELOCK_PROFILE]ws_fb_notify_callback: val=1, blank=0
[   18.230211] (0)[341:recovery]gf_tee: [info] goodix_fb_state_chg_callback go to the goodix_fb_state_chg_callback value = 1
[   18.230902] (1)[7:kworker/u16:0]regulator_vibrator update_vibrator(171) :vibr_state = 0
[   18.296709] (0)[341:recovery][M4U] m4u_fb_notifier_callback 1, 9
[   18.296721] (0)[341:recovery][black_check]: black_fb_notifier_callback:event = 1 status:3
[   18.296728] (0)[341:recovery][bright_check]: bright_fb_notifier_callback:event = 1,status:3
[   18.296734] (0)[341:recovery][WAKELOCK_PROFILE]ws_fb_notify_callback: val=1, blank=0
[   18.296742] (0)[341:recovery]gf_tee: [info] goodix_fb_state_chg_callback go to the goodix_fb_state_chg_callback value = 1
[   18.404585] (5)[1:init]init: starting service 'cryptoeng-1-0'...
[   18.415592] (7)[1:init]init: Service 'cryptoeng-1-0' (pid 655) exited with status 1
[   18.415713] (7)[1:init]init: Sending signal 9 to service 'cryptoeng-1-0' (pid 655) process group...
[   18.416090] (7)[1:init]libprocessgroup: Successfully killed process cgroup uid 0 pid 655 in 0ms
[   18.645896] (0)[341:recovery][M4U] m4u_fb_notifier_callback 1, 9
[   18.646008] (0)[341:recovery][black_check]: black_fb_notifier_callback:event = 1 status:3
[   18.646014] (0)[341:recovery][bright_check]: bright_fb_notifier_callback:event = 1,status:3
[   18.646021] (0)[341:recovery][WAKELOCK_PROFILE]ws_fb_notify_callback: val=1, blank=0
[   18.646029] (0)[341:recovery]gf_tee: [info] goodix_fb_state_chg_callback go to the goodix_fb_state_chg_callback value = 1
[   18.810129] (3)[58:kworker/3:1]oppo_custome_sync_work is called
[   18.810174] (2)[56:kworker/2:1]oppo_custome_sync_work: file /dev/block/by-name/oppo_custom is no exit
[   18.810345] (2)[56:kworker/2:1][Thermal/TZ/PMIC] [tsbuck2_raw_to_temp] 655, 391649, 1000000, -1863
[   18.810355] (2)[56:kworker/2:1][Thermal/TZ/PMIC] [tsbuck2_raw_to_temp] t_current=40066
[   18.810360] (2)[56:kworker/2:1][Thermal/TZ/PMIC] mt6357tsbuck2_get_hw_temp raw=655 T=40066
[   18.810365] (2)[56:kworker/2:1][Thermal/TZ/PMIC] mt6357tsbuck2_get_hw_temp pre_tsbuck2_temp1=40066
[   18.905927] (0)[14:kworker/0:1]MTP, <do_monitor_work(), 2033> IN <1 0 0 0 1 0 0 0 0 >
[   18.905944] (0)[14:kworker/0:1]MTP, <do_monitor_work(), 2040> OUT <0 0 0 0 0 0 0 0 0 >
[   18.910572] (3)[647:usb ffs open]read descriptors
[   18.910591] (3)[647:usb ffs open]read strings
[   18.970556] (0)[341:recovery]regulator_vibrator activate_store(258) :set activate duration = 1, 40
[   18.970573] (0)[341:recovery]regulator_vibrator vibrator_enable(198) :cancel hrtimer, cust:50-15000, dur:40, shutdown:0
[   18.970697] (1)[262:kworker/u16:2]regulator_vibrator update_vibrator(171) :vibr_state = 1
[   19.020753] (1)[262:kworker/u16:2]regulator_vibrator update_vibrator(171) :vibr_state = 0
[   19.028140] (0)[341:recovery][M4U] m4u_fb_notifier_callback 1, 9
[   19.028151] (0)[341:recovery][black_check]: black_fb_notifier_callback:event = 1 status:3
[   19.028157] (0)[341:recovery][bright_check]: bright_fb_notifier_callback:event = 1,status:3
[   19.028164] (0)[341:recovery][WAKELOCK_PROFILE]ws_fb_notify_callback: val=1, blank=0
[   19.028171] (0)[341:recovery]gf_tee: [info] goodix_fb_state_chg_callback go to the goodix_fb_state_chg_callback value = 1
[   19.161484] (0)[341:recovery][M4U] m4u_fb_notifier_callback 1, 9
[   19.161496] (0)[341:recovery][black_check]: black_fb_notifier_callback:event = 1 status:3
[   19.161503] (0)[341:recovery][bright_check]: bright_fb_notifier_callback:event = 1,status:3
[   19.161509] (0)[341:recovery][WAKELOCK_PROFILE]ws_fb_notify_callback: val=1, blank=0
[   19.161517] (0)[341:recovery]gf_tee: [info] goodix_fb_state_chg_callback go to the goodix_fb_state_chg_callback value = 1
[   19.310995] (2)[341:recovery][M4U] m4u_fb_notifier_callback 1, 9
[   19.311003] (2)[341:recovery][black_check]: black_fb_notifier_callback:event = 1 status:3
[   19.311006] (2)[341:recovery][bright_check]: bright_fb_notifier_callback:event = 1,status:3
[   19.311009] (2)[341:recovery][WAKELOCK_PROFILE]ws_fb_notify_callback: val=1, blank=0
[   19.311013] (2)[341:recovery]gf_tee: [info] goodix_fb_state_chg_callback go to the goodix_fb_state_chg_callback value = 1
[   19.834360] (3)[58:kworker/3:1]oppo_custome_sync_work is called
[   19.834448] (2)[56:kworker/2:1]oppo_custome_sync_work: file /dev/block/by-name/oppo_custom is no exit
[   19.834824] (2)[56:kworker/2:1][msdc]msdc power off
[   19.834851] (2)[56:kworker/2:1][msdc]msdc power off
[   19.845359] (2)[284:kworker/2:2][Thermal/TZ/PMIC] [tsbuck2_raw_to_temp] 655, 391649, 1000000, -1863
[   19.845366] (2)[284:kworker/2:2][Thermal/TZ/PMIC] [tsbuck2_raw_to_temp] t_current=40066
[   19.845372] (2)[284:kworker/2:2][Thermal/TZ/PMIC] mt6357tsbuck2_get_hw_temp raw=655 T=40066
[   19.845378] (2)[284:kworker/2:2][Thermal/TZ/PMIC] mt6357tsbuck2_get_hw_temp pre_tsbuck2_temp1=40066
[   19.930057] (0)[14:kworker/0:1]MTP, <do_monitor_work(), 2033> IN <1 0 0 0 1 0 0 0 0 >
[   19.930076] (0)[14:kworker/0:1]MTP, <do_monitor_work(), 2040> OUT <0 0 0 0 0 0 0 0 0 >
[   19.954857] (6)[647:usb ffs open]read descriptors
[   19.954914] (6)[647:usb ffs open]read strings
[   19.959463] (2)[341:recovery][M4U] m4u_fb_notifier_callback 1, 9
[   19.959476] (2)[341:recovery][black_check]: black_fb_notifier_callback:event = 1 status:3
[   19.959482] (2)[341:recovery][bright_check]: bright_fb_notifier_callback:event = 1,status:3
[   19.959488] (2)[341:recovery][WAKELOCK_PROFILE]ws_fb_notify_callback: val=1, blank=0
[   19.959496] (2)[341:recovery]gf_tee: [info] goodix_fb_state_chg_callback go to the goodix_fb_state_chg_callback value = 1
[   20.052867] (1)[341:recovery]regulator_vibrator activate_store(258) :set activate duration = 1, 40
[   20.052886] (1)[341:recovery]regulator_vibrator vibrator_enable(198) :cancel hrtimer, cust:50-15000, dur:40, shutdown:0
[   20.053044] (0)[262:kworker/u16:2]regulator_vibrator update_vibrator(171) :vibr_state = 1
[   20.092658] (1)[341:recovery][M4U] m4u_fb_notifier_callback 1, 9
[   20.092671] (1)[341:recovery][black_check]: black_fb_notifier_callback:event = 1 status:3
[   20.092678] (1)[341:recovery][bright_check]: bright_fb_notifier_callback:event = 1,status:3
[   20.092684] (1)[341:recovery][WAKELOCK_PROFILE]ws_fb_notify_callback: val=1, blank=0
[   20.092692] (1)[341:recovery]gf_tee: [info] goodix_fb_state_chg_callback go to the goodix_fb_state_chg_callback value = 1
[   20.103012] (0)[262:kworker/u16:2]regulator_vibrator update_vibrator(171) :vibr_state = 0
[   20.707806] (1)[341:recovery][M4U] m4u_fb_notifier_callback 1, 9
[   20.707817] (1)[341:recovery][black_check]: black_fb_notifier_callback:event = 1 status:3
[   20.707821] (1)[341:recovery][bright_check]: bright_fb_notifier_callback:event = 1,status:3
[   20.707826] (1)[341:recovery][WAKELOCK_PROFILE]ws_fb_notify_callback: val=1, blank=0
[   20.707832] (1)[341:recovery]gf_tee: [info] goodix_fb_state_chg_callback go to the goodix_fb_state_chg_callback value = 1
[   20.858197] (3)[58:kworker/3:1]oppo_custome_sync_work is called
[   20.858236] (2)[56:kworker/2:1]oppo_custome_sync_work: file /dev/block/by-name/oppo_custom is no exit
[   20.858404] (2)[56:kworker/2:1][Thermal/TZ/PMIC] [tsbuck2_raw_to_temp] 655, 391649, 1000000, -1863
[   20.858414] (2)[56:kworker/2:1][Thermal/TZ/PMIC] [tsbuck2_raw_to_temp] t_current=40066
[   20.858419] (2)[56:kworker/2:1][Thermal/TZ/PMIC] mt6357tsbuck2_get_hw_temp raw=655 T=40066
[   20.858424] (2)[56:kworker/2:1][Thermal/TZ/PMIC] mt6357tsbuck2_get_hw_temp pre_tsbuck2_temp1=40066
[   20.954028] (0)[14:kworker/0:1]MTP, <do_monitor_work(), 2033> IN <1 0 0 0 1 0 0 0 0 >
[   20.954039] (0)[14:kworker/0:1]MTP, <do_monitor_work(), 2040> OUT <0 0 0 0 0 0 0 0 0 >
[   21.014772] (7)[647:usb ffs open]read descriptors
[   21.014829] (7)[647:usb ffs open]read strings
[   21.882384] (3)[58:kworker/3:1]oppo_custome_sync_work is called
[   21.882471] (2)[56:kworker/2:1]oppo_custome_sync_work: file /dev/block/by-name/oppo_custom is no exit
[   21.882686] (2)[56:kworker/2:1][Thermal/TZ/PMIC] [tsbuck2_raw_to_temp] 655, 391649, 1000000, -1863
[   21.882704] (2)[56:kworker/2:1][Thermal/TZ/PMIC] [tsbuck2_raw_to_temp] t_current=40066
[   21.882716] (2)[56:kworker/2:1][Thermal/TZ/PMIC] mt6357tsbuck2_get_hw_temp raw=655 T=40066
[   21.882726] (2)[56:kworker/2:1][Thermal/TZ/PMIC] mt6357tsbuck2_get_hw_temp pre_tsbuck2_temp1=40066
[   21.978367] (0)[14:kworker/0:1]MTP, <do_monitor_work(), 2033> IN <1 0 0 0 1 0 0 0 0 >
[   21.978397] (0)[14:kworker/0:1]MTP, <do_monitor_work(), 2040> OUT <0 0 0 0 0 0 0 0 0 >
[   21.984410] -(2)[0:swapper/2][thread:0] 2025-10-05 23:15:18.158703 UTC;android time 2025-10-05 23:15:18.158703
[   22.010699] (2)[56:kworker/2:1][Thermal/TZ/PMIC] [tsbuck1_raw_to_temp] 656, 390576, 1000000, -1863
[   22.010726] (2)[56:kworker/2:1][Thermal/TZ/PMIC] [tsbuck1_raw_to_temp] t_current=38456
[   22.010738] (2)[56:kworker/2:1][Thermal/TZ/PMIC] mt6357tsbuck1_get_hw_temp raw=656 T=38456
[   22.010749] (2)[56:kworker/2:1][Thermal/TZ/PMIC] mt6357tsbuck1_get_hw_temp pre_tsbuck1_temp1=38456
[   22.050680] (4)[647:usb ffs open]read descriptors
[   22.050740] (4)[647:usb ffs open]read strings
[   22.237888] (1)[341:recovery][M4U] m4u_fb_notifier_callback 1, 9
[   22.237954] (1)[341:recovery][black_check]: black_fb_notifier_callback:event = 1 status:3
[   22.237957] (1)[341:recovery][bright_check]: bright_fb_notifier_callback:event = 1,status:3
[   22.237960] (1)[341:recovery][WAKELOCK_PROFILE]ws_fb_notify_callback: val=1, blank=0
[   22.237964] (1)[341:recovery]gf_tee: [info] goodix_fb_state_chg_callback go to the goodix_fb_state_chg_callback value = 1
[   22.362025] (0)[0:swapper/0][name:spm&]Power/swap DP: No enter --- SODI3: No enter --- SODI: No enter --- 
[   22.362056] (0)[0:swapper/0]mcdi cpu: 665, 451, 399, 206, 345, 141, 222, 364, cluster : 212, 544, pause = 305, multi core = 111, latency = 23, residency = 0, last core = 303, avail cpu = 00ff, cluster = 0003, enabled = 1, max_s_state = 5, system_idle_hint = 00000000
[   22.453985] (1)[341:recovery][M4U] m4u_fb_notifier_callback 1, 9
[   22.453997] (1)[341:recovery][black_check]: black_fb_notifier_callback:event = 1 status:3
[   22.454003] (1)[341:recovery][bright_check]: bright_fb_notifier_callback:event = 1,status:3
[   22.454010] (1)[341:recovery][WAKELOCK_PROFILE]ws_fb_notify_callback: val=1, blank=0
[   22.454017] (1)[341:recovery]gf_tee: [info] goodix_fb_state_chg_callback go to the goodix_fb_state_chg_callback value = 1
[   22.603625] (1)[341:recovery][M4U] m4u_fb_notifier_callback 1, 9
[   22.603655] (1)[341:recovery][black_check]: black_fb_notifier_callback:event = 1 status:3
[   22.603662] (1)[341:recovery][bright_check]: bright_fb_notifier_callback:event = 1,status:3
[   22.603668] (1)[341:recovery][WAKELOCK_PROFILE]ws_fb_notify_callback: val=1, blank=0
[   22.603676] (1)[341:recovery]gf_tee: [info] goodix_fb_state_chg_callback go to the goodix_fb_state_chg_callback value = 1
[   22.653523] (1)[341:recovery][M4U] m4u_fb_notifier_callback 1, 9
[   22.653535] (1)[341:recovery][black_check]: black_fb_notifier_callback:event = 1 status:3
[   22.653541] (1)[341:recovery][bright_check]: bright_fb_notifier_callback:event = 1,status:3
[   22.653548] (1)[341:recovery][WAKELOCK_PROFILE]ws_fb_notify_callback: val=1, blank=0
[   22.653555] (1)[341:recovery]gf_tee: [info] goodix_fb_state_chg_callback go to the goodix_fb_state_chg_callback value = 1
[   22.703408] (1)[341:recovery][M4U] m4u_fb_notifier_callback 1, 9
[   22.703437] (1)[341:recovery][black_check]: black_fb_notifier_callback:event = 1 status:3
[   22.703443] (1)[341:recovery][bright_check]: bright_fb_notifier_callback:event = 1,status:3
[   22.703450] (1)[341:recovery][WAKELOCK_PROFILE]ws_fb_notify_callback: val=1, blank=0
[   22.703458] (1)[341:recovery]gf_tee: [info] goodix_fb_state_chg_callback go to the goodix_fb_state_chg_callback value = 1
[   22.745414] (6)[421:irq/17-touchpan][TP]touchpanel: touchpanel: Touchpanel id 4 :Down[ 349  359   13]
[   22.753241] (1)[341:recovery][M4U] m4u_fb_notifier_callback 1, 9
[   22.753253] (1)[341:recovery][black_check]: black_fb_notifier_callback:event = 1 status:3
[   22.753259] (1)[341:recovery][bright_check]: bright_fb_notifier_callback:event = 1,status:3
[   22.753266] (1)[341:recovery][WAKELOCK_PROFILE]ws_fb_notify_callback: val=1, blank=0
[   22.753273] (1)[341:recovery]gf_tee: [info] goodix_fb_state_chg_callback go to the goodix_fb_state_chg_callback value = 1
[   22.803064] (1)[341:recovery][M4U] m4u_fb_notifier_callback 1, 9
[   22.803071] (1)[341:recovery][black_check]: black_fb_notifier_callback:event = 1 status:3
[   22.803074] (1)[341:recovery][bright_check]: bright_fb_notifier_callback:event = 1,status:3
[   22.803077] (1)[341:recovery][WAKELOCK_PROFILE]ws_fb_notify_callback: val=1, blank=0
[   22.803081] (1)[341:recovery]gf_tee: [info] goodix_fb_state_chg_callback go to the goodix_fb_state_chg_callback value = 1
[   22.852962] (1)[341:recovery][M4U] m4u_fb_notifier_callback 1, 9
[   22.852969] (1)[341:recovery][black_check]: black_fb_notifier_callback:event = 1 status:3
[   22.852972] (1)[341:recovery][bright_check]: bright_fb_notifier_callback:event = 1,status:3
[   22.852975] (1)[341:recovery][WAKELOCK_PROFILE]ws_fb_notify_callback: val=1, blank=0
[   22.852979] (1)[341:recovery]gf_tee: [info] goodix_fb_state_chg_callback go to the goodix_fb_state_chg_callback value = 1
[   22.902885] (1)[341:recovery][M4U] m4u_fb_notifier_callback 1, 9
[   22.902892] (1)[341:recovery][black_check]: black_fb_notifier_callback:event = 1 status:3
[   22.902895] (1)[341:recovery][bright_check]: bright_fb_notifier_callback:event = 1,status:3
[   22.902898] (1)[341:recovery][WAKELOCK_PROFILE]ws_fb_notify_callback: val=1, blank=0
[   22.902902] (1)[341:recovery]gf_tee: [info] goodix_fb_state_chg_callback go to the goodix_fb_state_chg_callback value = 1
[   22.906257] (3)[58:kworker/3:1]oppo_custome_sync_work is called
[   22.906329] (2)[56:kworker/2:1]oppo_custome_sync_work: file /dev/block/by-name/oppo_custom is no exit
[   22.906486] (2)[56:kworker/2:1][Thermal/TZ/PMIC] [tsbuck2_raw_to_temp] 656, 391649, 1000000, -1863
[   22.906505] (2)[56:kworker/2:1][Thermal/TZ/PMIC] [tsbuck2_raw_to_temp] t_current=39529
[   22.906516] (2)[56:kworker/2:1][Thermal/TZ/PMIC] mt6357tsbuck2_get_hw_temp raw=656 T=39529
[   22.906527] (2)[56:kworker/2:1][Thermal/TZ/PMIC] mt6357tsbuck2_get_hw_temp pre_tsbuck2_temp1=39529
[   22.936106] (1)[341:recovery][M4U] m4u_fb_notifier_callback 1, 9
[   22.936114] (1)[341:recovery][black_check]: black_fb_notifier_callback:event = 1 status:3
[   22.936117] (1)[341:recovery][bright_check]: bright_fb_notifier_callback:event = 1,status:3
[   22.936120] (1)[341:recovery][WAKELOCK_PROFILE]ws_fb_notify_callback: val=1, blank=0
[   22.936124] (1)[341:recovery]gf_tee: [info] goodix_fb_state_chg_callback go to the goodix_fb_state_chg_callback value = 1
[   22.969464] (1)[341:recovery][M4U] m4u_fb_notifier_callback 1, 9
[   22.969501] (1)[341:recovery][black_check]: black_fb_notifier_callback:event = 1 status:3
[   22.969507] (1)[341:recovery][bright_check]: bright_fb_notifier_callback:event = 1,status:3
[   22.969514] (1)[341:recovery][WAKELOCK_PROFILE]ws_fb_notify_callback: val=1, blank=0
[   22.969521] (1)[341:recovery]gf_tee: [info] goodix_fb_state_chg_callback go to the goodix_fb_state_chg_callback value = 1
[   23.002061] (0)[14:kworker/0:1]MTP, <do_monitor_work(), 2033> IN <1 0 0 0 1 0 0 0 0 >
[   23.002067] (0)[14:kworker/0:1]MTP, <do_monitor_work(), 2040> OUT <0 0 0 0 0 0 0 0 0 >
[   23.002658] (0)[341:recovery][M4U] m4u_fb_notifier_callback 1, 9
[   23.002663] (0)[341:recovery][black_check]: black_fb_notifier_callback:event = 1 status:3
[   23.002666] (0)[341:recovery][bright_check]: bright_fb_notifier_callback:event = 1,status:3
[   23.002669] (0)[341:recovery][WAKELOCK_PROFILE]ws_fb_notify_callback: val=1, blank=0
[   23.002673] (0)[341:recovery]gf_tee: [info] goodix_fb_state_chg_callback go to the goodix_fb_state_chg_callback value = 1
[   23.034423] (1)[313:kworker/1:3]last full = 0, full = 0
[   23.035811] (1)[341:recovery][M4U] m4u_fb_notifier_callback 1, 9
[   23.035820] (1)[341:recovery][black_check]: black_fb_notifier_callback:event = 1 status:3
[   23.035827] (1)[341:recovery][bright_check]: bright_fb_notifier_callback:event = 1,status:3
[   23.035833] (1)[341:recovery][WAKELOCK_PROFILE]ws_fb_notify_callback: val=1, blank=0
[   23.035841] (1)[341:recovery]gf_tee: [info] goodix_fb_state_chg_callback go to the goodix_fb_state_chg_callback value = 1
[   23.041290] (1)[55:kworker/1:1]get prop 105 is not supported in batt
[   23.043490] (5)[351:health@2.1-serv][OPLUS_CHG][oplus_ac_get_property]0 0 0 0 0 0 0 1 0 ac_online:0
[   23.043874] (5)[351:health@2.1-serv]bq2560x-charger 5-006b: bq2560x_charger_get_online: online = 0
[   23.043992] (5)[351:health@2.1-serv]healthd: battery l=50 v=3841 t=38.0 h=2 st=4 c=185 fc=0 chg=
[   23.045900] (5)[351:health@2.1-serv][OPLUS_CHG][oplus_ac_get_property]0 0 0 0 0 0 0 1 0 ac_online:0
[   23.046394] (5)[351:health@2.1-serv]bq2560x-charger 5-006b: bq2560x_charger_get_online: online = 0
[   23.046400] (1)[313:kworker/1:3][bq2560x]:bq2560x_dump_regs: [00]=0x7f  [01]=0x0a  [02]=0x85  [03]=0x33  [04]=0x88  [05]=0x87  [06]=0x55  [07]=0x49  [08]=0x01  [09]=0x00  [0a]=0x03  [0b]=0x14  
[   23.046422] (1)[313:kworker/1:3][OPLUS_CHG][oplus_chg_print_log] CHGR[ 0 / 0 / 9 / 3 / 2 ], BAT[ 1 / 0 / 0 / 0 / 1 / 0 ], GAUGE[ 380 / 3841 / 3830 / 248 / -1 / 50 / 50 / 50 / -1 / 0 / 0 / 0 / 0 / 0 / 0 / 0 / 0 / 0 / 0 / 0 / 0 / 0 /], STATUS[ 0x0 / 0 / 0 / 0 / 0 / 0x0 ], OTHER[ 1 / 1 / 7 / 2 / 0/ 0 / -2740]
[   23.048351] (5)[351:health@2.1-serv][OPLUS_CHG][oplus_ac_get_property]0 0 0 0 0 0 0 1 0 ac_online:0
[   23.048685] (5)[351:health@2.1-serv]bq2560x-charger 5-006b: bq2560x_charger_get_online: online = 0
[   23.048791] (5)[351:health@2.1-serv]healthd: battery l=50 v=3841 t=38.0 h=2 st=4 c=304 fc=0 chg=
[   23.050675] (5)[351:health@2.1-serv][OPLUS_CHG][oplus_ac_get_property]0 0 0 0 0 0 0 1 0 ac_online:0
[   23.050985] (5)[351:health@2.1-serv]bq2560x-charger 5-006b: bq2560x_charger_get_online: online = 0
[   23.085841] (2)[341:recovery][M4U] m4u_fb_notifier_callback 1, 9
[   23.085854] (2)[341:recovery][black_check]: black_fb_notifier_callback:event = 1 status:3
[   23.085860] (2)[341:recovery][bright_check]: bright_fb_notifier_callback:event = 1,status:3
[   23.085866] (2)[341:recovery][WAKELOCK_PROFILE]ws_fb_notify_callback: val=1, blank=0
[   23.085875] (2)[341:recovery]gf_tee: [info] goodix_fb_state_chg_callback go to the goodix_fb_state_chg_callback value = 1
[   23.098702] (6)[647:usb ffs open]read descriptors
[   23.098759] (6)[647:usb ffs open]read strings
[   23.135720] (2)[341:recovery][M4U] m4u_fb_notifier_callback 1, 9
[   23.135732] (2)[341:recovery][black_check]: black_fb_notifier_callback:event = 1 status:3
[   23.135739] (2)[341:recovery][bright_check]: bright_fb_notifier_callback:event = 1,status:3
[   23.135745] (2)[341:recovery][WAKELOCK_PROFILE]ws_fb_notify_callback: val=1, blank=0
[   23.135753] (2)[341:recovery]gf_tee: [info] goodix_fb_state_chg_callback go to the goodix_fb_state_chg_callback value = 1
[   23.168979] (2)[341:recovery][M4U] m4u_fb_notifier_callback 1, 9
[   23.168986] (2)[341:recovery][black_check]: black_fb_notifier_callback:event = 1 status:3
[   23.168989] (2)[341:recovery][bright_check]: bright_fb_notifier_callback:event = 1,status:3
[   23.168992] (2)[341:recovery][WAKELOCK_PROFILE]ws_fb_notify_callback: val=1, blank=0
[   23.168996] (2)[341:recovery]gf_tee: [info] goodix_fb_state_chg_callback go to the goodix_fb_state_chg_callback value = 1
[   23.202213] (2)[341:recovery][M4U] m4u_fb_notifier_callback 1, 9
[   23.202221] (2)[341:recovery][black_check]: black_fb_notifier_callback:event = 1 status:3
[   23.202224] (2)[341:recovery][bright_check]: bright_fb_notifier_callback:event = 1,status:3
[   23.202227] (2)[341:recovery][WAKELOCK_PROFILE]ws_fb_notify_callback: val=1, blank=0
[   23.202231] (2)[341:recovery]gf_tee: [info] goodix_fb_state_chg_callback go to the goodix_fb_state_chg_callback value = 1
[   23.235468] (2)[341:recovery][M4U] m4u_fb_notifier_callback 1, 9
[   23.235476] (2)[341:recovery][black_check]: black_fb_notifier_callback:event = 1 status:3
[   23.235479] (2)[341:recovery][bright_check]: bright_fb_notifier_callback:event = 1,status:3
[   23.235482] (2)[341:recovery][WAKELOCK_PROFILE]ws_fb_notify_callback: val=1, blank=0
[   23.235486] (2)[341:recovery]gf_tee: [info] goodix_fb_state_chg_callback go to the goodix_fb_state_chg_callback value = 1
[   23.268727] (2)[341:recovery][M4U] m4u_fb_notifier_callback 1, 9
[   23.268734] (2)[341:recovery][black_check]: black_fb_notifier_callback:event = 1 status:3
[   23.268737] (2)[341:recovery][bright_check]: bright_fb_notifier_callback:event = 1,status:3
[   23.268741] (2)[341:recovery][WAKELOCK_PROFILE]ws_fb_notify_callback: val=1, blank=0
[   23.268745] (2)[341:recovery]gf_tee: [info] goodix_fb_state_chg_callback go to the goodix_fb_state_chg_callback value = 1
[   23.301981] (2)[341:recovery][M4U] m4u_fb_notifier_callback 1, 9
[   23.301988] (2)[341:recovery][black_check]: black_fb_notifier_callback:event = 1 status:3
[   23.301991] (2)[341:recovery][bright_check]: bright_fb_notifier_callback:event = 1,status:3
[   23.301994] (2)[341:recovery][WAKELOCK_PROFILE]ws_fb_notify_callback: val=1, blank=0
[   23.301999] (2)[341:recovery]gf_tee: [info] goodix_fb_state_chg_callback go to the goodix_fb_state_chg_callback value = 1
[   23.335297] (1)[341:recovery][M4U] m4u_fb_notifier_callback 1, 9
[   23.335309] (1)[341:recovery][black_check]: black_fb_notifier_callback:event = 1 status:3
[   23.335315] (1)[341:recovery][bright_check]: bright_fb_notifier_callback:event = 1,status:3
[   23.335322] (1)[341:recovery][WAKELOCK_PROFILE]ws_fb_notify_callback: val=1, blank=0
[   23.335330] (1)[341:recovery]gf_tee: [info] goodix_fb_state_chg_callback go to the goodix_fb_state_chg_callback value = 1
[   23.368500] (1)[341:recovery][M4U] m4u_fb_notifier_callback 1, 9
[   23.368508] (1)[341:recovery][black_check]: black_fb_notifier_callback:event = 1 status:3
[   23.368511] (1)[341:recovery][bright_check]: bright_fb_notifier_callback:event = 1,status:3
[   23.368514] (1)[341:recovery][WAKELOCK_PROFILE]ws_fb_notify_callback: val=1, blank=0
[   23.368518] (1)[341:recovery]gf_tee: [info] goodix_fb_state_chg_callback go to the goodix_fb_state_chg_callback value = 1
[   23.401756] (1)[341:recovery][M4U] m4u_fb_notifier_callback 1, 9
[   23.401763] (1)[341:recovery][black_check]: black_fb_notifier_callback:event = 1 status:3
[   23.401767] (1)[341:recovery][bright_check]: bright_fb_notifier_callback:event = 1,status:3
[   23.401770] (1)[341:recovery][WAKELOCK_PROFILE]ws_fb_notify_callback: val=1, blank=0
[   23.401774] (1)[341:recovery]gf_tee: [info] goodix_fb_state_chg_callback go to the goodix_fb_state_chg_callback value = 1
[   23.409714] (7)[1:init]init: starting service 'cryptoeng-1-0'...
[   23.421446] (7)[1:init]init: Service 'cryptoeng-1-0' (pid 661) exited with status 1
[   23.421566] (7)[1:init]init: Sending signal 9 to service 'cryptoeng-1-0' (pid 661) process group...
[   23.422075] (7)[1:init]libprocessgroup: Successfully killed process cgroup uid 0 pid 661 in 0ms
[   23.434986] (1)[341:recovery][M4U] m4u_fb_notifier_callback 1, 9
[   23.434997] (1)[341:recovery][black_check]: black_fb_notifier_callback:event = 1 status:3
[   23.435003] (1)[341:recovery][bright_check]: bright_fb_notifier_callback:event = 1,status:3
[   23.435009] (1)[341:recovery][WAKELOCK_PROFILE]ws_fb_notify_callback: val=1, blank=0
[   23.435016] (1)[341:recovery]gf_tee: [info] goodix_fb_state_chg_callback go to the goodix_fb_state_chg_callback value = 1
[   23.468341] (2)[341:recovery][M4U] m4u_fb_notifier_callback 1, 9
[   23.468354] (2)[341:recovery][black_check]: black_fb_notifier_callback:event = 1 status:3
[   23.468360] (2)[341:recovery][bright_check]: bright_fb_notifier_callback:event = 1,status:3
[   23.468367] (2)[341:recovery][WAKELOCK_PROFILE]ws_fb_notify_callback: val=1, blank=0
[   23.468374] (2)[341:recovery]gf_tee: [info] goodix_fb_state_chg_callback go to the goodix_fb_state_chg_callback value = 1
[   23.501513] (0)[341:recovery][M4U] m4u_fb_notifier_callback 1, 9
[   23.501520] (0)[341:recovery][black_check]: black_fb_notifier_callback:event = 1 status:3
[   23.501523] (0)[341:recovery][bright_check]: bright_fb_notifier_callback:event = 1,status:3
[   23.501526] (0)[341:recovery][WAKELOCK_PROFILE]ws_fb_notify_callback: val=1, blank=0
[   23.501531] (0)[341:recovery]gf_tee: [info] goodix_fb_state_chg_callback go to the goodix_fb_state_chg_callback value = 1
[   23.534736] (3)[341:recovery][M4U] m4u_fb_notifier_callback 1, 9
[   23.534743] (3)[341:recovery][black_check]: black_fb_notifier_callback:event = 1 status:3
[   23.534746] (3)[341:recovery][bright_check]: bright_fb_notifier_callback:event = 1,status:3
[   23.534749] (3)[341:recovery][WAKELOCK_PROFILE]ws_fb_notify_callback: val=1, blank=0
[   23.534754] (3)[341:recovery]gf_tee: [info] goodix_fb_state_chg_callback go to the goodix_fb_state_chg_callback value = 1
[   23.568003] (0)[341:recovery][M4U] m4u_fb_notifier_callback 1, 9
[   23.568010] (0)[341:recovery][black_check]: black_fb_notifier_callback:event = 1 status:3
[   23.568013] (0)[341:recovery][bright_check]: bright_fb_notifier_callback:event = 1,status:3
[   23.568018] (0)[341:recovery][WAKELOCK_PROFILE]ws_fb_notify_callback: val=1, blank=0
[   23.568025] (0)[341:recovery]gf_tee: [info] goodix_fb_state_chg_callback go to the goodix_fb_state_chg_callback value = 1
[   23.585988] (6)[421:irq/17-touchpan][TP]touchpanel: touchpanel: Touchpanel id 4 :Down[ 365  363    2]
[   23.601519] (2)[341:recovery][M4U] m4u_fb_notifier_callback 1, 9
[   23.601530] (2)[341:recovery][black_check]: black_fb_notifier_callback:event = 1 status:3
[   23.601537] (2)[341:recovery][bright_check]: bright_fb_notifier_callback:event = 1,status:3
[   23.601544] (2)[341:recovery][WAKELOCK_PROFILE]ws_fb_notify_callback: val=1, blank=0
[   23.601552] (2)[341:recovery]gf_tee: [info] goodix_fb_state_chg_callback go to the goodix_fb_state_chg_callback value = 1
[   23.634618] (0)[341:recovery][M4U] m4u_fb_notifier_callback 1, 9
[   23.634630] (0)[341:recovery][black_check]: black_fb_notifier_callback:event = 1 status:3
[   23.634636] (0)[341:recovery][bright_check]: bright_fb_notifier_callback:event = 1,status:3
[   23.634644] (0)[341:recovery][WAKELOCK_PROFILE]ws_fb_notify_callback: val=1, blank=0
[   23.634651] (0)[341:recovery]gf_tee: [info] goodix_fb_state_chg_callback go to the goodix_fb_state_chg_callback value = 1
[   23.667843] (0)[341:recovery][M4U] m4u_fb_notifier_callback 1, 9
[   23.667854] (0)[341:recovery][black_check]: black_fb_notifier_callback:event = 1 status:3
[   23.667860] (0)[341:recovery][bright_check]: bright_fb_notifier_callback:event = 1,status:3
[   23.667867] (0)[341:recovery][WAKELOCK_PROFILE]ws_fb_notify_callback: val=1, blank=0
[   23.667875] (0)[341:recovery]gf_tee: [info] goodix_fb_state_chg_callback go to the goodix_fb_state_chg_callback value = 1
[   23.701171] (3)[341:recovery][M4U] m4u_fb_notifier_callback 1, 9
[   23.701183] (3)[341:recovery][black_check]: black_fb_notifier_callback:event = 1 status:3
[   23.701189] (3)[341:recovery][bright_check]: bright_fb_notifier_callback:event = 1,status:3
[   23.701196] (3)[341:recovery][WAKELOCK_PROFILE]ws_fb_notify_callback: val=1, blank=0
[   23.701204] (3)[341:recovery]gf_tee: [info] goodix_fb_state_chg_callback go to the goodix_fb_state_chg_callback value = 1
[   23.734401] (0)[341:recovery][M4U] m4u_fb_notifier_callback 1, 9
[   23.734412] (0)[341:recovery][black_check]: black_fb_notifier_callback:event = 1 status:3
[   23.734419] (0)[341:recovery][bright_check]: bright_fb_notifier_callback:event = 1,status:3
[   23.734426] (0)[341:recovery][WAKELOCK_PROFILE]ws_fb_notify_callback: val=1, blank=0
[   23.734433] (0)[341:recovery]gf_tee: [info] goodix_fb_state_chg_callback go to the goodix_fb_state_chg_callback value = 1
[   23.767623] (0)[341:recovery][M4U] m4u_fb_notifier_callback 1, 9
[   23.767635] (0)[341:recovery][black_check]: black_fb_notifier_callback:event = 1 status:3
[   23.767641] (0)[341:recovery][bright_check]: bright_fb_notifier_callback:event = 1,status:3
[   23.767648] (0)[341:recovery][WAKELOCK_PROFILE]ws_fb_notify_callback: val=1, blank=0
[   23.767655] (0)[341:recovery]gf_tee: [info] goodix_fb_state_chg_callback go to the goodix_fb_state_chg_callback value = 1
[   23.800800] (0)[341:recovery][M4U] m4u_fb_notifier_callback 1, 9
[   23.800807] (0)[341:recovery][black_check]: black_fb_notifier_callback:event = 1 status:3
[   23.800810] (0)[341:recovery][bright_check]: bright_fb_notifier_callback:event = 1,status:3
[   23.800813] (0)[341:recovery][WAKELOCK_PROFILE]ws_fb_notify_callback: val=1, blank=0
[   23.800817] (0)[341:recovery]gf_tee: [info] goodix_fb_state_chg_callback go to the goodix_fb_state_chg_callback value = 1
[   23.834125] (2)[341:recovery][M4U] m4u_fb_notifier_callback 1, 9
[   23.834136] (2)[341:recovery][black_check]: black_fb_notifier_callback:event = 1 status:3
[   23.834141] (2)[341:recovery][bright_check]: bright_fb_notifier_callback:event = 1,status:3
[   23.834148] (2)[341:recovery][WAKELOCK_PROFILE]ws_fb_notify_callback: val=1, blank=0
[   23.834155] (2)[341:recovery]gf_tee: [info] goodix_fb_state_chg_callback go to the goodix_fb_state_chg_callback value = 1
[   23.867360] (0)[341:recovery][M4U] m4u_fb_notifier_callback 1, 9
[   23.867367] (0)[341:recovery][black_check]: black_fb_notifier_callback:event = 1 status:3
[   23.867370] (0)[341:recovery][bright_check]: bright_fb_notifier_callback:event = 1,status:3
[   23.867373] (0)[341:recovery][WAKELOCK_PROFILE]ws_fb_notify_callback: val=1, blank=0
[   23.867377] (0)[341:recovery]gf_tee: [info] goodix_fb_state_chg_callback go to the goodix_fb_state_chg_callback value = 1
[   23.900638] (0)[341:recovery][M4U] m4u_fb_notifier_callback 1, 9
[   23.900645] (0)[341:recovery][black_check]: black_fb_notifier_callback:event = 1 status:3
[   23.900648] (0)[341:recovery][bright_check]: bright_fb_notifier_callback:event = 1,status:3
[   23.900651] (0)[341:recovery][WAKELOCK_PROFILE]ws_fb_notify_callback: val=1, blank=0
[   23.900656] (0)[341:recovery]gf_tee: [info] goodix_fb_state_chg_callback go to the goodix_fb_state_chg_callback value = 1
[   23.929978] (3)[58:kworker/3:1]oppo_custome_sync_work is called
[   23.930045] (0)[341:recovery]oppo_custome_sync_work: file /dev/block/by-name/oppo_custom is no exit
[   23.933864] (0)[341:recovery][M4U] m4u_fb_notifier_callback 1, 9
[   23.933871] (0)[341:recovery][black_check]: black_fb_notifier_callback:event = 1 status:3
[   23.933874] (0)[341:recovery][bright_check]: bright_fb_notifier_callback:event = 1,status:3
[   23.933877] (0)[341:recovery][WAKELOCK_PROFILE]ws_fb_notify_callback: val=1, blank=0
[   23.933882] (0)[341:recovery]gf_tee: [info] goodix_fb_state_chg_callback go to the goodix_fb_state_chg_callback value = 1
[   23.967144] (0)[341:recovery][M4U] m4u_fb_notifier_callback 1, 9
[   23.967151] (0)[341:recovery][black_check]: black_fb_notifier_callback:event = 1 status:3
[   23.967155] (0)[341:recovery][bright_check]: bright_fb_notifier_callback:event = 1,status:3
[   23.967158] (0)[341:recovery][WAKELOCK_PROFILE]ws_fb_notify_callback: val=1, blank=0
[   23.967162] (0)[341:recovery]gf_tee: [info] goodix_fb_state_chg_callback go to the goodix_fb_state_chg_callback value = 1
[   24.000365] (0)[341:recovery][M4U] m4u_fb_notifier_callback 1, 9
[   24.000372] (0)[341:recovery][black_check]: black_fb_notifier_callback:event = 1 status:3
[   24.000375] (0)[341:recovery][bright_check]: bright_fb_notifier_callback:event = 1,status:3
[   24.000379] (0)[341:recovery][WAKELOCK_PROFILE]ws_fb_notify_callback: val=1, blank=0
[   24.000383] (0)[341:recovery]gf_tee: [info] goodix_fb_state_chg_callback go to the goodix_fb_state_chg_callback value = 1
[   24.025955] (0)[14:kworker/0:1]MTP, <do_monitor_work(), 2033> IN <1 0 0 0 1 0 0 0 0 >
[   24.025972] (0)[14:kworker/0:1]MTP, <do_monitor_work(), 2040> OUT <0 0 0 0 0 0 0 0 0 >
[   24.033684] (0)[341:recovery][M4U] m4u_fb_notifier_callback 1, 9
[   24.033691] (0)[341:recovery][black_check]: black_fb_notifier_callback:event = 1 status:3
[   24.033694] (0)[341:recovery][bright_check]: bright_fb_notifier_callback:event = 1,status:3
[   24.033697] (0)[341:recovery][WAKELOCK_PROFILE]ws_fb_notify_callback: val=1, blank=0
[   24.033702] (0)[341:recovery]gf_tee: [info] goodix_fb_state_chg_callback go to the goodix_fb_state_chg_callback value = 1
[   24.066974] (2)[341:recovery][M4U] m4u_fb_notifier_callback 1, 9
[   24.066987] (2)[341:recovery][black_check]: black_fb_notifier_callback:event = 1 status:3
[   24.066993] (2)[341:recovery][bright_check]: bright_fb_notifier_callback:event = 1,status:3
[   24.067000] (2)[341:recovery][WAKELOCK_PROFILE]ws_fb_notify_callback: val=1, blank=0
[   24.067008] (2)[341:recovery]gf_tee: [info] goodix_fb_state_chg_callback go to the goodix_fb_state_chg_callback value = 1
[   24.100214] (2)[341:recovery][M4U] m4u_fb_notifier_callback 1, 9
[   24.100223] (2)[341:recovery][black_check]: black_fb_notifier_callback:event = 1 status:3
[   24.100229] (2)[341:recovery][bright_check]: bright_fb_notifier_callback:event = 1,status:3
[   24.100234] (2)[341:recovery][WAKELOCK_PROFILE]ws_fb_notify_callback: val=1, blank=0
[   24.100242] (2)[341:recovery]gf_tee: [info] goodix_fb_state_chg_callback go to the goodix_fb_state_chg_callback value = 1
[   24.133469] (2)[341:recovery][M4U] m4u_fb_notifier_callback 1, 9
[   24.133477] (2)[341:recovery][black_check]: black_fb_notifier_callback:event = 1 status:3
[   24.133480] (2)[341:recovery][bright_check]: bright_fb_notifier_callback:event = 1,status:3
[   24.133483] (2)[341:recovery][WAKELOCK_PROFILE]ws_fb_notify_callback: val=1, blank=0
[   24.133488] (2)[341:recovery]gf_tee: [info] goodix_fb_state_chg_callback go to the goodix_fb_state_chg_callback value = 1
[   24.146705] (6)[647:usb ffs open]read descriptors
[   24.146758] (6)[647:usb ffs open]read strings
[   24.236264] (2)[341:recovery]regulator_vibrator activate_store(258) :set activate duration = 1, 40
[   24.236281] (2)[341:recovery]regulator_vibrator vibrator_enable(198) :cancel hrtimer, cust:50-15000, dur:40, shutdown:0
[   24.236405] (3)[262:kworker/u16:2]regulator_vibrator update_vibrator(171) :vibr_state = 1
[   24.286324] (2)[262:kworker/u16:2]regulator_vibrator update_vibrator(171) :vibr_state = 0
[   24.299829] (3)[341:recovery][M4U] m4u_fb_notifier_callback 1, 9
[   24.299840] (3)[341:recovery][black_check]: black_fb_notifier_callback:event = 1 status:3
[   24.299847] (3)[341:recovery][bright_check]: bright_fb_notifier_callback:event = 1,status:3
[   24.299854] (3)[341:recovery][WAKELOCK_PROFILE]ws_fb_notify_callback: val=1, blank=0
[   24.299862] (3)[341:recovery]gf_tee: [info] goodix_fb_state_chg_callback go to the goodix_fb_state_chg_callback value = 1
[   24.325007] (4)[421:irq/17-touchpan][TP]touchpanel: touchpanel: Touchpanel id 0 :Down[ 232  924   11]
[   24.748639] (3)[341:recovery][M4U] m4u_fb_notifier_callback 1, 9
[   24.748651] (3)[341:recovery][black_check]: black_fb_notifier_callback:event = 1 status:3
[   24.748658] (3)[341:recovery][bright_check]: bright_fb_notifier_callback:event = 1,status:3
[   24.748665] (3)[341:recovery][WAKELOCK_PROFILE]ws_fb_notify_callback: val=1, blank=0
[   24.748673] (3)[341:recovery]gf_tee: [info] goodix_fb_state_chg_callback go to the goodix_fb_state_chg_callback value = 1
[   24.953933] (3)[58:kworker/3:1]oppo_custome_sync_work is called
[   24.953973] (0)[14:kworker/0:1]oppo_custome_sync_work: file /dev/block/by-name/oppo_custom is no exit
[   25.050026] (0)[14:kworker/0:1]MTP, <do_monitor_work(), 2033> IN <1 0 0 0 1 0 0 0 0 >
[   25.050043] (0)[14:kworker/0:1]MTP, <do_monitor_work(), 2040> OUT <0 0 0 0 0 0 0 0 0 >
[   25.198710] (5)[647:usb ffs open]read descriptors
[   25.198773] (5)[647:usb ffs open]read strings
[   25.247579] (3)[341:recovery][M4U] m4u_fb_notifier_callback 1, 9
[   25.247592] (3)[341:recovery][black_check]: black_fb_notifier_callback:event = 1 status:3
[   25.247598] (3)[341:recovery][bright_check]: bright_fb_notifier_callback:event = 1,status:3
[   25.247605] (3)[341:recovery][WAKELOCK_PROFILE]ws_fb_notify_callback: val=1, blank=0
[   25.247613] (3)[341:recovery]gf_tee: [info] goodix_fb_state_chg_callback go to the goodix_fb_state_chg_callback value = 1
[   25.363908] (3)[341:recovery][M4U] m4u_fb_notifier_callback 1, 9
[   25.363915] (3)[341:recovery][black_check]: black_fb_notifier_callback:event = 1 status:3
[   25.363918] (3)[341:recovery][bright_check]: bright_fb_notifier_callback:event = 1,status:3
[   25.363922] (3)[341:recovery][WAKELOCK_PROFILE]ws_fb_notify_callback: val=1, blank=0
[   25.363926] (3)[341:recovery]gf_tee: [info] goodix_fb_state_chg_callback go to the goodix_fb_state_chg_callback value = 1
[   25.730153] (4)[421:irq/17-touchpan][TP]touchpanel: touchpanel: Touchpanel id 2 :Down[ 683    4    2]
[   25.946092] (0)[341:recovery][M4U] m4u_fb_notifier_callback 1, 9
[   25.946099] (0)[341:recovery][black_check]: black_fb_notifier_callback:event = 1 status:3
[   25.946102] (0)[341:recovery][bright_check]: bright_fb_notifier_callback:event = 1,status:3
[   25.946105] (0)[341:recovery][WAKELOCK_PROFILE]ws_fb_notify_callback: val=1, blank=0
[   25.946109] (0)[341:recovery]gf_tee: [info] goodix_fb_state_chg_callback go to the goodix_fb_state_chg_callback value = 1
[   25.978057] (3)[58:kworker/3:1]oppo_custome_sync_work is called
[   25.978094] (0)[14:kworker/0:1]oppo_custome_sync_work: file /dev/block/by-name/oppo_custom is no exit
[   26.073934] (0)[14:kworker/0:1]MTP, <do_monitor_work(), 2033> IN <1 0 0 0 1 0 0 0 0 >
[   26.073949] (0)[14:kworker/0:1]MTP, <do_monitor_work(), 2040> OUT <0 0 0 0 0 0 0 0 0 >
[   26.106156] (3)[262:kworker/u16:2][SCP] scp_ipi_send: SCP A not ready
[   26.106169] (3)[262:kworker/u16:2][sensorHub] scp_ipi_send fail
[   26.106250] (2)[56:kworker/2:1][sensorHub] scp_sensorHub_req_send fail!
[   26.250673] (7)[647:usb ffs open]read descriptors
[   26.250731] (7)[647:usb ffs open]read strings
[   26.578081] (0)[341:recovery][M4U] m4u_fb_notifier_callback 1, 9
[   26.578092] (0)[341:recovery][black_check]: black_fb_notifier_callback:event = 1 status:3
[   26.578124] (0)[341:recovery][bright_check]: bright_fb_notifier_callback:event = 1,status:3
[   26.578131] (0)[341:recovery][WAKELOCK_PROFILE]ws_fb_notify_callback: val=1, blank=0
[   26.578139] (0)[341:recovery]gf_tee: [info] goodix_fb_state_chg_callback go to the goodix_fb_state_chg_callback value = 1
[   27.002032] (3)[58:kworker/3:1]oppo_custome_sync_work is called
[   27.002071] (0)[14:kworker/0:1]oppo_custome_sync_work: file /dev/block/by-name/oppo_custom is no exit
[   27.097925] (0)[14:kworker/0:1]MTP, <do_monitor_work(), 2033> IN <1 0 0 0 1 0 0 0 0 >
[   27.097940] (0)[14:kworker/0:1]MTP, <do_monitor_work(), 2040> OUT <0 0 0 0 0 0 0 0 0 >
[   27.130439] (2)[56:kworker/2:1][Thermal/TZ/PMIC] [tsbuck1_raw_to_temp] 656, 390576, 1000000, -1863
[   27.130456] (2)[56:kworker/2:1][Thermal/TZ/PMIC] [tsbuck1_raw_to_temp] t_current=38456
[   27.130462] (2)[56:kworker/2:1][Thermal/TZ/PMIC] mt6357tsbuck1_get_hw_temp raw=656 T=38456
[   27.130467] (2)[56:kworker/2:1][Thermal/TZ/PMIC] mt6357tsbuck1_get_hw_temp pre_tsbuck1_temp1=38456
[   27.160057] (0)[341:recovery][M4U] m4u_fb_notifier_callback 1, 9
[   27.160065] (0)[341:recovery][black_check]: black_fb_notifier_callback:event = 1 status:3
[   27.160068] (0)[341:recovery][bright_check]: bright_fb_notifier_callback:event = 1,status:3
[   27.160072] (0)[341:recovery][WAKELOCK_PROFILE]ws_fb_notify_callback: val=1, blank=0
[   27.160076] (0)[341:recovery]gf_tee: [info] goodix_fb_state_chg_callback go to the goodix_fb_state_chg_callback value = 1
[   27.202297] (5)[421:irq/17-touchpan][TP]touchpanel: touchpanel: Touchpanel id 0 :Down[ 709 1514    7]
[   27.226573] (0)[341:recovery][M4U] m4u_fb_notifier_callback 1, 9
[   27.226580] (0)[341:recovery][black_check]: black_fb_notifier_callback:event = 1 status:3
[   27.226583] (0)[341:recovery][bright_check]: bright_fb_notifier_callback:event = 1,status:3
[   27.226586] (0)[341:recovery][WAKELOCK_PROFILE]ws_fb_notify_callback: val=1, blank=0
[   27.226591] (0)[341:recovery]gf_tee: [info] goodix_fb_state_chg_callback go to the goodix_fb_state_chg_callback value = 1
[   27.310800] (7)[647:usb ffs open]read descriptors
[   27.310855] (7)[647:usb ffs open]read strings
[   27.366022] (1)[0:swapper/1][name:spm&]Power/swap DP: No enter --- SODI3: No enter --- SODI: No enter --- 
[   27.366046] (2)[0:swapper/2]mcdi cpu: 705, 575, 479, 270, 589, 393, 318, 247, cluster : 18, 70, pause = 19, multi core = 8, latency = 87, residency = 0, last core = 19, avail cpu = 00ff, cluster = 0003, enabled = 1, max_s_state = 5, system_idle_hint = 00000000
[   27.775258] (0)[341:recovery][M4U] m4u_fb_notifier_callback 1, 9
[   27.775270] (0)[341:recovery][black_check]: black_fb_notifier_callback:event = 1 status:3
[   27.775277] (0)[341:recovery][bright_check]: bright_fb_notifier_callback:event = 1,status:3
[   27.775284] (0)[341:recovery][WAKELOCK_PROFILE]ws_fb_notify_callback: val=1, blank=0
[   27.775292] (0)[341:recovery]gf_tee: [info] goodix_fb_state_chg_callback go to the goodix_fb_state_chg_callback value = 1
[   27.898456] (1)[313:kworker/1:3]last full = 0, full = 0
[   27.906890] (1)[55:kworker/1:1]get prop 105 is not supported in batt
[   27.909050] (7)[351:health@2.1-serv][OPLUS_CHG][oplus_ac_get_property]0 0 0 0 0 0 0 1 0 ac_online:0
[   27.909463] (7)[351:health@2.1-serv]bq2560x-charger 5-006b: bq2560x_charger_get_online: online = 0
[   27.909589] (7)[351:health@2.1-serv]healthd: battery l=50 v=3801 t=38.0 h=2 st=4 c=511 fc=0 chg=
[   27.911540] (7)[351:health@2.1-serv][OPLUS_CHG][oplus_ac_get_property]0 0 0 0 0 0 0 1 0 ac_online:0
[   27.911912] (7)[351:health@2.1-serv]bq2560x-charger 5-006b: bq2560x_charger_get_online: online = 0
[   27.912056] (1)[313:kworker/1:3][bq2560x]:bq2560x_dump_regs: [00]=0x7f  [01]=0x0a  [02]=0x85  [03]=0x33  [04]=0x88  [05]=0x87  [06]=0x55  [07]=0x49  [08]=0x01  [09]=0x00  [0a]=0x03  [0b]=0x14  
[   27.912086] (1)[313:kworker/1:3][OPLUS_CHG][oplus_chg_print_log] CHGR[ 0 / 0 / 9 / 3 / 2 ], BAT[ 1 / 0 / 0 / 0 / 1 / 0 ], GAUGE[ 380 / 3801 / 3801 / 512 / -1 / 50 / 50 / 50 / -1 / 0 / 0 / 0 / 0 / 0 / 0 / 0 / 0 / 0 / 0 / 0 / 0 / 0 /], STATUS[ 0x0 / 0 / 0 / 0 / 0 / 0x0 ], OTHER[ 1 / 1 / 7 / 2 / 0/ 0 / -2740]
[   27.913817] (7)[351:health@2.1-serv][OPLUS_CHG][oplus_ac_get_property]0 0 0 0 0 0 0 1 0 ac_online:0
[   27.914238] (7)[351:health@2.1-serv]bq2560x-charger 5-006b: bq2560x_charger_get_online: online = 0
[   27.914347] (7)[351:health@2.1-serv]healthd: battery l=50 v=3801 t=38.0 h=2 st=4 c=573 fc=0 chg=
[   27.916142] (7)[351:health@2.1-serv][OPLUS_CHG][oplus_ac_get_property]0 0 0 0 0 0 0 1 0 ac_online:0
[   27.916478] (7)[351:health@2.1-serv]bq2560x-charger 5-006b: bq2560x_charger_get_online: online = 0
[   27.958315] (0)[341:recovery][M4U] m4u_fb_notifier_callback 1, 9
[   27.958327] (0)[341:recovery][black_check]: black_fb_notifier_callback:event = 1 status:3
[   27.958333] (0)[341:recovery][bright_check]: bright_fb_notifier_callback:event = 1,status:3
[   27.958340] (0)[341:recovery][WAKELOCK_PROFILE]ws_fb_notify_callback: val=1, blank=0
[   27.958348] (0)[341:recovery]gf_tee: [info] goodix_fb_state_chg_callback go to the goodix_fb_state_chg_callback value = 1
[   27.991994] (5)[421:irq/17-touchpan][TP]touchpanel: touchpanel: Touchpanel id 1 :Down[ 698    6   14]
[   28.001734] (2)[341:recovery]regulator_vibrator activate_store(258) :set activate duration = 1, 40
[   28.001750] (2)[341:recovery]regulator_vibrator vibrator_enable(198) :cancel hrtimer, cust:50-15000, dur:40, shutdown:0
[   28.001913] (3)[262:kworker/u16:2]regulator_vibrator update_vibrator(171) :vibr_state = 1
[   28.026093] (3)[58:kworker/3:1]oppo_custome_sync_work is called
[   28.026153] (0)[262:kworker/u16:2]oppo_custome_sync_work: file /dev/block/by-name/oppo_custom is no exit
[   28.052062] (0)[262:kworker/u16:2]regulator_vibrator update_vibrator(171) :vibr_state = 0
[   28.058133] (3)[341:recovery][M4U] m4u_fb_notifier_callback 1, 9
[   28.058143] (3)[341:recovery][black_check]: black_fb_notifier_callback:event = 1 status:3
[   28.058149] (3)[341:recovery][bright_check]: bright_fb_notifier_callback:event = 1,status:3
[   28.058156] (3)[341:recovery][WAKELOCK_PROFILE]ws_fb_notify_callback: val=1, blank=0
[   28.058164] (3)[341:recovery]gf_tee: [info] goodix_fb_state_chg_callback go to the goodix_fb_state_chg_callback value = 1
[   28.122007] (0)[14:kworker/0:1]MTP, <do_monitor_work(), 2033> IN <1 0 0 0 1 0 0 0 0 >
[   28.122023] (0)[14:kworker/0:1]MTP, <do_monitor_work(), 2040> OUT <0 0 0 0 0 0 0 0 0 >
[   28.154379] (2)[56:kworker/2:1][Thermal/TZ/PMIC] [tsbuck2_raw_to_temp] 656, 391649, 1000000, -1863
[   28.154391] (2)[56:kworker/2:1][Thermal/TZ/PMIC] [tsbuck2_raw_to_temp] t_current=39529
[   28.154396] (2)[56:kworker/2:1][Thermal/TZ/PMIC] mt6357tsbuck2_get_hw_temp raw=656 T=39529
[   28.154401] (2)[56:kworker/2:1][Thermal/TZ/PMIC] mt6357tsbuck2_get_hw_temp pre_tsbuck2_temp1=39529
[   28.366779] (7)[647:usb ffs open]read descriptors
[   28.366836] (7)[647:usb ffs open]read strings
[   28.415023] (5)[1:init]init: starting service 'cryptoeng-1-0'...
[   28.423940] (0)[341:recovery][M4U] m4u_fb_notifier_callback 1, 9
[   28.423952] (0)[341:recovery][black_check]: black_fb_notifier_callback:event = 1 status:3
[   28.423959] (0)[341:recovery][bright_check]: bright_fb_notifier_callback:event = 1,status:3
[   28.423965] (0)[341:recovery][WAKELOCK_PROFILE]ws_fb_notify_callback: val=1, blank=0
[   28.423973] (0)[341:recovery]gf_tee: [info] goodix_fb_state_chg_callback go to the goodix_fb_state_chg_callback value = 1
[   28.427039] (3)[1:init]init: Service 'cryptoeng-1-0' (pid 667) exited with status 1
[   28.427077] (3)[1:init]init: Sending signal 9 to service 'cryptoeng-1-0' (pid 667) process group...
[   28.427218] (3)[1:init]libprocessgroup: Successfully killed process cgroup uid 0 pid 667 in 0ms
[   28.989366] (0)[341:recovery][M4U] m4u_fb_notifier_callback 1, 9
[   28.989378] (0)[341:recovery][black_check]: black_fb_notifier_callback:event = 1 status:3
[   28.989384] (0)[341:recovery][bright_check]: bright_fb_notifier_callback:event = 1,status:3
[   28.989391] (0)[341:recovery][WAKELOCK_PROFILE]ws_fb_notify_callback: val=1, blank=0
[   28.989398] (0)[341:recovery]gf_tee: [info] goodix_fb_state_chg_callback go to the goodix_fb_state_chg_callback value = 1
[   29.049934] (3)[58:kworker/3:1]oppo_custome_sync_work is called
[   29.049975] (0)[14:kworker/0:1]oppo_custome_sync_work: file /dev/block/by-name/oppo_custom is no exit
[   29.145925] (0)[14:kworker/0:1]MTP, <do_monitor_work(), 2033> IN <1 0 0 0 1 0 0 0 0 >
[   29.145941] (0)[14:kworker/0:1]MTP, <do_monitor_work(), 2040> OUT <0 0 0 0 0 0 0 0 0 >
[   29.247389] (4)[421:irq/17-touchpan][TP]touchpanel: touchpanel: Touchpanel id 1 :Down[ 698    6    5]
[   29.430443] (2)[647:usb ffs open]read descriptors
[   29.430464] (2)[647:usb ffs open]read strings
[   29.554800] (0)[341:recovery][M4U] m4u_fb_notifier_callback 1, 9
[   29.554812] (0)[341:recovery][black_check]: black_fb_notifier_callback:event = 1 status:3
[   29.554818] (0)[341:recovery][bright_check]: bright_fb_notifier_callback:event = 1,status:3
[   29.554825] (0)[341:recovery][WAKELOCK_PROFILE]ws_fb_notify_callback: val=1, blank=0
[   29.554833] (0)[341:recovery]gf_tee: [info] goodix_fb_state_chg_callback go to the goodix_fb_state_chg_callback value = 1
[   30.074043] (3)[58:kworker/3:1]oppo_custome_sync_work is called
[   30.074090] (0)[341:recovery]oppo_custome_sync_work: file /dev/block/by-name/oppo_custom is no exit
[   30.120191] (0)[341:recovery][M4U] m4u_fb_notifier_callback 1, 9
[   30.120202] (0)[341:recovery][black_check]: black_fb_notifier_callback:event = 1 status:3
[   30.120208] (0)[341:recovery][bright_check]: bright_fb_notifier_callback:event = 1,status:3
[   30.120215] (0)[341:recovery][WAKELOCK_PROFILE]ws_fb_notify_callback: val=1, blank=0
[   30.120223] (0)[341:recovery]gf_tee: [info] goodix_fb_state_chg_callback go to the goodix_fb_state_chg_callback value = 1
[   30.169929] (0)[14:kworker/0:1]MTP, <do_monitor_work(), 2033> IN <1 0 0 0 1 0 0 0 0 >
[   30.169943] (0)[14:kworker/0:1]MTP, <do_monitor_work(), 2040> OUT <0 0 0 0 0 0 0 0 0 >
[   30.203854] (4)[421:irq/17-touchpan][TP]touchpanel: touchpanel: Touchpanel id 1 :Down[ 696    7    8]
[   30.482432] (1)[647:usb ffs open]read descriptors
[   30.482453] (1)[647:usb ffs open]read strings
[   30.685579] (0)[341:recovery][M4U] m4u_fb_notifier_callback 1, 9
[   30.685591] (0)[341:recovery][black_check]: black_fb_notifier_callback:event = 1 status:3
[   30.685597] (0)[341:recovery][bright_check]: bright_fb_notifier_callback:event = 1,status:3
[   30.685604] (0)[341:recovery][WAKELOCK_PROFILE]ws_fb_notify_callback: val=1, blank=0
[   30.685612] (0)[341:recovery]gf_tee: [info] goodix_fb_state_chg_callback go to the goodix_fb_state_chg_callback value = 1
[   30.976892] (4)[421:irq/17-touchpan][TP]touchpanel: touchpanel: Touchpanel id 0 :Down[ 699   12    5]
[   31.098084] (3)[58:kworker/3:1]oppo_custome_sync_work is called
[   31.098129] (0)[14:kworker/0:1]oppo_custome_sync_work: file /dev/block/by-name/oppo_custom is no exit
[   31.193926] (0)[14:kworker/0:1]MTP, <do_monitor_work(), 2033> IN <1 0 0 0 1 0 0 0 0 >
[   31.193943] (0)[14:kworker/0:1]MTP, <do_monitor_work(), 2040> OUT <0 0 0 0 0 0 0 0 0 >
[   31.251021] (0)[341:recovery][M4U] m4u_fb_notifier_callback 1, 9
[   31.251033] (0)[341:recovery][black_check]: black_fb_notifier_callback:event = 1 status:3
[   31.251040] (0)[341:recovery][bright_check]: bright_fb_notifier_callback:event = 1,status:3
[   31.251047] (0)[341:recovery][WAKELOCK_PROFILE]ws_fb_notify_callback: val=1, blank=0
[   31.251055] (0)[341:recovery]gf_tee: [info] goodix_fb_state_chg_callback go to the goodix_fb_state_chg_callback value = 1
[   31.554433] (2)[647:usb ffs open]read descriptors
[   31.554456] (2)[647:usb ffs open]read strings
[   31.816400] (3)[341:recovery][M4U] m4u_fb_notifier_callback 1, 9
[   31.816408] (3)[341:recovery][black_check]: black_fb_notifier_callback:event = 1 status:3
[   31.816411] (3)[341:recovery][bright_check]: bright_fb_notifier_callback:event = 1,status:3
[   31.816415] (3)[341:recovery][WAKELOCK_PROFILE]ws_fb_notify_callback: val=1, blank=0
[   31.816419] (3)[341:recovery]gf_tee: [info] goodix_fb_state_chg_callback go to the goodix_fb_state_chg_callback value = 1
[   32.121934] (3)[58:kworker/3:1]oppo_custome_sync_work is called
[   32.121980] (0)[14:kworker/0:1]oppo_custome_sync_work: file /dev/block/by-name/oppo_custom is no exit
[   32.218027] (0)[14:kworker/0:1]MTP, <do_monitor_work(), 2033> IN <1 0 0 0 1 0 0 0 0 >
[   32.218044] (0)[14:kworker/0:1]MTP, <do_monitor_work(), 2040> OUT <0 0 0 0 0 0 0 0 0 >
[   32.250377] (2)[56:kworker/2:1][Thermal/TZ/PMIC] [tsbuck1_raw_to_temp] 655, 390576, 1000000, -1863
[   32.250390] (2)[56:kworker/2:1][Thermal/TZ/PMIC] [tsbuck1_raw_to_temp] t_current=38993
[   32.250395] (2)[56:kworker/2:1][Thermal/TZ/PMIC] mt6357tsbuck1_get_hw_temp raw=655 T=38993
[   32.250401] (2)[56:kworker/2:1][Thermal/TZ/PMIC] mt6357tsbuck1_get_hw_temp pre_tsbuck1_temp1=38993
[   32.299510] (4)[421:irq/17-touchpan][TP]touchpanel: touchpanel: Touchpanel id 0 :Down[ 596 1201    4]
[   32.367210] (4)[0:swapper/4][name:spm&]Power/swap DP: No enter --- SODI3: No enter --- SODI: No enter --- 
[   32.367316] (4)[0:swapper/4]mcdi cpu: 293, 991, 306, 459, 756, 485, 387, 114, cluster : 0, 6, pause = 0, multi core = 0, latency = 29, residency = 0, last core = 0, avail cpu = 00ff, cluster = 0003, enabled = 1, max_s_state = 5, system_idle_hint = 00000000
[   32.381814] (0)[341:recovery][M4U] m4u_fb_notifier_callback 1, 9
[   32.381821] (0)[341:recovery][black_check]: black_fb_notifier_callback:event = 1 status:3
[   32.381825] (0)[341:recovery][bright_check]: bright_fb_notifier_callback:event = 1,status:3
[   32.381828] (0)[341:recovery][WAKELOCK_PROFILE]ws_fb_notify_callback: val=1, blank=0
[   32.381832] (0)[341:recovery]gf_tee: [info] goodix_fb_state_chg_callback go to the goodix_fb_state_chg_callback value = 1
[   32.626437] (3)[647:usb ffs open]read descriptors
[   32.626459] (3)[647:usb ffs open]read strings
[   33.018695] (1)[313:kworker/1:3]last full = 0, full = 0
[   33.028054] (7)[351:health@2.1-serv][OPLUS_CHG][oplus_ac_get_property]0 0 0 0 0 0 0 1 0 ac_online:0
[   33.028432] (7)[351:health@2.1-serv]bq2560x-charger 5-006b: bq2560x_charger_get_online: online = 0
[   33.028556] (7)[351:health@2.1-serv]healthd: battery l=50 v=3814 t=38.0 h=2 st=4 c=386 fc=0 chg=
[   33.028725] (1)[55:kworker/1:1]get prop 105 is not supported in batt
[   33.030621] (7)[351:health@2.1-serv][OPLUS_CHG][oplus_ac_get_property]0 0 0 0 0 0 0 1 0 ac_online:0
[   33.030958] (7)[351:health@2.1-serv]bq2560x-charger 5-006b: bq2560x_charger_get_online: online = 0
[   33.033065] (7)[351:health@2.1-serv][OPLUS_CHG][oplus_ac_get_property]0 0 0 0 0 0 0 1 0 ac_online:0
[   33.033429] (7)[351:health@2.1-serv]bq2560x-charger 5-006b: bq2560x_charger_get_online: online = 0
[   33.033536] (7)[351:health@2.1-serv]healthd: battery l=50 v=3814 t=38.0 h=2 st=4 c=414 fc=0 chg=
[   33.033631] (1)[313:kworker/1:3][bq2560x]:bq2560x_dump_regs: [00]=0x7f  [01]=0x0a  [02]=0x85  [03]=0x33  [04]=0x88  [05]=0x87  [06]=0x55  [07]=0x49  [08]=0x01  [09]=0x00  [0a]=0x03  [0b]=0x14  
[   33.033683] (1)[313:kworker/1:3][OPLUS_CHG][oplus_chg_print_log] CHGR[ 0 / 0 / 18 / 3 / 2 ], BAT[ 1 / 0 / 0 / 0 / 1 / 0 ], GAUGE[ 380 / 3814 / 3815 / 414 / -1 / 50 / 50 / 50 / -1 / 0 / 0 / 0 / 0 / 0 / 0 / 0 / 0 / 0 / 0 / 0 / 0 / 0 /], STATUS[ 0x0 / 0 / 0 / 0 / 0 / 0x0 ], OTHER[ 1 / 1 / 7 / 2 / 0/ 0 / -2740]
[   33.035477] (7)[351:health@2.1-serv][OPLUS_CHG][oplus_ac_get_property]0 0 0 0 0 0 0 1 0 ac_online:0
[   33.035819] (7)[351:health@2.1-serv]bq2560x-charger 5-006b: bq2560x_charger_get_online: online = 0
[   33.146374] (3)[58:kworker/3:1]oppo_custome_sync_work is called
[   33.146464] (0)[14:kworker/0:1]oppo_custome_sync_work: file /dev/block/by-name/oppo_custom is no exit
[   33.242365] (0)[14:kworker/0:1]MTP, <do_monitor_work(), 2033> IN <1 0 0 0 1 0 0 0 0 >
[   33.242400] (0)[14:kworker/0:1]MTP, <do_monitor_work(), 2040> OUT <0 0 0 0 0 0 0 0 0 >
[   33.274777] (2)[56:kworker/2:1][Thermal/TZ/PMIC] [tsbuck2_raw_to_temp] 656, 391649, 1000000, -1863
[   33.274803] (2)[56:kworker/2:1][Thermal/TZ/PMIC] [tsbuck2_raw_to_temp] t_current=39529
[   33.274816] (2)[56:kworker/2:1][Thermal/TZ/PMIC] mt6357tsbuck2_get_hw_temp raw=656 T=39529
[   33.274826] (2)[56:kworker/2:1][Thermal/TZ/PMIC] mt6357tsbuck2_get_hw_temp pre_tsbuck2_temp1=39529
[   33.352922] (5)[118:watchdogd]watchdog0, mtk wdt ping, wdd->status=8
[   33.412864] (0)[341:recovery][M4U] m4u_fb_notifier_callback 1, 9
[   33.412871] (0)[341:recovery][black_check]: black_fb_notifier_callback:event = 1 status:3
[   33.412875] (0)[341:recovery][bright_check]: bright_fb_notifier_callback:event = 1,status:3
[   33.412878] (0)[341:recovery][WAKELOCK_PROFILE]ws_fb_notify_callback: val=1, blank=0
[   33.412882] (0)[341:recovery]gf_tee: [info] goodix_fb_state_chg_callback go to the goodix_fb_state_chg_callback value = 1
[   33.420089] (3)[1:init]init: starting service 'cryptoeng-1-0'...
[   33.428640] (2)[1:init]init: Service 'cryptoeng-1-0' (pid 672) exited with status 1
[   33.428678] (2)[1:init]init: Sending signal 9 to service 'cryptoeng-1-0' (pid 672) process group...
[   33.428817] (2)[1:init]libprocessgroup: Successfully killed process cgroup uid 0 pid 672 in 0ms
[   33.682392] (1)[647:usb ffs open]read descriptors
[   33.682416] (1)[647:usb ffs open]read strings
[   33.786110] (2)[56:kworker/2:1]vs1: disabling
[   33.786133] (2)[56:kworker/2:1]regulator regulator.1: mt6357_regulator_disable:VS1 should not be disable.(use_count=0)
[   33.786138] (2)[56:kworker/2:1]vs1: couldn't disable: -5
[   33.786148] (2)[56:kworker/2:1]vmodem: disabling
[   33.786154] (2)[56:kworker/2:1]regulator regulator.2: mt6357_regulator_disable:VMODEM should not be disable.(use_count=0)
[   33.786158] (2)[56:kworker/2:1]vmodem: couldn't disable: -5
[   33.786168] (2)[56:kworker/2:1]vcore: disabling
[   33.786173] (2)[56:kworker/2:1]regulator regulator.3: mt6357_regulator_disable:VCORE should not be disable.(use_count=0)
[   33.786178] (2)[56:kworker/2:1]vcore: couldn't disable: -5
[   33.786187] (2)[56:kworker/2:1]vproc: disabling
[   33.786193] (2)[56:kworker/2:1]regulator regulator.4: mt6357_regulator_disable:VPROC should not be disable.(use_count=0)
[   33.786197] (2)[56:kworker/2:1]vproc: couldn't disable: -5
[   33.786230] (2)[56:kworker/2:1]vxo22: disabling
[   33.786236] (2)[56:kworker/2:1]regulator regulator.7: mt6357_regulator_disable:VXO22 should not be disable.(use_count=0)
[   33.786240] (2)[56:kworker/2:1]vxo22: couldn't disable: -5
[   33.786303] (2)[56:kworker/2:1]vsram_others: disabling
[   33.786309] (2)[56:kworker/2:1]regulator regulator.19: mt6357_regulator_disable:VSRAM_OTHERS should not be disable.(use_count=0)
[   33.786314] (2)[56:kworker/2:1]vsram_others: couldn't disable: -5
[   33.786323] (2)[56:kworker/2:1]vsram_proc: disabling
[   33.786330] (2)[56:kworker/2:1]regulator regulator.20: mt6357_regulator_disable:VSRAM_PROC should not be disable.(use_count=0)
[   33.786334] (2)[56:kworker/2:1]vsram_proc: couldn't disable: -5
[   33.786343] (2)[56:kworker/2:1]vaux18: disabling
[   33.786349] (2)[56:kworker/2:1]regulator regulator.21: mt6357_regulator_disable:VAUX18 should not be disable.(use_count=0)
[   33.786353] (2)[56:kworker/2:1]vaux18: couldn't disable: -5
[   33.786363] (2)[56:kworker/2:1]vaud28: disabling
[   33.786369] (2)[56:kworker/2:1]regulator regulator.22: mt6357_regulator_disable:VAUD28 should not be disable.(use_count=0)
[   33.786373] (2)[56:kworker/2:1]vaud28: couldn't disable: -5
[   33.786383] (2)[56:kworker/2:1]vio18: disabling
[   33.786389] (2)[56:kworker/2:1]regulator regulator.24: mt6357_regulator_disable:VIO18 should not be disable.(use_count=0)
[   33.786393] (2)[56:kworker/2:1]vio18: couldn't disable: -5
[   33.786436] (2)[56:kworker/2:1]vusb33: disabling
[   33.786443] (2)[56:kworker/2:1]regulator regulator.32: mt6357_regulator_disable:VUSB33 should not be disable.(use_count=0)
[   33.786447] (2)[56:kworker/2:1]vusb33: couldn't disable: -5
[   33.787796] (0)[341:recovery]regulator_vibrator activate_store(258) :set activate duration = 1, 40
[   33.787806] (0)[341:recovery]regulator_vibrator vibrator_enable(198) :cancel hrtimer, cust:50-15000, dur:40, shutdown:0
[   33.787931] (1)[7:kworker/u16:0]regulator_vibrator update_vibrator(171) :vibr_state = 1
[   33.811837] (0)[341:recovery][M4U] m4u_fb_notifier_callback 1, 9
[   33.811845] (0)[341:recovery][black_check]: black_fb_notifier_callback:event = 1 status:3
[   33.811848] (0)[341:recovery][bright_check]: bright_fb_notifier_callback:event = 1,status:3
[   33.811852] (0)[341:recovery][WAKELOCK_PROFILE]ws_fb_notify_callback: val=1, blank=0
[   33.811856] (0)[341:recovery]gf_tee: [info] goodix_fb_state_chg_callback go to the goodix_fb_state_chg_callback value = 1
[   33.819219] (3)[286:dlpt_notify_thr][get_dlpt_imix] 38026,5603,170,4693
[   33.819239] (3)[286:dlpt_notify_thr][PBM] [ma_to_mw] 3814(mV) * 4693(mA) = 17899(mW)
[   33.819251] (3)[286:dlpt_notify_thr][DLPT_final] 4693,-19,50,5500
[   33.819507] (7)[205:pbm][Power/PPM] (0x20)(10268)(0)(0-7)(15)(0)(4)(4) (15)(0)(4)(4) 
[   33.819614] (4)[303:hps_main]CPU 0 ==>1
[   33.819641] (4)[303:hps_main]CPU 1 ==>1
[   33.819662] (4)[303:hps_main]CPU 2 ==>1
[   33.819681] (4)[303:hps_main]CPU 3 ==>1
[   33.819700] (4)[303:hps_main]CPU 4 ==>1
[   33.819719] (4)[303:hps_main]CPU 5 ==>1
[   33.819738] (4)[303:hps_main]CPU 6 ==>1
[   33.819756] (4)[303:hps_main]CPU 7 ==>1
[   33.837926] (2)[7:kworker/u16:0]regulator_vibrator update_vibrator(171) :vibr_state = 0
[   34.011832] (0)[341:recovery][M4U] m4u_fb_notifier_callback 1, 9
[   34.011845] (0)[341:recovery][black_check]: black_fb_notifier_callback:event = 1 status:3
[   34.011852] (0)[341:recovery][bright_check]: bright_fb_notifier_callback:event = 1,status:3
[   34.011859] (0)[341:recovery][WAKELOCK_PROFILE]ws_fb_notify_callback: val=1, blank=0
[   34.011867] (0)[341:recovery]gf_tee: [info] goodix_fb_state_chg_callback go to the goodix_fb_state_chg_callback value = 1
[   34.061544] (0)[341:recovery][M4U] m4u_fb_notifier_callback 1, 9
[   34.061553] (0)[341:recovery][black_check]: black_fb_notifier_callback:event = 1 status:3
[   34.061556] (0)[341:recovery][bright_check]: bright_fb_notifier_callback:event = 1,status:3
[   34.061559] (0)[341:recovery][WAKELOCK_PROFILE]ws_fb_notify_callback: val=1, blank=0
[   34.061564] (0)[341:recovery]gf_tee: [info] goodix_fb_state_chg_callback go to the goodix_fb_state_chg_callback value = 1
[   34.170036] (3)[58:kworker/3:1]oppo_custome_sync_work is called
[   34.170078] (0)[14:kworker/0:1]oppo_custome_sync_work: file /dev/block/by-name/oppo_custom is no exit
[   34.265929] (0)[14:kworker/0:1]MTP, <do_monitor_work(), 2033> IN <1 0 0 0 1 0 0 0 0 >
[   34.265944] (0)[14:kworker/0:1]MTP, <do_monitor_work(), 2040> OUT <0 0 0 0 0 0 0 0 0 >
[   34.722889] (4)[647:usb ffs open]read descriptors
[   34.722948] (4)[647:usb ffs open]read strings
[   34.952920] (0)[341:recovery]regulator_vibrator activate_store(258) :set activate duration = 1, 40
[   34.952950] (0)[341:recovery]regulator_vibrator vibrator_enable(198) :cancel hrtimer, cust:50-15000, dur:40, shutdown:0
[   34.953128] (1)[7:kworker/u16:0]regulator_vibrator update_vibrator(171) :vibr_state = 1
[   35.003056] (4)[7:kworker/u16:0]regulator_vibrator update_vibrator(171) :vibr_state = 0
[   35.009266] (0)[341:recovery][M4U] m4u_fb_notifier_callback 1, 9
[   35.009273] (0)[341:recovery][black_check]: black_fb_notifier_callback:event = 1 status:3
[   35.009276] (0)[341:recovery][bright_check]: bright_fb_notifier_callback:event = 1,status:3
[   35.009280] (0)[341:recovery][WAKELOCK_PROFILE]ws_fb_notify_callback: val=1, blank=0
[   35.009284] (0)[341:recovery]gf_tee: [info] goodix_fb_state_chg_callback go to the goodix_fb_state_chg_callback value = 1
[   35.076002] (0)[341:recovery][M4U] m4u_fb_notifier_callback 1, 9
[   35.076015] (0)[341:recovery][black_check]: black_fb_notifier_callback:event = 1 status:3
[   35.076022] (0)[341:recovery][bright_check]: bright_fb_notifier_callback:event = 1,status:3
[   35.076029] (0)[341:recovery][WAKELOCK_PROFILE]ws_fb_notify_callback: val=1, blank=0
[   35.076036] (0)[341:recovery]gf_tee: [info] goodix_fb_state_chg_callback go to the goodix_fb_state_chg_callback value = 1
[   35.142486] (0)[341:recovery][M4U] m4u_fb_notifier_callback 1, 9
[   35.142498] (0)[341:recovery][black_check]: black_fb_notifier_callback:event = 1 status:3
[   35.142505] (0)[341:recovery][bright_check]: bright_fb_notifier_callback:event = 1,status:3
[   35.142511] (0)[341:recovery][WAKELOCK_PROFILE]ws_fb_notify_callback: val=1, blank=0
[   35.142519] (0)[341:recovery]gf_tee: [info] goodix_fb_state_chg_callback go to the goodix_fb_state_chg_callback value = 1
[   35.194090] (3)[58:kworker/3:1]oppo_custome_sync_work is called
[   35.194129] (0)[14:kworker/0:1]oppo_custome_sync_work: file /dev/block/by-name/oppo_custom is no exit
[   35.289927] (0)[14:kworker/0:1]MTP, <do_monitor_work(), 2033> IN <1 0 0 0 1 0 0 0 0 >
[   35.289942] (0)[14:kworker/0:1]MTP, <do_monitor_work(), 2040> OUT <0 0 0 0 0 0 0 0 0 >
[   35.392055] (0)[341:recovery][M4U] m4u_fb_notifier_callback 1, 9
[   35.392069] (0)[341:recovery][black_check]: black_fb_notifier_callback:event = 1 status:3
[   35.392075] (0)[341:recovery][bright_check]: bright_fb_notifier_callback:event = 1,status:3
[   35.392082] (0)[341:recovery][WAKELOCK_PROFILE]ws_fb_notify_callback: val=1, blank=0
[   35.392090] (0)[341:recovery]gf_tee: [info] goodix_fb_state_chg_callback go to the goodix_fb_state_chg_callback value = 1
[   35.707813] (0)[341:recovery][M4U] m4u_fb_notifier_callback 1, 9
[   35.707826] (0)[341:recovery][black_check]: black_fb_notifier_callback:event = 1 status:3
[   35.707832] (0)[341:recovery][bright_check]: bright_fb_notifier_callback:event = 1,status:3
[   35.707839] (0)[341:recovery][WAKELOCK_PROFILE]ws_fb_notify_callback: val=1, blank=0
[   35.707847] (0)[341:recovery]gf_tee: [info] goodix_fb_state_chg_callback go to the goodix_fb_state_chg_callback value = 1
[   35.708444] (0)[341:recovery]regulator_vibrator activate_store(258) :set activate duration = 1, 40
[   35.708462] (0)[341:recovery]regulator_vibrator vibrator_enable(198) :cancel hrtimer, cust:50-15000, dur:40, shutdown:0
[   35.708678] (5)[7:kworker/u16:0]regulator_vibrator update_vibrator(171) :vibr_state = 1
[   35.757678] (0)[341:recovery][M4U] m4u_fb_notifier_callback 1, 9
[   35.757691] (0)[341:recovery][black_check]: black_fb_notifier_callback:event = 1 status:3
[   35.757697] (0)[341:recovery][bright_check]: bright_fb_notifier_callback:event = 1,status:3
[   35.757704] (0)[341:recovery][WAKELOCK_PROFILE]ws_fb_notify_callback: val=1, blank=0
[   35.757712] (0)[341:recovery]gf_tee: [info] goodix_fb_state_chg_callback go to the goodix_fb_state_chg_callback value = 1
[   35.758692] (5)[7:kworker/u16:0]regulator_vibrator update_vibrator(171) :vibr_state = 0
[   35.770672] (5)[647:usb ffs open]read descriptors
[   35.770724] (5)[647:usb ffs open]read strings
[   35.874323] (0)[341:recovery][M4U] m4u_fb_notifier_callback 1, 9
[   35.874336] (0)[341:recovery][black_check]: black_fb_notifier_callback:event = 1 status:3
[   35.874342] (0)[341:recovery][bright_check]: bright_fb_notifier_callback:event = 1,status:3
[   35.874349] (0)[341:recovery][WAKELOCK_PROFILE]ws_fb_notify_callback: val=1, blank=0
[   35.874357] (0)[341:recovery]gf_tee: [info] goodix_fb_state_chg_callback go to the goodix_fb_state_chg_callback value = 1
[   35.940722] (0)[341:recovery][M4U] m4u_fb_notifier_callback 1, 9
[   35.940731] (0)[341:recovery][black_check]: black_fb_notifier_callback:event = 1 status:3
[   35.940734] (0)[341:recovery][bright_check]: bright_fb_notifier_callback:event = 1,status:3
[   35.940737] (0)[341:recovery][WAKELOCK_PROFILE]ws_fb_notify_callback: val=1, blank=0
[   35.940741] (0)[341:recovery]gf_tee: [info] goodix_fb_state_chg_callback go to the goodix_fb_state_chg_callback value = 1
[   36.218105] (3)[58:kworker/3:1]oppo_custome_sync_work is called
[   36.218172] (0)[341:recovery]oppo_custome_sync_work: file /dev/block/by-name/oppo_custom is no exit
[   36.256781] (0)[341:recovery][M4U] m4u_fb_notifier_callback 1, 9
[   36.256793] (0)[341:recovery][black_check]: black_fb_notifier_callback:event = 1 status:3
[   36.256800] (0)[341:recovery][bright_check]: bright_fb_notifier_callback:event = 1,status:3
[   36.256806] (0)[341:recovery][WAKELOCK_PROFILE]ws_fb_notify_callback: val=1, blank=0
[   36.256814] (0)[341:recovery]gf_tee: [info] goodix_fb_state_chg_callback go to the goodix_fb_state_chg_callback value = 1
[   36.313927] (0)[14:kworker/0:1]MTP, <do_monitor_work(), 2033> IN <1 0 0 0 1 0 0 0 0 >
[   36.313940] (0)[14:kworker/0:1]MTP, <do_monitor_work(), 2040> OUT <0 0 0 0 0 0 0 0 0 >
[   36.346417] (6)[7:kworker/u16:0][SCP] scp_ipi_send: SCP A not ready
[   36.346451] (6)[7:kworker/u16:0][sensorHub] scp_ipi_send fail
[   36.346580] (2)[56:kworker/2:1][sensorHub] scp_sensorHub_req_send fail!
[   36.814754] (4)[647:usb ffs open]read descriptors
[   36.814815] (4)[647:usb ffs open]read strings
[   37.242373] (3)[58:kworker/3:1]oppo_custome_sync_work is called
[   37.242462] (0)[14:kworker/0:1]oppo_custome_sync_work: file /dev/block/by-name/oppo_custom is no exit
[   37.338119] (0)[14:kworker/0:1]MTP, <do_monitor_work(), 2033> IN <1 0 0 0 1 0 0 0 0 >
[   37.338154] (0)[14:kworker/0:1]MTP, <do_monitor_work(), 2040> OUT <0 0 0 0 0 0 0 0 0 >
[   37.369258] (5)[0:swapper/5][name:spm&]Power/swap DP: No enter --- SODI3: No enter --- SODI: No enter --- 
[   37.369433] (5)[0:swapper/5]mcdi cpu: 174, 807, 277, 106, 367, 397, 378, 116, cluster : 222, 612, pause = 283, multi core = 106, latency = 3, residency = 1, last core = 281, avail cpu = 00ff, cluster = 0003, enabled = 1, max_s_state = 5, system_idle_hint = 00000000
[   37.370668] -(2)[56:kworker/2:1]mt635x_auxadc_read_raw: 1 callbacks suppressed
[   37.370681] (2)[56:kworker/2:1][Thermal/TZ/PMIC] [tsbuck1_raw_to_temp] 656, 390576, 1000000, -1863
[   37.370710] (2)[56:kworker/2:1][Thermal/TZ/PMIC] [tsbuck1_raw_to_temp] t_current=38456
[   37.370721] (2)[56:kworker/2:1][Thermal/TZ/PMIC] mt6357tsbuck1_get_hw_temp raw=656 T=38456
[   37.370733] (2)[56:kworker/2:1][Thermal/TZ/PMIC] mt6357tsbuck1_get_hw_temp pre_tsbuck1_temp1=38456
[   37.553682] (0)[341:recovery][M4U] m4u_fb_notifier_callback 1, 9
[   37.553694] (0)[341:recovery][black_check]: black_fb_notifier_callback:event = 1 status:3
[   37.553700] (0)[341:recovery][bright_check]: bright_fb_notifier_callback:event = 1,status:3
[   37.553707] (0)[341:recovery][WAKELOCK_PROFILE]ws_fb_notify_callback: val=1, blank=0
[   37.553715] (0)[341:recovery]gf_tee: [info] goodix_fb_state_chg_callback go to the goodix_fb_state_chg_callback value = 1
[   37.620205] (0)[341:recovery][M4U] m4u_fb_notifier_callback 1, 9
[   37.620217] (0)[341:recovery][black_check]: black_fb_notifier_callback:event = 1 status:3
[   37.620223] (0)[341:recovery][bright_check]: bright_fb_notifier_callback:event = 1,status:3
[   37.620230] (0)[341:recovery][WAKELOCK_PROFILE]ws_fb_notify_callback: val=1, blank=0
[   37.620238] (0)[341:recovery]gf_tee: [info] goodix_fb_state_chg_callback go to the goodix_fb_state_chg_callback value = 1
[   37.621151] (0)[341:recovery]regulator_vibrator activate_store(258) :set activate duration = 1, 40
[   37.621171] (0)[341:recovery]regulator_vibrator vibrator_enable(198) :cancel hrtimer, cust:50-15000, dur:40, shutdown:0
[   37.621398] (5)[7:kworker/u16:0]regulator_vibrator update_vibrator(171) :vibr_state = 1
[   37.671562] (5)[7:kworker/u16:0]regulator_vibrator update_vibrator(171) :vibr_state = 0
[   37.686915] (1)[341:recovery][M4U] m4u_fb_notifier_callback 1, 9
[   37.686928] (1)[341:recovery][black_check]: black_fb_notifier_callback:event = 1 status:3
[   37.686934] (1)[341:recovery][bright_check]: bright_fb_notifier_callback:event = 1,status:3
[   37.686941] (1)[341:recovery][WAKELOCK_PROFILE]ws_fb_notify_callback: val=1, blank=0
[   37.686948] (1)[341:recovery]gf_tee: [info] goodix_fb_state_chg_callback go to the goodix_fb_state_chg_callback value = 1
[   37.858607] (5)[647:usb ffs open]read descriptors
[   37.858664] (5)[647:usb ffs open]read strings
[   37.881962] (1)[313:kworker/1:3]last full = 0, full = 0
[   37.888490] (1)[55:kworker/1:1]get prop 105 is not supported in batt
[   37.890649] (4)[351:health@2.1-serv][OPLUS_CHG][oplus_ac_get_property]0 0 0 0 0 0 0 1 0 ac_online:0
[   37.891026] (4)[351:health@2.1-serv]bq2560x-charger 5-006b: bq2560x_charger_get_online: online = 0
[   37.891149] (4)[351:health@2.1-serv]healthd: battery l=50 v=3800 t=38.0 h=2 st=4 c=500 fc=0 chg=
[   37.892999] (4)[351:health@2.1-serv][OPLUS_CHG][oplus_ac_get_property]0 0 0 0 0 0 0 1 0 ac_online:0
[   37.893333] (4)[351:health@2.1-serv]bq2560x-charger 5-006b: bq2560x_charger_get_online: online = 0
[   37.893548] (1)[313:kworker/1:3][bq2560x]:bq2560x_dump_regs: [00]=0x7f  [01]=0x0a  [02]=0x85  [03]=0x33  [04]=0x88  [05]=0x87  [06]=0x55  [07]=0x49  [08]=0x01  [09]=0x00  [0a]=0x03  [0b]=0x14  
[   37.893576] (1)[313:kworker/1:3][OPLUS_CHG][oplus_chg_print_log] CHGR[ 0 / 0 / 18 / 3 / 2 ], BAT[ 1 / 0 / 0 / 0 / 1 / 0 ], GAUGE[ 380 / 3800 / 3803 / 500 / -1 / 50 / 50 / 50 / -1 / 0 / 0 / 0 / 0 / 0 / 0 / 0 / 0 / 0 / 0 / 0 / 0 / 0 /], STATUS[ 0x0 / 0 / 0 / 0 / 0 / 0x0 ], OTHER[ 1 / 1 / 7 / 2 / 0/ 0 / -2740]
[   37.895359] (4)[351:health@2.1-serv][OPLUS_CHG][oplus_ac_get_property]0 0 0 0 0 0 0 1 0 ac_online:0
[   37.895694] (4)[351:health@2.1-serv]bq2560x-charger 5-006b: bq2560x_charger_get_online: online = 0
[   37.895798] (4)[351:health@2.1-serv]healthd: battery l=50 v=3800 t=38.0 h=2 st=4 c=500 fc=0 chg=
[   37.897581] (4)[351:health@2.1-serv][OPLUS_CHG][oplus_ac_get_property]0 0 0 0 0 0 0 1 0 ac_online:0
[   37.898082] (4)[351:health@2.1-serv]bq2560x-charger 5-006b: bq2560x_charger_get_online: online = 0
[   38.202484] (0)[341:recovery][M4U] m4u_fb_notifier_callback 1, 9
[   38.202498] (0)[341:recovery][black_check]: black_fb_notifier_callback:event = 1 status:3
[   38.202504] (0)[341:recovery][bright_check]: bright_fb_notifier_callback:event = 1,status:3
[   38.202511] (0)[341:recovery][WAKELOCK_PROFILE]ws_fb_notify_callback: val=1, blank=0
[   38.202519] (0)[341:recovery]gf_tee: [info] goodix_fb_state_chg_callback go to the goodix_fb_state_chg_callback value = 1
[   38.266075] (3)[58:kworker/3:1]oppo_custome_sync_work is called
[   38.266115] (0)[14:kworker/0:1]oppo_custome_sync_work: file /dev/block/by-name/oppo_custom is no exit
[   38.361929] (0)[14:kworker/0:1]MTP, <do_monitor_work(), 2033> IN <1 0 0 0 1 0 0 0 0 >
[   38.361944] (0)[14:kworker/0:1]MTP, <do_monitor_work(), 2040> OUT <0 0 0 0 0 0 0 0 0 >
[   38.394402] (2)[56:kworker/2:1][Thermal/TZ/PMIC] [tsbuck2_raw_to_temp] 656, 391649, 1000000, -1863
[   38.394415] (2)[56:kworker/2:1][Thermal/TZ/PMIC] [tsbuck2_raw_to_temp] t_current=39529
[   38.394420] (2)[56:kworker/2:1][Thermal/TZ/PMIC] mt6357tsbuck2_get_hw_temp raw=656 T=39529
[   38.394425] (2)[56:kworker/2:1][Thermal/TZ/PMIC] mt6357tsbuck2_get_hw_temp pre_tsbuck2_temp1=39529
[   38.423734] (3)[1:init]init: starting service 'cryptoeng-1-0'...
[   38.432032] (6)[1:init]init: Service 'cryptoeng-1-0' (pid 678) exited with status 1
[   38.432153] (6)[1:init]init: Sending signal 9 to service 'cryptoeng-1-0' (pid 678) process group...
[   38.432541] (6)[1:init]libprocessgroup: Successfully killed process cgroup uid 0 pid 678 in 0ms
[   38.560490] (0)[341:recovery]regulator_vibrator activate_store(258) :set activate duration = 1, 40
[   38.560508] (0)[341:recovery]regulator_vibrator vibrator_enable(198) :cancel hrtimer, cust:50-15000, dur:40, shutdown:0
[   38.560734] (4)[262:kworker/u16:2]regulator_vibrator update_vibrator(171) :vibr_state = 1
[   38.610726] (4)[262:kworker/u16:2]regulator_vibrator update_vibrator(171) :vibr_state = 0
[   38.617839] (0)[341:recovery][M4U] m4u_fb_notifier_callback 1, 9
[   38.617851] (0)[341:recovery][black_check]: black_fb_notifier_callback:event = 1 status:3
[   38.617857] (0)[341:recovery][bright_check]: bright_fb_notifier_callback:event = 1,status:3
[   38.617864] (0)[341:recovery][WAKELOCK_PROFILE]ws_fb_notify_callback: val=1, blank=0
[   38.617872] (0)[341:recovery]gf_tee: [info] goodix_fb_state_chg_callback go to the goodix_fb_state_chg_callback value = 1
[   38.751269] (0)[341:recovery][M4U] m4u_fb_notifier_callback 1, 9
[   38.751282] (0)[341:recovery][black_check]: black_fb_notifier_callback:event = 1 status:3
[   38.751288] (0)[341:recovery][bright_check]: bright_fb_notifier_callback:event = 1,status:3
[   38.751295] (0)[341:recovery][WAKELOCK_PROFILE]ws_fb_notify_callback: val=1, blank=0
[   38.751303] (0)[341:recovery]gf_tee: [info] goodix_fb_state_chg_callback go to the goodix_fb_state_chg_callback value = 1
[   38.867610] (0)[341:recovery][M4U] m4u_fb_notifier_callback 1, 9
[   38.867623] (0)[341:recovery][black_check]: black_fb_notifier_callback:event = 1 status:3
[   38.867629] (0)[341:recovery][bright_check]: bright_fb_notifier_callback:event = 1,status:3
[   38.867636] (0)[341:recovery][WAKELOCK_PROFILE]ws_fb_notify_callback: val=1, blank=0
[   38.867644] (0)[341:recovery]gf_tee: [info] goodix_fb_state_chg_callback go to the goodix_fb_state_chg_callback value = 1
[   38.906752] (6)[647:usb ffs open]read descriptors
[   38.906805] (6)[647:usb ffs open]read strings
[   39.290075] (3)[58:kworker/3:1]oppo_custome_sync_work is called
[   39.290124] (0)[14:kworker/0:1]oppo_custome_sync_work: file /dev/block/by-name/oppo_custom is no exit
[   39.386109] (0)[14:kworker/0:1]MTP, <do_monitor_work(), 2033> IN <1 0 0 0 1 0 0 0 0 >
[   39.386144] (0)[14:kworker/0:1]MTP, <do_monitor_work(), 2040> OUT <0 0 0 0 0 0 0 0 0 >
[   39.482791] (0)[341:recovery][M4U] m4u_fb_notifier_callback 1, 9
[   39.482803] (0)[341:recovery][black_check]: black_fb_notifier_callback:event = 1 status:3
[   39.482810] (0)[341:recovery][bright_check]: bright_fb_notifier_callback:event = 1,status:3
[   39.482817] (0)[341:recovery][WAKELOCK_PROFILE]ws_fb_notify_callback: val=1, blank=0
[   39.482825] (0)[341:recovery]gf_tee: [info] goodix_fb_state_chg_callback go to the goodix_fb_state_chg_callback value = 1
[   39.492591] (3)[341:recovery]regulator_vibrator activate_store(258) :set activate duration = 1, 40
[   39.492609] (3)[341:recovery]regulator_vibrator vibrator_enable(198) :cancel hrtimer, cust:50-15000, dur:40, shutdown:0
[   39.492830] (7)[262:kworker/u16:2]regulator_vibrator update_vibrator(171) :vibr_state = 1
[   39.542937] (7)[262:kworker/u16:2]regulator_vibrator update_vibrator(171) :vibr_state = 0
[   39.566098] (3)[341:recovery][M4U] m4u_fb_notifier_callback 1, 9
[   39.566111] (3)[341:recovery][black_check]: black_fb_notifier_callback:event = 1 status:3
[   39.566118] (3)[341:recovery][bright_check]: bright_fb_notifier_callback:event = 1,status:3
[   39.566125] (3)[341:recovery][WAKELOCK_PROFILE]ws_fb_notify_callback: val=1, blank=0
[   39.566133] (3)[341:recovery]gf_tee: [info] goodix_fb_state_chg_callback go to the goodix_fb_state_chg_callback value = 1
[   39.632553] (3)[341:recovery][M4U] m4u_fb_notifier_callback 1, 9
[   39.632561] (3)[341:recovery][black_check]: black_fb_notifier_callback:event = 1 status:3
[   39.632564] (3)[341:recovery][bright_check]: bright_fb_notifier_callback:event = 1,status:3
[   39.632568] (3)[341:recovery][WAKELOCK_PROFILE]ws_fb_notify_callback: val=1, blank=0
[   39.632572] (3)[341:recovery]gf_tee: [info] goodix_fb_state_chg_callback go to the goodix_fb_state_chg_callback value = 1
[   39.974393] (2)[647:usb ffs open]read descriptors
[   39.974415] (2)[647:usb ffs open]read strings
[   40.139873] (5)[421:irq/17-touchpan][TP]touchpanel: touchpanel: Touchpanel id 0 :Down[ 115 1019    5]
[   40.147937] (0)[341:recovery][M4U] m4u_fb_notifier_callback 1, 9
[   40.147948] (0)[341:recovery][black_check]: black_fb_notifier_callback:event = 1 status:3
[   40.147954] (0)[341:recovery][bright_check]: bright_fb_notifier_callback:event = 1,status:3
[   40.147961] (0)[341:recovery][WAKELOCK_PROFILE]ws_fb_notify_callback: val=1, blank=0
[   40.147969] (0)[341:recovery]gf_tee: [info] goodix_fb_state_chg_callback go to the goodix_fb_state_chg_callback value = 1
[   40.197771] (0)[341:recovery][M4U] m4u_fb_notifier_callback 1, 9
[   40.197778] (0)[341:recovery][black_check]: black_fb_notifier_callback:event = 1 status:3
[   40.197781] (0)[341:recovery][bright_check]: bright_fb_notifier_callback:event = 1,status:3
[   40.197785] (0)[341:recovery][WAKELOCK_PROFILE]ws_fb_notify_callback: val=1, blank=0
[   40.197789] (0)[341:recovery]gf_tee: [info] goodix_fb_state_chg_callback go to the goodix_fb_state_chg_callback value = 1
[   40.264325] (0)[341:recovery][M4U] m4u_fb_notifier_callback 1, 9
[   40.264336] (0)[341:recovery][black_check]: black_fb_notifier_callback:event = 1 status:3
[   40.264343] (0)[341:recovery][bright_check]: bright_fb_notifier_callback:event = 1,status:3
[   40.264349] (0)[341:recovery][WAKELOCK_PROFILE]ws_fb_notify_callback: val=1, blank=0
[   40.264357] (0)[341:recovery]gf_tee: [info] goodix_fb_state_chg_callback go to the goodix_fb_state_chg_callback value = 1
[   40.314307] (3)[58:kworker/3:1]oppo_custome_sync_work is called
[   40.314355] (3)[341:recovery]oppo_custome_sync_work: file /dev/block/by-name/oppo_custom is no exit
[   40.314427] (3)[341:recovery][M4U] m4u_fb_notifier_callback 1, 9
[   40.314432] (3)[341:recovery][black_check]: black_fb_notifier_callback:event = 1 status:3
[   40.314435] (3)[341:recovery][bright_check]: bright_fb_notifier_callback:event = 1,status:3
[   40.314439] (3)[341:recovery][WAKELOCK_PROFILE]ws_fb_notify_callback: val=1, blank=0
[   40.314443] (3)[341:recovery]gf_tee: [info] goodix_fb_state_chg_callback go to the goodix_fb_state_chg_callback value = 1
[   40.381005] (0)[341:recovery][M4U] m4u_fb_notifier_callback 1, 9
[   40.381017] (0)[341:recovery][black_check]: black_fb_notifier_callback:event = 1 status:3
[   40.381024] (0)[341:recovery][bright_check]: bright_fb_notifier_callback:event = 1,status:3
[   40.381031] (0)[341:recovery][WAKELOCK_PROFILE]ws_fb_notify_callback: val=1, blank=0
[   40.381039] (0)[341:recovery]gf_tee: [info] goodix_fb_state_chg_callback go to the goodix_fb_state_chg_callback value = 1
[   40.410006] (0)[14:kworker/0:1]MTP, <do_monitor_work(), 2033> IN <1 0 0 0 1 0 0 0 0 >
[   40.410025] (0)[14:kworker/0:1]MTP, <do_monitor_work(), 2040> OUT <0 0 0 0 0 0 0 0 0 >
[   40.447499] (0)[341:recovery][M4U] m4u_fb_notifier_callback 1, 9
[   40.447512] (0)[341:recovery][black_check]: black_fb_notifier_callback:event = 1 status:3
[   40.447519] (0)[341:recovery][bright_check]: bright_fb_notifier_callback:event = 1,status:3
[   40.447526] (0)[341:recovery][WAKELOCK_PROFILE]ws_fb_notify_callback: val=1, blank=0
[   40.447534] (0)[341:recovery]gf_tee: [info] goodix_fb_state_chg_callback go to the goodix_fb_state_chg_callback value = 1
[   40.514116] (0)[341:recovery][M4U] m4u_fb_notifier_callback 1, 9
[   40.514130] (0)[341:recovery][black_check]: black_fb_notifier_callback:event = 1 status:3
[   40.514136] (0)[341:recovery][bright_check]: bright_fb_notifier_callback:event = 1,status:3
[   40.514143] (0)[341:recovery][WAKELOCK_PROFILE]ws_fb_notify_callback: val=1, blank=0
[   40.514151] (0)[341:recovery]gf_tee: [info] goodix_fb_state_chg_callback go to the goodix_fb_state_chg_callback value = 1
[   40.580534] (0)[341:recovery][M4U] m4u_fb_notifier_callback 1, 9
[   40.580546] (0)[341:recovery][black_check]: black_fb_notifier_callback:event = 1 status:3
[   40.580553] (0)[341:recovery][bright_check]: bright_fb_notifier_callback:event = 1,status:3
[   40.580560] (0)[341:recovery][WAKELOCK_PROFILE]ws_fb_notify_callback: val=1, blank=0
[   40.580567] (0)[341:recovery]gf_tee: [info] goodix_fb_state_chg_callback go to the goodix_fb_state_chg_callback value = 1
[   40.647053] (0)[341:recovery][M4U] m4u_fb_notifier_callback 1, 9
[   40.647066] (0)[341:recovery][black_check]: black_fb_notifier_callback:event = 1 status:3
[   40.647073] (0)[341:recovery][bright_check]: bright_fb_notifier_callback:event = 1,status:3
[   40.647080] (0)[341:recovery][WAKELOCK_PROFILE]ws_fb_notify_callback: val=1, blank=0
[   40.647088] (0)[341:recovery]gf_tee: [info] goodix_fb_state_chg_callback go to the goodix_fb_state_chg_callback value = 1
[   40.713381] (0)[341:recovery][M4U] m4u_fb_notifier_callback 1, 9
[   40.713393] (0)[341:recovery][black_check]: black_fb_notifier_callback:event = 1 status:3
[   40.713400] (0)[341:recovery][bright_check]: bright_fb_notifier_callback:event = 1,status:3
[   40.713406] (0)[341:recovery][WAKELOCK_PROFILE]ws_fb_notify_callback: val=1, blank=0
[   40.713414] (0)[341:recovery]gf_tee: [info] goodix_fb_state_chg_callback go to the goodix_fb_state_chg_callback value = 1
[   40.779809] (0)[341:recovery][M4U] m4u_fb_notifier_callback 1, 9
[   40.779834] (0)[341:recovery][black_check]: black_fb_notifier_callback:event = 1 status:3
[   40.779837] (0)[341:recovery][bright_check]: bright_fb_notifier_callback:event = 1,status:3
[   40.779841] (0)[341:recovery][WAKELOCK_PROFILE]ws_fb_notify_callback: val=1, blank=0
[   40.779845] (0)[341:recovery]gf_tee: [info] goodix_fb_state_chg_callback go to the goodix_fb_state_chg_callback value = 1
[   40.846350] (2)[341:recovery][M4U] m4u_fb_notifier_callback 1, 9
[   40.846363] (2)[341:recovery][black_check]: black_fb_notifier_callback:event = 1 status:3
[   40.846369] (2)[341:recovery][bright_check]: bright_fb_notifier_callback:event = 1,status:3
[   40.846376] (2)[341:recovery][WAKELOCK_PROFILE]ws_fb_notify_callback: val=1, blank=0
[   40.846383] (2)[341:recovery]gf_tee: [info] goodix_fb_state_chg_callback go to the goodix_fb_state_chg_callback value = 1
[   40.913086] (3)[341:recovery][M4U] m4u_fb_notifier_callback 1, 9
[   40.913099] (3)[341:recovery][black_check]: black_fb_notifier_callback:event = 1 status:3
[   40.913106] (3)[341:recovery][bright_check]: bright_fb_notifier_callback:event = 1,status:3
[   40.913113] (3)[341:recovery][WAKELOCK_PROFILE]ws_fb_notify_callback: val=1, blank=0
[   40.913120] (3)[341:recovery]gf_tee: [info] goodix_fb_state_chg_callback go to the goodix_fb_state_chg_callback value = 1
[   41.030416] (2)[647:usb ffs open]read descriptors
[   41.030436] (2)[647:usb ffs open]read strings
[   41.096041] (0)[341:recovery][M4U] m4u_fb_notifier_callback 1, 9
[   41.096054] (0)[341:recovery][black_check]: black_fb_notifier_callback:event = 1 status:3
[   41.096061] (0)[341:recovery][bright_check]: bright_fb_notifier_callback:event = 1,status:3
[   41.096068] (0)[341:recovery][WAKELOCK_PROFILE]ws_fb_notify_callback: val=1, blank=0
[   41.096076] (0)[341:recovery]gf_tee: [info] goodix_fb_state_chg_callback go to the goodix_fb_state_chg_callback value = 1
[   41.338069] (3)[58:kworker/3:1]oppo_custome_sync_work is called
[   41.338116] (0)[14:kworker/0:1]oppo_custome_sync_work: file /dev/block/by-name/oppo_custom is no exit
[   41.433925] (0)[14:kworker/0:1]MTP, <do_monitor_work(), 2033> IN <1 0 0 0 1 0 0 0 0 >
[   41.433942] (0)[14:kworker/0:1]MTP, <do_monitor_work(), 2040> OUT <0 0 0 0 0 0 0 0 0 >
[   41.844208] (1)[341:recovery][M4U] m4u_fb_notifier_callback 1, 9
[   41.844221] (1)[341:recovery][black_check]: black_fb_notifier_callback:event = 1 status:3
[   41.844227] (1)[341:recovery][bright_check]: bright_fb_notifier_callback:event = 1,status:3
[   41.844234] (1)[341:recovery][WAKELOCK_PROFILE]ws_fb_notify_callback: val=1, blank=0
[   41.844242] (1)[341:recovery]gf_tee: [info] goodix_fb_state_chg_callback go to the goodix_fb_state_chg_callback value = 1
[   41.984258] -(2)[0:swapper/2][thread:0] 2025-10-05 23:15:38.158568 UTC;android time 2025-10-05 23:15:38.158568
[   42.070402] (0)[647:usb ffs open]read descriptors
[   42.070423] (0)[647:usb ffs open]read strings
[   42.243298] (2)[341:recovery][M4U] m4u_fb_notifier_callback 1, 9
[   42.243310] (2)[341:recovery][black_check]: black_fb_notifier_callback:event = 1 status:3
[   42.243317] (2)[341:recovery][bright_check]: bright_fb_notifier_callback:event = 1,status:3
[   42.243324] (2)[341:recovery][WAKELOCK_PROFILE]ws_fb_notify_callback: val=1, blank=0
[   42.243332] (2)[341:recovery]gf_tee: [info] goodix_fb_state_chg_callback go to the goodix_fb_state_chg_callback value = 1
[   42.309871] (0)[341:recovery][M4U] m4u_fb_notifier_callback 1, 9
[   42.309884] (0)[341:recovery][black_check]: black_fb_notifier_callback:event = 1 status:3
[   42.310011] (0)[341:recovery][bright_check]: bright_fb_notifier_callback:event = 1,status:3
[   42.310018] (0)[341:recovery][WAKELOCK_PROFILE]ws_fb_notify_callback: val=1, blank=0
[   42.310026] (0)[341:recovery]gf_tee: [info] goodix_fb_state_chg_callback go to the goodix_fb_state_chg_callback value = 1
[   42.362084] (3)[58:kworker/3:1]oppo_custome_sync_work is called
[   42.362128] (2)[0:swapper/2]oppo_custome_sync_work: file /dev/block/by-name/oppo_custom is no exit
[   42.370099] (2)[0:swapper/2][name:spm&]Power/swap DP: No enter --- SODI3: No enter --- SODI: No enter --- 
[   42.370154] (2)[0:swapper/2]mcdi cpu: 512, 647, 352, 183, 403, 387, 324, 179, cluster : 125, 461, pause = 128, multi core = 68, latency = 39, residency = 0, last core = 125, avail cpu = 00ff, cluster = 0003, enabled = 1, max_s_state = 5, system_idle_hint = 00000000
[   42.376310] (0)[341:recovery][M4U] m4u_fb_notifier_callback 1, 9
[   42.376320] (0)[341:recovery][black_check]: black_fb_notifier_callback:event = 1 status:3
[   42.376326] (0)[341:recovery][bright_check]: bright_fb_notifier_callback:event = 1,status:3
[   42.376333] (0)[341:recovery][WAKELOCK_PROFILE]ws_fb_notify_callback: val=1, blank=0
[   42.376340] (0)[341:recovery]gf_tee: [info] goodix_fb_state_chg_callback go to the goodix_fb_state_chg_callback value = 1
[   42.442816] (0)[341:recovery][M4U] m4u_fb_notifier_callback 1, 9
[   42.442828] (0)[341:recovery][black_check]: black_fb_notifier_callback:event = 1 status:3
[   42.442834] (0)[341:recovery][bright_check]: bright_fb_notifier_callback:event = 1,status:3
[   42.442841] (0)[341:recovery][WAKELOCK_PROFILE]ws_fb_notify_callback: val=1, blank=0
[   42.442849] (0)[341:recovery]gf_tee: [info] goodix_fb_state_chg_callback go to the goodix_fb_state_chg_callback value = 1
[   42.458019] (0)[14:kworker/0:1]MTP, <do_monitor_work(), 2033> IN <1 0 0 0 1 0 0 0 0 >
[   42.458039] (0)[14:kworker/0:1]MTP, <do_monitor_work(), 2040> OUT <0 0 0 0 0 0 0 0 0 >
[   42.490402] (2)[56:kworker/2:1][Thermal/TZ/PMIC] [tsbuck1_raw_to_temp] 656, 390576, 1000000, -1863
[   42.490420] (2)[56:kworker/2:1][Thermal/TZ/PMIC] [tsbuck1_raw_to_temp] t_current=38456
[   42.490425] (2)[56:kworker/2:1][Thermal/TZ/PMIC] mt6357tsbuck1_get_hw_temp raw=656 T=38456
[   42.490431] (2)[56:kworker/2:1][Thermal/TZ/PMIC] mt6357tsbuck1_get_hw_temp pre_tsbuck1_temp1=38456
[   42.509383] (0)[341:recovery][M4U] m4u_fb_notifier_callback 1, 9
[   42.509395] (0)[341:recovery][black_check]: black_fb_notifier_callback:event = 1 status:3
[   42.509401] (0)[341:recovery][bright_check]: bright_fb_notifier_callback:event = 1,status:3
[   42.509408] (0)[341:recovery][WAKELOCK_PROFILE]ws_fb_notify_callback: val=1, blank=0
[   42.509416] (0)[341:recovery]gf_tee: [info] goodix_fb_state_chg_callback go to the goodix_fb_state_chg_callback value = 1
[   42.575881] (0)[341:recovery][M4U] m4u_fb_notifier_callback 1, 9
[   42.575894] (0)[341:recovery][black_check]: black_fb_notifier_callback:event = 1 status:3
[   42.575900] (0)[341:recovery][bright_check]: bright_fb_notifier_callback:event = 1,status:3
[   42.575907] (0)[341:recovery][WAKELOCK_PROFILE]ws_fb_notify_callback: val=1, blank=0
[   42.575914] (0)[341:recovery]gf_tee: [info] goodix_fb_state_chg_callback go to the goodix_fb_state_chg_callback value = 1
[   42.642367] (0)[341:recovery][M4U] m4u_fb_notifier_callback 1, 9
[   42.642379] (0)[341:recovery][black_check]: black_fb_notifier_callback:event = 1 status:3
[   42.642385] (0)[341:recovery][bright_check]: bright_fb_notifier_callback:event = 1,status:3
[   42.642392] (0)[341:recovery][WAKELOCK_PROFILE]ws_fb_notify_callback: val=1, blank=0
[   42.642400] (0)[341:recovery]gf_tee: [info] goodix_fb_state_chg_callback go to the goodix_fb_state_chg_callback value = 1
[   43.002048] (1)[313:kworker/1:3]last full = 0, full = 0
[   43.011934] (1)[55:kworker/1:1]get prop 105 is not supported in batt
[   43.012347] (6)[351:health@2.1-serv][OPLUS_CHG][oplus_ac_get_property]0 0 0 0 0 0 0 1 0 ac_online:0
[   43.012719] (6)[351:health@2.1-serv]bq2560x-charger 5-006b: bq2560x_charger_get_online: online = 0
[   43.012840] (6)[351:health@2.1-serv]healthd: battery l=50 v=3799 t=38.0 h=2 st=4 c=507 fc=0 chg=
[   43.014793] (6)[351:health@2.1-serv][OPLUS_CHG][oplus_ac_get_property]0 0 0 0 0 0 0 1 0 ac_online:0
[   43.015150] (6)[351:health@2.1-serv]bq2560x-charger 5-006b: bq2560x_charger_get_online: online = 0
[   43.015243] (1)[313:kworker/1:3][bq2560x]:bq2560x_dump_regs: [00]=0x7f  [01]=0x0a  [02]=0x85  [03]=0x33  [04]=0x88  [05]=0x87  [06]=0x55  [07]=0x49  [08]=0x01  [09]=0x00  [0a]=0x03  [0b]=0x14  
[   43.015271] (1)[313:kworker/1:3][OPLUS_CHG][oplus_chg_print_log] CHGR[ 0 / 0 / 18 / 3 / 2 ], BAT[ 1 / 0 / 0 / 0 / 1 / 0 ], GAUGE[ 380 / 3799 / 3800 / 506 / -1 / 50 / 50 / 50 / -1 / 0 / 0 / 0 / 0 / 0 / 0 / 0 / 0 / 0 / 0 / 0 / 0 / 0 /], STATUS[ 0x0 / 0 / 0 / 0 / 0 / 0x0 ], OTHER[ 1 / 1 / 7 / 2 / 0/ 0 / -2740]
[   43.017055] (6)[351:health@2.1-serv][OPLUS_CHG][oplus_ac_get_property]0 0 0 0 0 0 0 1 0 ac_online:0
[   43.017388] (6)[351:health@2.1-serv]bq2560x-charger 5-006b: bq2560x_charger_get_online: online = 0
[   43.017491] (6)[351:health@2.1-serv]healthd: battery l=50 v=3799 t=38.0 h=2 st=4 c=548 fc=0 chg=
[   43.019353] (6)[351:health@2.1-serv][OPLUS_CHG][oplus_ac_get_property]0 0 0 0 0 0 0 1 0 ac_online:0
[   43.019687] (6)[351:health@2.1-serv]bq2560x-charger 5-006b: bq2560x_charger_get_online: online = 0
[   43.150680] (2)[647:usb ffs open]read descriptors
[   43.150717] (2)[647:usb ffs open]read strings
[   43.386390] (3)[58:kworker/3:1]oppo_custome_sync_work is called
[   43.386479] (4)[1:init]oppo_custome_sync_work: file /dev/block/by-name/oppo_custom is no exit
[   43.427518] (4)[1:init]init: starting service 'cryptoeng-1-0'...
[   43.439141] (4)[1:init]init: Service 'cryptoeng-1-0' (pid 684) exited with status 1
[   43.439268] (4)[1:init]init: Sending signal 9 to service 'cryptoeng-1-0' (pid 684) process group...
[   43.439664] (4)[1:init]libprocessgroup: Successfully killed process cgroup uid 0 pid 684 in 0ms
[   43.482268] (0)[14:kworker/0:1]MTP, <do_monitor_work(), 2033> IN <1 0 0 0 1 0 0 0 0 >
[   43.482299] (0)[14:kworker/0:1]MTP, <do_monitor_work(), 2040> OUT <0 0 0 0 0 0 0 0 0 >
[   43.514726] (2)[56:kworker/2:1][Thermal/TZ/PMIC] [tsbuck2_raw_to_temp] 656, 391649, 1000000, -1863
[   43.514753] (2)[56:kworker/2:1][Thermal/TZ/PMIC] [tsbuck2_raw_to_temp] t_current=39529
[   43.514765] (2)[56:kworker/2:1][Thermal/TZ/PMIC] mt6357tsbuck2_get_hw_temp raw=656 T=39529
[   43.514776] (2)[56:kworker/2:1][Thermal/TZ/PMIC] mt6357tsbuck2_get_hw_temp pre_tsbuck2_temp1=39529
[   43.839692] (0)[341:recovery][M4U] m4u_fb_notifier_callback 1, 9
[   43.839718] (0)[341:recovery][black_check]: black_fb_notifier_callback:event = 1 status:3
[   43.839721] (0)[341:recovery][bright_check]: bright_fb_notifier_callback:event = 1,status:3
[   43.839725] (0)[341:recovery][WAKELOCK_PROFILE]ws_fb_notify_callback: val=1, blank=0
[   43.839729] (0)[341:recovery]gf_tee: [info] goodix_fb_state_chg_callback go to the goodix_fb_state_chg_callback value = 1
[   43.906176] (1)[341:recovery][M4U] m4u_fb_notifier_callback 1, 9
[   43.906188] (1)[341:recovery][black_check]: black_fb_notifier_callback:event = 1 status:3
[   43.906195] (1)[341:recovery][bright_check]: bright_fb_notifier_callback:event = 1,status:3
[   43.906202] (1)[341:recovery][WAKELOCK_PROFILE]ws_fb_notify_callback: val=1, blank=0
[   43.906209] (1)[341:recovery]gf_tee: [info] goodix_fb_state_chg_callback go to the goodix_fb_state_chg_callback value = 1
[   43.923366] (5)[421:irq/17-touchpan][TP]touchpanel: touchpanel: Touchpanel id 0 :Down[ 133  959    2]
[   44.060009] (3)[286:dlpt_notify_thr][get_dlpt_imix] 38096,4999,170,4674
[   44.060027] (3)[286:dlpt_notify_thr][PBM] [ma_to_mw] 3799(mV) * 4674(mA) = 17756(mW)
[   44.060038] (3)[286:dlpt_notify_thr][DLPT_final] 4674,50,50,5500
[   44.198422] (3)[647:usb ffs open]read descriptors
[   44.198446] (3)[647:usb ffs open]read strings
[   44.342002] (2)[341:recovery]regulator_vibrator activate_store(258) :set activate duration = 1, 40
[   44.342020] (2)[341:recovery]regulator_vibrator vibrator_enable(198) :cancel hrtimer, cust:50-15000, dur:40, shutdown:0
[   44.342231] (7)[262:kworker/u16:2]regulator_vibrator update_vibrator(171) :vibr_state = 1
[   44.392242] (7)[262:kworker/u16:2]regulator_vibrator update_vibrator(171) :vibr_state = 0
[   44.410078] (3)[58:kworker/3:1]oppo_custome_sync_work is called
[   44.410137] (3)[341:recovery]oppo_custome_sync_work: file /dev/block/by-name/oppo_custom is no exit
[   44.438385] (3)[341:recovery][M4U] m4u_fb_notifier_callback 1, 9
[   44.438396] (3)[341:recovery][black_check]: black_fb_notifier_callback:event = 1 status:3
[   44.438402] (3)[341:recovery][bright_check]: bright_fb_notifier_callback:event = 1,status:3
[   44.438409] (3)[341:recovery][WAKELOCK_PROFILE]ws_fb_notify_callback: val=1, blank=0
[   44.438416] (3)[341:recovery]gf_tee: [info] goodix_fb_state_chg_callback go to the goodix_fb_state_chg_callback value = 1
[   44.505949] (0)[14:kworker/0:1]MTP, <do_monitor_work(), 2033> IN <1 0 0 0 1 0 0 0 0 >
[   44.505964] (0)[14:kworker/0:1]MTP, <do_monitor_work(), 2040> OUT <0 0 0 0 0 0 0 0 0 >
[   44.521464] (0)[341:recovery][M4U] m4u_fb_notifier_callback 1, 9
[   44.521470] (0)[341:recovery][black_check]: black_fb_notifier_callback:event = 1 status:3
[   44.521473] (0)[341:recovery][bright_check]: bright_fb_notifier_callback:event = 1,status:3
[   44.521477] (0)[341:recovery][WAKELOCK_PROFILE]ws_fb_notify_callback: val=1, blank=0
[   44.521481] (0)[341:recovery]gf_tee: [info] goodix_fb_state_chg_callback go to the goodix_fb_state_chg_callback value = 1
[   45.234776] (5)[647:usb ffs open]read descriptors
[   45.234833] (5)[647:usb ffs open]read strings
[   45.286497] (2)[341:recovery][M4U] m4u_fb_notifier_callback 1, 9
[   45.286510] (2)[341:recovery][black_check]: black_fb_notifier_callback:event = 1 status:3
[   45.286516] (2)[341:recovery][bright_check]: bright_fb_notifier_callback:event = 1,status:3
[   45.286523] (2)[341:recovery][WAKELOCK_PROFILE]ws_fb_notify_callback: val=1, blank=0
[   45.286531] (2)[341:recovery]gf_tee: [info] goodix_fb_state_chg_callback go to the goodix_fb_state_chg_callback value = 1
[   45.288864] (3)[341:recovery]regulator_vibrator activate_store(258) :set activate duration = 1, 40
[   45.288883] (3)[341:recovery]regulator_vibrator vibrator_enable(198) :cancel hrtimer, cust:50-15000, dur:40, shutdown:0
[   45.289106] (7)[262:kworker/u16:2]regulator_vibrator update_vibrator(171) :vibr_state = 1
[   45.319998] (0)[341:recovery][M4U] m4u_fb_notifier_callback 1, 9
[   45.320011] (0)[341:recovery][black_check]: black_fb_notifier_callback:event = 1 status:3
[   45.320018] (0)[341:recovery][bright_check]: bright_fb_notifier_callback:event = 1,status:3
[   45.320024] (0)[341:recovery][WAKELOCK_PROFILE]ws_fb_notify_callback: val=1, blank=0
[   45.320032] (0)[341:recovery]gf_tee: [info] goodix_fb_state_chg_callback go to the goodix_fb_state_chg_callback value = 1
[   45.339274] (7)[262:kworker/u16:2]regulator_vibrator update_vibrator(171) :vibr_state = 0
[   45.434062] (3)[58:kworker/3:1]oppo_custome_sync_work is called
[   45.434106] (0)[14:kworker/0:1]oppo_custome_sync_work: file /dev/block/by-name/oppo_custom is no exit
[   45.529928] (0)[14:kworker/0:1]MTP, <do_monitor_work(), 2033> IN <1 0 0 0 1 0 0 0 0 >
[   45.529944] (0)[14:kworker/0:1]MTP, <do_monitor_work(), 2040> OUT <0 0 0 0 0 0 0 0 0 >
[   46.018159] (0)[341:recovery][M4U] m4u_fb_notifier_callback 1, 9
[   46.018167] (0)[341:recovery][black_check]: black_fb_notifier_callback:event = 1 status:3
[   46.018170] (0)[341:recovery][bright_check]: bright_fb_notifier_callback:event = 1,status:3
[   46.018174] (0)[341:recovery][WAKELOCK_PROFILE]ws_fb_notify_callback: val=1, blank=0
[   46.018179] (0)[341:recovery]gf_tee: [info] goodix_fb_state_chg_callback go to the goodix_fb_state_chg_callback value = 1
[   46.084675] (0)[341:recovery][M4U] m4u_fb_notifier_callback 1, 9
[   46.084685] (0)[341:recovery][black_check]: black_fb_notifier_callback:event = 1 status:3
[   46.084692] (0)[341:recovery][bright_check]: bright_fb_notifier_callback:event = 1,status:3
[   46.084698] (0)[341:recovery][WAKELOCK_PROFILE]ws_fb_notify_callback: val=1, blank=0
[   46.084706] (0)[341:recovery]gf_tee: [info] goodix_fb_state_chg_callback go to the goodix_fb_state_chg_callback value = 1
[   46.118027] (0)[341:recovery][M4U] m4u_fb_notifier_callback 1, 9
[   46.118040] (0)[341:recovery][black_check]: black_fb_notifier_callback:event = 1 status:3
[   46.118046] (0)[341:recovery][bright_check]: bright_fb_notifier_callback:event = 1,status:3
[   46.118053] (0)[341:recovery][WAKELOCK_PROFILE]ws_fb_notify_callback: val=1, blank=0
[   46.118061] (0)[341:recovery]gf_tee: [info] goodix_fb_state_chg_callback go to the goodix_fb_state_chg_callback value = 1
[   46.151281] (1)[341:recovery][M4U] m4u_fb_notifier_callback 1, 9
[   46.151294] (1)[341:recovery][black_check]: black_fb_notifier_callback:event = 1 status:3
[   46.151300] (1)[341:recovery][bright_check]: bright_fb_notifier_callback:event = 1,status:3
[   46.151307] (1)[341:recovery][WAKELOCK_PROFILE]ws_fb_notify_callback: val=1, blank=0
[   46.151314] (1)[341:recovery]gf_tee: [info] goodix_fb_state_chg_callback go to the goodix_fb_state_chg_callback value = 1
[   46.184475] (1)[341:recovery][M4U] m4u_fb_notifier_callback 1, 9
[   46.184483] (1)[341:recovery][black_check]: black_fb_notifier_callback:event = 1 status:3
[   46.184486] (1)[341:recovery][bright_check]: bright_fb_notifier_callback:event = 1,status:3
[   46.184489] (1)[341:recovery][WAKELOCK_PROFILE]ws_fb_notify_callback: val=1, blank=0
[   46.184493] (1)[341:recovery]gf_tee: [info] goodix_fb_state_chg_callback go to the goodix_fb_state_chg_callback value = 1
[   46.217746] (1)[341:recovery][M4U] m4u_fb_notifier_callback 1, 9
[   46.217753] (1)[341:recovery][black_check]: black_fb_notifier_callback:event = 1 status:3
[   46.217756] (1)[341:recovery][bright_check]: bright_fb_notifier_callback:event = 1,status:3
[   46.217760] (1)[341:recovery][WAKELOCK_PROFILE]ws_fb_notify_callback: val=1, blank=0
[   46.217764] (1)[341:recovery]gf_tee: [info] goodix_fb_state_chg_callback go to the goodix_fb_state_chg_callback value = 1
[   46.251038] (3)[341:recovery][M4U] m4u_fb_notifier_callback 1, 9
[   46.251050] (3)[341:recovery][black_check]: black_fb_notifier_callback:event = 1 status:3
[   46.251057] (3)[341:recovery][bright_check]: bright_fb_notifier_callback:event = 1,status:3
[   46.251064] (3)[341:recovery][WAKELOCK_PROFILE]ws_fb_notify_callback: val=1, blank=0
[   46.251072] (3)[341:recovery]gf_tee: [info] goodix_fb_state_chg_callback go to the goodix_fb_state_chg_callback value = 1
[   46.282617] (5)[647:usb ffs open]read descriptors
[   46.282649] (5)[647:usb ffs open]read strings
[   46.284245] (3)[341:recovery][M4U] m4u_fb_notifier_callback 1, 9
[   46.284252] (3)[341:recovery][black_check]: black_fb_notifier_callback:event = 1 status:3
[   46.284255] (3)[341:recovery][bright_check]: bright_fb_notifier_callback:event = 1,status:3
[   46.284259] (3)[341:recovery][WAKELOCK_PROFILE]ws_fb_notify_callback: val=1, blank=0
[   46.284263] (3)[341:recovery]gf_tee: [info] goodix_fb_state_chg_callback go to the goodix_fb_state_chg_callback value = 1
[   46.317511] (3)[341:recovery][M4U] m4u_fb_notifier_callback 1, 9
[   46.317519] (3)[341:recovery][black_check]: black_fb_notifier_callback:event = 1 status:3
[   46.317523] (3)[341:recovery][bright_check]: bright_fb_notifier_callback:event = 1,status:3
[   46.317526] (3)[341:recovery][WAKELOCK_PROFILE]ws_fb_notify_callback: val=1, blank=0
[   46.317530] (3)[341:recovery]gf_tee: [info] goodix_fb_state_chg_callback go to the goodix_fb_state_chg_callback value = 1
[   46.350801] (0)[341:recovery][M4U] m4u_fb_notifier_callback 1, 9
[   46.350813] (0)[341:recovery][black_check]: black_fb_notifier_callback:event = 1 status:3
[   46.350820] (0)[341:recovery][bright_check]: bright_fb_notifier_callback:event = 1,status:3
[   46.350826] (0)[341:recovery][WAKELOCK_PROFILE]ws_fb_notify_callback: val=1, blank=0
[   46.350834] (0)[341:recovery]gf_tee: [info] goodix_fb_state_chg_callback go to the goodix_fb_state_chg_callback value = 1
[   46.384009] (0)[341:recovery][M4U] m4u_fb_notifier_callback 1, 9
[   46.384017] (0)[341:recovery][black_check]: black_fb_notifier_callback:event = 1 status:3
[   46.384020] (0)[341:recovery][bright_check]: bright_fb_notifier_callback:event = 1,status:3
[   46.384023] (0)[341:recovery][WAKELOCK_PROFILE]ws_fb_notify_callback: val=1, blank=0
[   46.384028] (0)[341:recovery]gf_tee: [info] goodix_fb_state_chg_callback go to the goodix_fb_state_chg_callback value = 1
[   46.409321] (5)[421:irq/17-touchpan][TP]touchpanel: touchpanel: Touchpanel id 0 :Down[ 628 1496    3]
[   46.417319] (0)[341:recovery][M4U] m4u_fb_notifier_callback 1, 9
[   46.417330] (0)[341:recovery][black_check]: black_fb_notifier_callback:event = 1 status:3
[   46.417337] (0)[341:recovery][bright_check]: bright_fb_notifier_callback:event = 1,status:3
[   46.417343] (0)[341:recovery][WAKELOCK_PROFILE]ws_fb_notify_callback: val=1, blank=0
[   46.417351] (0)[341:recovery]gf_tee: [info] goodix_fb_state_chg_callback go to the goodix_fb_state_chg_callback value = 1
[   46.450601] (1)[341:recovery][M4U] m4u_fb_notifier_callback 1, 9
[   46.450613] (1)[341:recovery][black_check]: black_fb_notifier_callback:event = 1 status:3
[   46.450620] (1)[341:recovery][bright_check]: bright_fb_notifier_callback:event = 1,status:3
[   46.450626] (1)[341:recovery][WAKELOCK_PROFILE]ws_fb_notify_callback: val=1, blank=0
[   46.450634] (1)[341:recovery]gf_tee: [info] goodix_fb_state_chg_callback go to the goodix_fb_state_chg_callback value = 1
[   46.458032] (3)[58:kworker/3:1]oppo_custome_sync_work is called
[   46.458065] (1)[341:recovery]oppo_custome_sync_work: file /dev/block/by-name/oppo_custom is no exit
[   46.483860] (1)[341:recovery][M4U] m4u_fb_notifier_callback 1, 9
[   46.483872] (1)[341:recovery][black_check]: black_fb_notifier_callback:event = 1 status:3
[   46.483879] (1)[341:recovery][bright_check]: bright_fb_notifier_callback:event = 1,status:3
[   46.483886] (1)[341:recovery][WAKELOCK_PROFILE]ws_fb_notify_callback: val=1, blank=0
[   46.483894] (1)[341:recovery]gf_tee: [info] goodix_fb_state_chg_callback go to the goodix_fb_state_chg_callback value = 1
[   46.517100] (0)[341:recovery][M4U] m4u_fb_notifier_callback 1, 9
[   46.517111] (0)[341:recovery][black_check]: black_fb_notifier_callback:event = 1 status:3
[   46.517118] (0)[341:recovery][bright_check]: bright_fb_notifier_callback:event = 1,status:3
[   46.517124] (0)[341:recovery][WAKELOCK_PROFILE]ws_fb_notify_callback: val=1, blank=0
[   46.517132] (0)[341:recovery]gf_tee: [info] goodix_fb_state_chg_callback go to the goodix_fb_state_chg_callback value = 1
[   46.550414] (1)[341:recovery][M4U] m4u_fb_notifier_callback 1, 9
[   46.550427] (1)[341:recovery][black_check]: black_fb_notifier_callback:event = 1 status:3
[   46.550433] (1)[341:recovery][bright_check]: bright_fb_notifier_callback:event = 1,status:3
[   46.550440] (1)[341:recovery][WAKELOCK_PROFILE]ws_fb_notify_callback: val=1, blank=0
[   46.550448] (1)[341:recovery]gf_tee: [info] goodix_fb_state_chg_callback go to the goodix_fb_state_chg_callback value = 1
[   46.554132] (0)[14:kworker/0:1]MTP, <do_monitor_work(), 2033> IN <1 0 0 0 1 0 0 0 0 >
[   46.554150] (0)[14:kworker/0:1]MTP, <do_monitor_work(), 2040> OUT <0 0 0 0 0 0 0 0 0 >
[   46.559019] (1)[341:recovery]regulator_vibrator activate_store(258) :set activate duration = 1, 40
[   46.559029] (1)[341:recovery]regulator_vibrator vibrator_enable(198) :cancel hrtimer, cust:50-15000, dur:40, shutdown:0
[   46.559231] (7)[262:kworker/u16:2]regulator_vibrator update_vibrator(171) :vibr_state = 1
[   46.583614] (3)[341:recovery][M4U] m4u_fb_notifier_callback 1, 9
[   46.583624] (3)[341:recovery][black_check]: black_fb_notifier_callback:event = 1 status:3
[   46.583629] (3)[341:recovery][bright_check]: bright_fb_notifier_callback:event = 1,status:3
[   46.583634] (3)[341:recovery][WAKELOCK_PROFILE]ws_fb_notify_callback: val=1, blank=0
[   46.583639] (3)[341:recovery]gf_tee: [info] goodix_fb_state_chg_callback go to the goodix_fb_state_chg_callback value = 1
[   46.586237] (7)[262:kworker/u16:2][SCP] scp_ipi_send: SCP A not ready
[   46.586255] (7)[262:kworker/u16:2][sensorHub] scp_ipi_send fail
[   46.586281] (2)[56:kworker/2:1][sensorHub] scp_sensorHub_req_send fail!
[   46.609252] (7)[262:kworker/u16:2]regulator_vibrator update_vibrator(171) :vibr_state = 0
[   46.633549] (0)[341:recovery][M4U] m4u_fb_notifier_callback 1, 9
[   46.633562] (0)[341:recovery][black_check]: black_fb_notifier_callback:event = 1 status:3
[   46.633569] (0)[341:recovery][bright_check]: bright_fb_notifier_callback:event = 1,status:3
[   46.633575] (0)[341:recovery][WAKELOCK_PROFILE]ws_fb_notify_callback: val=1, blank=0
[   46.633583] (0)[341:recovery]gf_tee: [info] goodix_fb_state_chg_callback go to the goodix_fb_state_chg_callback value = 1
[   46.666828] (0)[341:recovery][M4U] m4u_fb_notifier_callback 1, 9
[   46.666836] (0)[341:recovery][black_check]: black_fb_notifier_callback:event = 1 status:3
[   46.666840] (0)[341:recovery][bright_check]: bright_fb_notifier_callback:event = 1,status:3
[   46.666843] (0)[341:recovery][WAKELOCK_PROFILE]ws_fb_notify_callback: val=1, blank=0
[   46.666847] (0)[341:recovery]gf_tee: [info] goodix_fb_state_chg_callback go to the goodix_fb_state_chg_callback value = 1
[   46.716678] (3)[341:recovery][M4U] m4u_fb_notifier_callback 1, 9
[   46.716691] (3)[341:recovery][black_check]: black_fb_notifier_callback:event = 1 status:3
[   46.716698] (3)[341:recovery][bright_check]: bright_fb_notifier_callback:event = 1,status:3
[   46.716705] (3)[341:recovery][WAKELOCK_PROFILE]ws_fb_notify_callback: val=1, blank=0
[   46.716713] (3)[341:recovery]gf_tee: [info] goodix_fb_state_chg_callback go to the goodix_fb_state_chg_callback value = 1
[   46.766816] (1)[341:recovery][M4U] m4u_fb_notifier_callback 1, 9
[   46.766828] (1)[341:recovery][black_check]: black_fb_notifier_callback:event = 1 status:3
[   46.766834] (1)[341:recovery][bright_check]: bright_fb_notifier_callback:event = 1,status:3
[   46.766841] (1)[341:recovery][WAKELOCK_PROFILE]ws_fb_notify_callback: val=1, blank=0
[   46.766849] (1)[341:recovery]gf_tee: [info] goodix_fb_state_chg_callback go to the goodix_fb_state_chg_callback value = 1
[   46.816648] (0)[341:recovery][M4U] m4u_fb_notifier_callback 1, 9
[   46.816661] (0)[341:recovery][black_check]: black_fb_notifier_callback:event = 1 status:3
[   46.816667] (0)[341:recovery][bright_check]: bright_fb_notifier_callback:event = 1,status:3
[   46.816674] (0)[341:recovery][WAKELOCK_PROFILE]ws_fb_notify_callback: val=1, blank=0
[   46.816682] (0)[341:recovery]gf_tee: [info] goodix_fb_state_chg_callback go to the goodix_fb_state_chg_callback value = 1
[   46.866527] (0)[341:recovery][M4U] m4u_fb_notifier_callback 1, 9
[   46.866539] (0)[341:recovery][black_check]: black_fb_notifier_callback:event = 1 status:3
[   46.866546] (0)[341:recovery][bright_check]: bright_fb_notifier_callback:event = 1,status:3
[   46.866553] (0)[341:recovery][WAKELOCK_PROFILE]ws_fb_notify_callback: val=1, blank=0
[   46.866561] (0)[341:recovery]gf_tee: [info] goodix_fb_state_chg_callback go to the goodix_fb_state_chg_callback value = 1
[   46.911593] -(2)[0:swapper/2][name:spm&]Power/swap CNT(soidle3): [0] = (0), [1] = (0), [2] = (0), [3] = (0), [4] = (0), [5] = (0), [6] = (0), [7] = (0), 
[   46.911607] -(2)[0:swapper/2][name:spm&]Power/swap soidle3_block_cnt: [BY_FRM] = 953, 
[   46.911619] -(2)[0:swapper/2][name:spm&]Power/swap soidle3_block_mask: 0x00000000, 0x00000000, 0x00000000, 0x00000000, 0x00000000, 0x00000000, idle_pll_block_mask: 0x00000000\x0a
[   46.916504] (3)[341:recovery][M4U] m4u_fb_notifier_callback 1, 9
[   46.916518] (3)[341:recovery][black_check]: black_fb_notifier_callback:event = 1 status:3
[   46.916524] (3)[341:recovery][bright_check]: bright_fb_notifier_callback:event = 1,status:3
[   46.916531] (3)[341:recovery][WAKELOCK_PROFILE]ws_fb_notify_callback: val=1, blank=0
[   46.916539] (3)[341:recovery]gf_tee: [info] goodix_fb_state_chg_callback go to the goodix_fb_state_chg_callback value = 1
[   46.966413] (0)[341:recovery][M4U] m4u_fb_notifier_callback 1, 9
[   46.966426] (0)[341:recovery][black_check]: black_fb_notifier_callback:event = 1 status:3
[   46.966432] (0)[341:recovery][bright_check]: bright_fb_notifier_callback:event = 1,status:3
[   46.966439] (0)[341:recovery][WAKELOCK_PROFILE]ws_fb_notify_callback: val=1, blank=0
[   46.966447] (0)[341:recovery]gf_tee: [info] goodix_fb_state_chg_callback go to the goodix_fb_state_chg_callback value = 1
[   47.015971] (1)[341:recovery][M4U] m4u_fb_notifier_callback 1, 9
[   47.015985] (1)[341:recovery][black_check]: black_fb_notifier_callback:event = 1 status:3
[   47.015991] (1)[341:recovery][bright_check]: bright_fb_notifier_callback:event = 1,status:3
[   47.015998] (1)[341:recovery][WAKELOCK_PROFILE]ws_fb_notify_callback: val=1, blank=0
[   47.016006] (1)[341:recovery]gf_tee: [info] goodix_fb_state_chg_callback go to the goodix_fb_state_chg_callback value = 1
[   47.066032] (1)[341:recovery][M4U] m4u_fb_notifier_callback 1, 9
[   47.066045] (1)[341:recovery][black_check]: black_fb_notifier_callback:event = 1 status:3
[   47.066052] (1)[341:recovery][bright_check]: bright_fb_notifier_callback:event = 1,status:3
[   47.066059] (1)[341:recovery][WAKELOCK_PROFILE]ws_fb_notify_callback: val=1, blank=0
[   47.066067] (1)[341:recovery]gf_tee: [info] goodix_fb_state_chg_callback go to the goodix_fb_state_chg_callback value = 1
[   47.116081] (1)[341:recovery][M4U] m4u_fb_notifier_callback 1, 9
[   47.116095] (1)[341:recovery][black_check]: black_fb_notifier_callback:event = 1 status:3
[   47.116102] (1)[341:recovery][bright_check]: bright_fb_notifier_callback:event = 1,status:3
[   47.116109] (1)[341:recovery][WAKELOCK_PROFILE]ws_fb_notify_callback: val=1, blank=0
[   47.116117] (1)[341:recovery]gf_tee: [info] goodix_fb_state_chg_callback go to the goodix_fb_state_chg_callback value = 1
[   47.166047] (1)[341:recovery][M4U] m4u_fb_notifier_callback 1, 9
[   47.166060] (1)[341:recovery][black_check]: black_fb_notifier_callback:event = 1 status:3
[   47.166066] (1)[341:recovery][bright_check]: bright_fb_notifier_callback:event = 1,status:3
[   47.166073] (1)[341:recovery][WAKELOCK_PROFILE]ws_fb_notify_callback: val=1, blank=0
[   47.166081] (1)[341:recovery]gf_tee: [info] goodix_fb_state_chg_callback go to the goodix_fb_state_chg_callback value = 1
[   47.215767] (2)[341:recovery][M4U] m4u_fb_notifier_callback 1, 9
[   47.215780] (2)[341:recovery][black_check]: black_fb_notifier_callback:event = 1 status:3
[   47.215787] (2)[341:recovery][bright_check]: bright_fb_notifier_callback:event = 1,status:3
[   47.215794] (2)[341:recovery][WAKELOCK_PROFILE]ws_fb_notify_callback: val=1, blank=0
[   47.215802] (2)[341:recovery]gf_tee: [info] goodix_fb_state_chg_callback go to the goodix_fb_state_chg_callback value = 1
[   47.266239] (1)[341:recovery][M4U] m4u_fb_notifier_callback 1, 9
[   47.266253] (1)[341:recovery][black_check]: black_fb_notifier_callback:event = 1 status:3
[   47.266259] (1)[341:recovery][bright_check]: bright_fb_notifier_callback:event = 1,status:3
[   47.266267] (1)[341:recovery][WAKELOCK_PROFILE]ws_fb_notify_callback: val=1, blank=0
[   47.266275] (1)[341:recovery]gf_tee: [info] goodix_fb_state_chg_callback go to the goodix_fb_state_chg_callback value = 1
[   47.315325] (1)[341:recovery][M4U] m4u_fb_notifier_callback 1, 9
[   47.315337] (1)[341:recovery][black_check]: black_fb_notifier_callback:event = 1 status:3
[   47.315343] (1)[341:recovery][bright_check]: bright_fb_notifier_callback:event = 1,status:3
[   47.315350] (1)[341:recovery][WAKELOCK_PROFILE]ws_fb_notify_callback: val=1, blank=0
[   47.315358] (1)[341:recovery]gf_tee: [info] goodix_fb_state_chg_callback go to the goodix_fb_state_chg_callback value = 1
[   47.315887] (1)[341:recovery]regulator_vibrator activate_store(258) :set activate duration = 1, 40
[   47.315905] (1)[341:recovery]regulator_vibrator vibrator_enable(198) :cancel hrtimer, cust:50-15000, dur:40, shutdown:0
[   47.316133] (7)[262:kworker/u16:2]regulator_vibrator update_vibrator(171) :vibr_state = 1
[   47.326664] (3)[647:usb ffs open]read descriptors
[   47.326687] (3)[647:usb ffs open]read strings
[   47.365253] (1)[341:recovery][M4U] m4u_fb_notifier_callback 1, 9
[   47.365265] (1)[341:recovery][black_check]: black_fb_notifier_callback:event = 1 status:3
[   47.365272] (1)[341:recovery][bright_check]: bright_fb_notifier_callback:event = 1,status:3
[   47.365279] (1)[341:recovery][WAKELOCK_PROFILE]ws_fb_notify_callback: val=1, blank=0
[   47.365286] (1)[341:recovery]gf_tee: [info] goodix_fb_state_chg_callback go to the goodix_fb_state_chg_callback value = 1
[   47.366165] (7)[262:kworker/u16:2]regulator_vibrator update_vibrator(171) :vibr_state = 0
[   47.371350] (4)[0:swapper/4][name:spm&]Power/swap DP: No enter --- SODI3: No enter --- SODI: No enter --- 
[   47.371410] (4)[0:swapper/4]mcdi cpu: 477, 556, 342, 310, 397, 580, 275, 126, cluster : 225, 410, pause = 245, multi core = 96, latency = 51, residency = 0, last core = 242, avail cpu = 00ff, cluster = 0003, enabled = 1, max_s_state = 5, system_idle_hint = 00000000
[   47.415340] (0)[341:recovery][M4U] m4u_fb_notifier_callback 1, 9
[   47.415352] (0)[341:recovery][black_check]: black_fb_notifier_callback:event = 1 status:3
[   47.415359] (0)[341:recovery][bright_check]: bright_fb_notifier_callback:event = 1,status:3
[   47.415366] (0)[341:recovery][WAKELOCK_PROFILE]ws_fb_notify_callback: val=1, blank=0
[   47.415374] (0)[341:recovery]gf_tee: [info] goodix_fb_state_chg_callback go to the goodix_fb_state_chg_callback value = 1
[   47.465085] (0)[341:recovery][M4U] m4u_fb_notifier_callback 1, 9
[   47.465093] (0)[341:recovery][black_check]: black_fb_notifier_callback:event = 1 status:3
[   47.465096] (0)[341:recovery][bright_check]: bright_fb_notifier_callback:event = 1,status:3
[   47.465100] (0)[341:recovery][WAKELOCK_PROFILE]ws_fb_notify_callback: val=1, blank=0
[   47.465104] (0)[341:recovery]gf_tee: [info] goodix_fb_state_chg_callback go to the goodix_fb_state_chg_callback value = 1
[   47.482108] (3)[58:kworker/3:1]oppo_custome_sync_work is called
[   47.482160] (1)[341:recovery]oppo_custome_sync_work: file /dev/block/by-name/oppo_custom is no exit
[   47.515099] (1)[341:recovery][M4U] m4u_fb_notifier_callback 1, 9
[   47.515112] (1)[341:recovery][black_check]: black_fb_notifier_callback:event = 1 status:3
[   47.515118] (1)[341:recovery][bright_check]: bright_fb_notifier_callback:event = 1,status:3
[   47.515126] (1)[341:recovery][WAKELOCK_PROFILE]ws_fb_notify_callback: val=1, blank=0
[   47.515134] (1)[341:recovery]gf_tee: [info] goodix_fb_state_chg_callback go to the goodix_fb_state_chg_callback value = 1
[   47.565021] (0)[341:recovery][M4U] m4u_fb_notifier_callback 1, 9
[   47.565034] (0)[341:recovery][black_check]: black_fb_notifier_callback:event = 1 status:3
[   47.565040] (0)[341:recovery][bright_check]: bright_fb_notifier_callback:event = 1,status:3
[   47.565047] (0)[341:recovery][WAKELOCK_PROFILE]ws_fb_notify_callback: val=1, blank=0
[   47.565055] (0)[341:recovery]gf_tee: [info] goodix_fb_state_chg_callback go to the goodix_fb_state_chg_callback value = 1
[   47.577925] (0)[14:kworker/0:1]MTP, <do_monitor_work(), 2033> IN <1 0 0 0 1 0 0 0 0 >
[   47.577934] (0)[14:kworker/0:1]MTP, <do_monitor_work(), 2040> OUT <0 0 0 0 0 0 0 0 0 >
[   47.610249] -(2)[56:kworker/2:1]mt635x_auxadc_read_raw: 1 callbacks suppressed
[   47.610254] (2)[56:kworker/2:1][Thermal/TZ/PMIC] [tsbuck1_raw_to_temp] 656, 390576, 1000000, -1863
[   47.610265] (2)[56:kworker/2:1][Thermal/TZ/PMIC] [tsbuck1_raw_to_temp] t_current=38456
[   47.610270] (2)[56:kworker/2:1][Thermal/TZ/PMIC] mt6357tsbuck1_get_hw_temp raw=656 T=38456
[   47.610275] (2)[56:kworker/2:1][Thermal/TZ/PMIC] mt6357tsbuck1_get_hw_temp pre_tsbuck1_temp1=38456
[   47.866071] (1)[313:kworker/1:3]last full = 0, full = 0
[   47.873047] (1)[55:kworker/1:1]get prop 105 is not supported in batt
[   47.874976] (6)[351:health@2.1-serv][OPLUS_CHG][oplus_ac_get_property]0 0 0 0 0 0 0 1 0 ac_online:0
[   47.875378] (6)[351:health@2.1-serv]bq2560x-charger 5-006b: bq2560x_charger_get_online: online = 0
[   47.875502] (6)[351:health@2.1-serv]healthd: battery l=50 v=3798 t=38.0 h=2 st=4 c=501 fc=0 chg=
[   47.877319] (6)[351:health@2.1-serv][OPLUS_CHG][oplus_ac_get_property]0 0 0 0 0 0 0 1 0 ac_online:0
[   47.877675] (6)[351:health@2.1-serv]bq2560x-charger 5-006b: bq2560x_charger_get_online: online = 0
[   47.878166] (1)[313:kworker/1:3][bq2560x]:bq2560x_dump_regs: [00]=0x7f  [01]=0x0a  [02]=0x85  [03]=0x33  [04]=0x88  [05]=0x87  [06]=0x55  [07]=0x49  [08]=0x01  [09]=0x00  [0a]=0x03  [0b]=0x14  
[   47.878206] (1)[313:kworker/1:3][OPLUS_CHG][oplus_chg_print_log] CHGR[ 0 / 0 / 28 / 3 / 2 ], BAT[ 1 / 0 / 0 / 0 / 1 / 0 ], GAUGE[ 380 / 3798 / 3798 / 507 / -1 / 50 / 50 / 50 / -1 / 0 / 0 / 0 / 0 / 0 / 0 / 0 / 0 / 0 / 0 / 0 / 0 / 0 /], STATUS[ 0x0 / 0 / 0 / 0 / 0 / 0x0 ], OTHER[ 1 / 1 / 7 / 2 / 0/ 0 / -2740]
[   47.879706] (6)[351:health@2.1-serv][OPLUS_CHG][oplus_ac_get_property]0 0 0 0 0 0 0 1 0 ac_online:0
[   47.880043] (6)[351:health@2.1-serv]bq2560x-charger 5-006b: bq2560x_charger_get_online: online = 0
[   47.880150] (6)[351:health@2.1-serv]healthd: battery l=50 v=3798 t=38.0 h=2 st=4 c=538 fc=0 chg=
[   47.882073] (6)[351:health@2.1-serv][OPLUS_CHG][oplus_ac_get_property]0 0 0 0 0 0 0 1 0 ac_online:0
[   47.882426] (6)[351:health@2.1-serv]bq2560x-charger 5-006b: bq2560x_charger_get_online: online = 0
[   47.980342] (0)[341:recovery][M4U] m4u_fb_notifier_callback 1, 9
[   47.980350] (0)[341:recovery][black_check]: black_fb_notifier_callback:event = 1 status:3
[   47.980354] (0)[341:recovery][bright_check]: bright_fb_notifier_callback:event = 1,status:3
[   47.980357] (0)[341:recovery][WAKELOCK_PROFILE]ws_fb_notify_callback: val=1, blank=0
[   47.980361] (0)[341:recovery]gf_tee: [info] goodix_fb_state_chg_callback go to the goodix_fb_state_chg_callback value = 1
[   48.030220] (0)[341:recovery][M4U] m4u_fb_notifier_callback 1, 9
[   48.030228] (0)[341:recovery][black_check]: black_fb_notifier_callback:event = 1 status:3
[   48.030247] (0)[341:recovery][bright_check]: bright_fb_notifier_callback:event = 1,status:3
[   48.030251] (0)[341:recovery][WAKELOCK_PROFILE]ws_fb_notify_callback: val=1, blank=0
[   48.030255] (0)[341:recovery]gf_tee: [info] goodix_fb_state_chg_callback go to the goodix_fb_state_chg_callback value = 1
[   48.097122] (2)[341:recovery][M4U] m4u_fb_notifier_callback 1, 9
[   48.097135] (2)[341:recovery][black_check]: black_fb_notifier_callback:event = 1 status:3
[   48.097141] (2)[341:recovery][bright_check]: bright_fb_notifier_callback:event = 1,status:3
[   48.097148] (2)[341:recovery][WAKELOCK_PROFILE]ws_fb_notify_callback: val=1, blank=0
[   48.097156] (2)[341:recovery]gf_tee: [info] goodix_fb_state_chg_callback go to the goodix_fb_state_chg_callback value = 1
[   48.147267] (0)[341:recovery][M4U] m4u_fb_notifier_callback 1, 9
[   48.147280] (0)[341:recovery][black_check]: black_fb_notifier_callback:event = 1 status:3
[   48.147287] (0)[341:recovery][bright_check]: bright_fb_notifier_callback:event = 1,status:3
[   48.147293] (0)[341:recovery][WAKELOCK_PROFILE]ws_fb_notify_callback: val=1, blank=0
[   48.147301] (0)[341:recovery]gf_tee: [info] goodix_fb_state_chg_callback go to the goodix_fb_state_chg_callback value = 1
[   48.213569] (0)[341:recovery][M4U] m4u_fb_notifier_callback 1, 9
[   48.213581] (0)[341:recovery][black_check]: black_fb_notifier_callback:event = 1 status:3
[   48.213588] (0)[341:recovery][bright_check]: bright_fb_notifier_callback:event = 1,status:3
[   48.213594] (0)[341:recovery][WAKELOCK_PROFILE]ws_fb_notify_callback: val=1, blank=0
[   48.213602] (0)[341:recovery]gf_tee: [info] goodix_fb_state_chg_callback go to the goodix_fb_state_chg_callback value = 1
[   48.263341] (0)[341:recovery][M4U] m4u_fb_notifier_callback 1, 9
[   48.263349] (0)[341:recovery][black_check]: black_fb_notifier_callback:event = 1 status:3
[   48.263352] (0)[341:recovery][bright_check]: bright_fb_notifier_callback:event = 1,status:3
[   48.263355] (0)[341:recovery][WAKELOCK_PROFILE]ws_fb_notify_callback: val=1, blank=0
[   48.263360] (0)[341:recovery]gf_tee: [info] goodix_fb_state_chg_callback go to the goodix_fb_state_chg_callback value = 1
[   48.313146] (0)[341:recovery][M4U] m4u_fb_notifier_callback 1, 9
[   48.313154] (0)[341:recovery][black_check]: black_fb_notifier_callback:event = 1 status:3
[   48.313157] (0)[341:recovery][bright_check]: bright_fb_notifier_callback:event = 1,status:3
[   48.313161] (0)[341:recovery][WAKELOCK_PROFILE]ws_fb_notify_callback: val=1, blank=0
[   48.313165] (0)[341:recovery]gf_tee: [info] goodix_fb_state_chg_callback go to the goodix_fb_state_chg_callback value = 1
[   48.362546] (0)[647:usb ffs open]read descriptors
[   48.362563] (0)[647:usb ffs open]read strings
[   48.363064] (0)[341:recovery][M4U] m4u_fb_notifier_callback 1, 9
[   48.363074] (0)[341:recovery][black_check]: black_fb_notifier_callback:event = 1 status:3
[   48.363080] (0)[341:recovery][bright_check]: bright_fb_notifier_callback:event = 1,status:3
[   48.363087] (0)[341:recovery][WAKELOCK_PROFILE]ws_fb_notify_callback: val=1, blank=0
[   48.363095] (0)[341:recovery]gf_tee: [info] goodix_fb_state_chg_callback go to the goodix_fb_state_chg_callback value = 1
[   48.412802] (0)[341:recovery][M4U] m4u_fb_notifier_callback 1, 9
[   48.412810] (0)[341:recovery][black_check]: black_fb_notifier_callback:event = 1 status:3
[   48.412813] (0)[341:recovery][bright_check]: bright_fb_notifier_callback:event = 1,status:3
[   48.412816] (0)[341:recovery][WAKELOCK_PROFILE]ws_fb_notify_callback: val=1, blank=0
[   48.412820] (0)[341:recovery]gf_tee: [info] goodix_fb_state_chg_callback go to the goodix_fb_state_chg_callback value = 1
[   48.433254] (2)[1:init]init: starting service 'cryptoeng-1-0'...
[   48.442081] (6)[1:init]init: Service 'cryptoeng-1-0' (pid 693) exited with status 1
[   48.442204] (6)[1:init]init: Sending signal 9 to service 'cryptoeng-1-0' (pid 693) process group...
[   48.442610] (6)[1:init]libprocessgroup: Successfully killed process cgroup uid 0 pid 693 in 0ms
[   48.463081] (0)[341:recovery][M4U] m4u_fb_notifier_callback 1, 9
[   48.463095] (0)[341:recovery][black_check]: black_fb_notifier_callback:event = 1 status:3
[   48.463101] (0)[341:recovery][bright_check]: bright_fb_notifier_callback:event = 1,status:3
[   48.463108] (0)[341:recovery][WAKELOCK_PROFILE]ws_fb_notify_callback: val=1, blank=0
[   48.463116] (0)[341:recovery]gf_tee: [info] goodix_fb_state_chg_callback go to the goodix_fb_state_chg_callback value = 1
[   48.506221] (3)[58:kworker/3:1]oppo_custome_sync_work is called
[   48.506263] (0)[14:kworker/0:1]oppo_custome_sync_work: file /dev/block/by-name/oppo_custom is no exit
[   48.601931] (0)[14:kworker/0:1]MTP, <do_monitor_work(), 2033> IN <1 0 0 0 1 0 0 0 0 >
[   48.601945] (0)[14:kworker/0:1]MTP, <do_monitor_work(), 2040> OUT <0 0 0 0 0 0 0 0 0 >
[   48.634396] (2)[56:kworker/2:1][Thermal/TZ/PMIC] [tsbuck2_raw_to_temp] 656, 391649, 1000000, -1863
[   48.634405] (2)[56:kworker/2:1][Thermal/TZ/PMIC] [tsbuck2_raw_to_temp] t_current=39529
[   48.634410] (2)[56:kworker/2:1][Thermal/TZ/PMIC] mt6357tsbuck2_get_hw_temp raw=656 T=39529
[   48.634415] (2)[56:kworker/2:1][Thermal/TZ/PMIC] mt6357tsbuck2_get_hw_temp pre_tsbuck2_temp1=39529
[   48.853043] (5)[118:watchdogd]watchdog0, mtk wdt ping, wdd->status=8
[   48.911774] (0)[341:recovery][M4U] m4u_fb_notifier_callback 1, 9
[   48.911786] (0)[341:recovery][black_check]: black_fb_notifier_callback:event = 1 status:3
[   48.911793] (0)[341:recovery][bright_check]: bright_fb_notifier_callback:event = 1,status:3
[   48.911800] (0)[341:recovery][WAKELOCK_PROFILE]ws_fb_notify_callback: val=1, blank=0
[   48.911808] (0)[341:recovery]gf_tee: [info] goodix_fb_state_chg_callback go to the goodix_fb_state_chg_callback value = 1
[   48.961589] (0)[341:recovery][M4U] m4u_fb_notifier_callback 1, 9
[   48.961597] (0)[341:recovery][black_check]: black_fb_notifier_callback:event = 1 status:3
[   48.961600] (0)[341:recovery][bright_check]: bright_fb_notifier_callback:event = 1,status:3
[   48.961603] (0)[341:recovery][WAKELOCK_PROFILE]ws_fb_notify_callback: val=1, blank=0
[   48.961607] (0)[341:recovery]gf_tee: [info] goodix_fb_state_chg_callback go to the goodix_fb_state_chg_callback value = 1
[   48.962481] (0)[341:recovery]regulator_vibrator activate_store(258) :set activate duration = 1, 40
[   48.962503] (0)[341:recovery]regulator_vibrator vibrator_enable(198) :cancel hrtimer, cust:50-15000, dur:40, shutdown:0
[   48.962730] (5)[262:kworker/u16:2]regulator_vibrator update_vibrator(171) :vibr_state = 1
[   49.011772] (0)[341:recovery][M4U] m4u_fb_notifier_callback 1, 9
[   49.011809] (0)[341:recovery][black_check]: black_fb_notifier_callback:event = 1 status:3
[   49.011815] (0)[341:recovery][bright_check]: bright_fb_notifier_callback:event = 1,status:3
[   49.011822] (0)[341:recovery][WAKELOCK_PROFILE]ws_fb_notify_callback: val=1, blank=0
[   49.011830] (0)[341:recovery]gf_tee: [info] goodix_fb_state_chg_callback go to the goodix_fb_state_chg_callback value = 1
[   49.012859] (4)[262:kworker/u16:2]regulator_vibrator update_vibrator(171) :vibr_state = 0
[   49.418645] (5)[647:usb ffs open]read descriptors
[   49.418703] (5)[647:usb ffs open]read strings
[   49.527290] (0)[341:recovery][M4U] m4u_fb_notifier_callback 1, 9
[   49.527303] (0)[341:recovery][black_check]: black_fb_notifier_callback:event = 1 status:3
[   49.527310] (0)[341:recovery][bright_check]: bright_fb_notifier_callback:event = 1,status:3
[   49.527316] (0)[341:recovery][WAKELOCK_PROFILE]ws_fb_notify_callback: val=1, blank=0
[   49.527325] (0)[341:recovery]gf_tee: [info] goodix_fb_state_chg_callback go to the goodix_fb_state_chg_callback value = 1
[   49.530271] (3)[58:kworker/3:1]oppo_custome_sync_work is called
[   49.530333] (0)[14:kworker/0:1]oppo_custome_sync_work: file /dev/block/by-name/oppo_custom is no exit
[   49.625925] (0)[14:kworker/0:1]MTP, <do_monitor_work(), 2033> IN <1 0 0 0 1 0 0 0 0 >
[   49.625937] (0)[14:kworker/0:1]MTP, <do_monitor_work(), 2040> OUT <0 0 0 0 0 0 0 0 0 >
[   50.051220] (3)[341:recovery]regulator_vibrator activate_store(258) :set activate duration = 1, 40
[   50.051235] (3)[341:recovery]regulator_vibrator vibrator_enable(198) :cancel hrtimer, cust:50-15000, dur:40, shutdown:0
[   50.051453] (6)[7:kworker/u16:0]regulator_vibrator update_vibrator(171) :vibr_state = 1
[   50.101559] (6)[7:kworker/u16:0]regulator_vibrator update_vibrator(171) :vibr_state = 0
[   50.109245] (3)[341:recovery][M4U] m4u_fb_notifier_callback 1, 9
[   50.109253] (3)[341:recovery][black_check]: black_fb_notifier_callback:event = 1 status:3
[   50.109256] (3)[341:recovery][bright_check]: bright_fb_notifier_callback:event = 1,status:3
[   50.109259] (3)[341:recovery][WAKELOCK_PROFILE]ws_fb_notify_callback: val=1, blank=0
[   50.109264] (3)[341:recovery]gf_tee: [info] goodix_fb_state_chg_callback go to the goodix_fb_state_chg_callback value = 1
[   50.506664] (5)[647:usb ffs open]read descriptors
[   50.506717] (5)[647:usb ffs open]read strings
[   50.553935] (3)[58:kworker/3:1]oppo_custome_sync_work is called
[   50.553978] (0)[14:kworker/0:1]oppo_custome_sync_work: file /dev/block/by-name/oppo_custom is no exit
[   50.650080] (0)[14:kworker/0:1]MTP, <do_monitor_work(), 2033> IN <1 0 0 0 1 0 0 0 0 >
[   50.650100] (0)[14:kworker/0:1]MTP, <do_monitor_work(), 2040> OUT <0 0 0 0 0 0 0 0 0 >
[   50.657746] (3)[341:recovery][M4U] m4u_fb_notifier_callback 1, 9
[   50.657754] (3)[341:recovery][black_check]: black_fb_notifier_callback:event = 1 status:3
[   50.657757] (3)[341:recovery][bright_check]: bright_fb_notifier_callback:event = 1,status:3
[   50.657760] (3)[341:recovery][WAKELOCK_PROFILE]ws_fb_notify_callback: val=1, blank=0
[   50.657765] (3)[341:recovery]gf_tee: [info] goodix_fb_state_chg_callback go to the goodix_fb_state_chg_callback value = 1
[   50.724501] (1)[341:recovery][M4U] m4u_fb_notifier_callback 1, 9
[   50.724513] (1)[341:recovery][black_check]: black_fb_notifier_callback:event = 1 status:3
[   50.724520] (1)[341:recovery][bright_check]: bright_fb_notifier_callback:event = 1,status:3
[   50.724527] (1)[341:recovery][WAKELOCK_PROFILE]ws_fb_notify_callback: val=1, blank=0
[   50.724535] (1)[341:recovery]gf_tee: [info] goodix_fb_state_chg_callback go to the goodix_fb_state_chg_callback value = 1
[   50.774256] (0)[341:recovery][M4U] m4u_fb_notifier_callback 1, 9
[   50.774263] (0)[341:recovery][black_check]: black_fb_notifier_callback:event = 1 status:3
[   50.774267] (0)[341:recovery][bright_check]: bright_fb_notifier_callback:event = 1,status:3
[   50.774270] (0)[341:recovery][WAKELOCK_PROFILE]ws_fb_notify_callback: val=1, blank=0
[   50.774274] (0)[341:recovery]gf_tee: [info] goodix_fb_state_chg_callback go to the goodix_fb_state_chg_callback value = 1
[   50.841069] (0)[341:recovery][M4U] m4u_fb_notifier_callback 1, 9
[   50.841082] (0)[341:recovery][black_check]: black_fb_notifier_callback:event = 1 status:3
[   50.841089] (0)[341:recovery][bright_check]: bright_fb_notifier_callback:event = 1,status:3
[   50.841095] (0)[341:recovery][WAKELOCK_PROFILE]ws_fb_notify_callback: val=1, blank=0
[   50.841103] (0)[341:recovery]gf_tee: [info] goodix_fb_state_chg_callback go to the goodix_fb_state_chg_callback value = 1
[   50.890839] (0)[341:recovery][M4U] m4u_fb_notifier_callback 1, 9
[   50.890847] (0)[341:recovery][black_check]: black_fb_notifier_callback:event = 1 status:3
[   50.890850] (0)[341:recovery][bright_check]: bright_fb_notifier_callback:event = 1,status:3
[   50.890854] (0)[341:recovery][WAKELOCK_PROFILE]ws_fb_notify_callback: val=1, blank=0
[   50.890859] (0)[341:recovery]gf_tee: [info] goodix_fb_state_chg_callback go to the goodix_fb_state_chg_callback value = 1
[   50.957608] (2)[341:recovery][M4U] m4u_fb_notifier_callback 1, 9
[   50.957621] (2)[341:recovery][black_check]: black_fb_notifier_callback:event = 1 status:3
[   50.957628] (2)[341:recovery][bright_check]: bright_fb_notifier_callback:event = 1,status:3
[   50.957634] (2)[341:recovery][WAKELOCK_PROFILE]ws_fb_notify_callback: val=1, blank=0
[   50.957642] (2)[341:recovery]gf_tee: [info] goodix_fb_state_chg_callback go to the goodix_fb_state_chg_callback value = 1
[   51.007233] (0)[341:recovery][M4U] m4u_fb_notifier_callback 1, 9
[   51.007240] (0)[341:recovery][black_check]: black_fb_notifier_callback:event = 1 status:3
[   51.007244] (0)[341:recovery][bright_check]: bright_fb_notifier_callback:event = 1,status:3
[   51.007247] (0)[341:recovery][WAKELOCK_PROFILE]ws_fb_notify_callback: val=1, blank=0
[   51.007251] (0)[341:recovery]gf_tee: [info] goodix_fb_state_chg_callback go to the goodix_fb_state_chg_callback value = 1
[   51.073877] (0)[341:recovery][M4U] m4u_fb_notifier_callback 1, 9
[   51.073890] (0)[341:recovery][black_check]: black_fb_notifier_callback:event = 1 status:3
[   51.073989] (0)[341:recovery][bright_check]: bright_fb_notifier_callback:event = 1,status:3
[   51.073997] (0)[341:recovery][WAKELOCK_PROFILE]ws_fb_notify_callback: val=1, blank=0
[   51.074005] (0)[341:recovery]gf_tee: [info] goodix_fb_state_chg_callback go to the goodix_fb_state_chg_callback value = 1
[   51.123640] (0)[341:recovery][M4U] m4u_fb_notifier_callback 1, 9
[   51.123652] (0)[341:recovery][black_check]: black_fb_notifier_callback:event = 1 status:3
[   51.123659] (0)[341:recovery][bright_check]: bright_fb_notifier_callback:event = 1,status:3
[   51.123665] (0)[341:recovery][WAKELOCK_PROFILE]ws_fb_notify_callback: val=1, blank=0
[   51.123673] (0)[341:recovery]gf_tee: [info] goodix_fb_state_chg_callback go to the goodix_fb_state_chg_callback value = 1
[   51.190289] (0)[341:recovery][M4U] m4u_fb_notifier_callback 1, 9
[   51.190302] (0)[341:recovery][black_check]: black_fb_notifier_callback:event = 1 status:3
[   51.190308] (0)[341:recovery][bright_check]: bright_fb_notifier_callback:event = 1,status:3
[   51.190315] (0)[341:recovery][WAKELOCK_PROFILE]ws_fb_notify_callback: val=1, blank=0
[   51.190322] (0)[341:recovery]gf_tee: [info] goodix_fb_state_chg_callback go to the goodix_fb_state_chg_callback value = 1
[   51.239845] (0)[341:recovery][M4U] m4u_fb_notifier_callback 1, 9
[   51.239853] (0)[341:recovery][black_check]: black_fb_notifier_callback:event = 1 status:3
[   51.239856] (0)[341:recovery][bright_check]: bright_fb_notifier_callback:event = 1,status:3
[   51.239860] (0)[341:recovery][WAKELOCK_PROFILE]ws_fb_notify_callback: val=1, blank=0
[   51.239864] (0)[341:recovery]gf_tee: [info] goodix_fb_state_chg_callback go to the goodix_fb_state_chg_callback value = 1
[   51.289634] (0)[341:recovery][M4U] m4u_fb_notifier_callback 1, 9
[   51.289641] (0)[341:recovery][black_check]: black_fb_notifier_callback:event = 1 status:3
[   51.289645] (0)[341:recovery][bright_check]: bright_fb_notifier_callback:event = 1,status:3
[   51.289648] (0)[341:recovery][WAKELOCK_PROFILE]ws_fb_notify_callback: val=1, blank=0
[   51.289652] (0)[341:recovery]gf_tee: [info] goodix_fb_state_chg_callback go to the goodix_fb_state_chg_callback value = 1
[   51.339610] (0)[341:recovery][M4U] m4u_fb_notifier_callback 1, 9
[   51.339617] (0)[341:recovery][black_check]: black_fb_notifier_callback:event = 1 status:3
[   51.339620] (0)[341:recovery][bright_check]: bright_fb_notifier_callback:event = 1,status:3
[   51.339624] (0)[341:recovery][WAKELOCK_PROFILE]ws_fb_notify_callback: val=1, blank=0
[   51.339628] (0)[341:recovery]gf_tee: [info] goodix_fb_state_chg_callback go to the goodix_fb_state_chg_callback value = 1
[   51.406529] (1)[341:recovery][M4U] m4u_fb_notifier_callback 1, 9
[   51.406542] (1)[341:recovery][black_check]: black_fb_notifier_callback:event = 1 status:3
[   51.406548] (1)[341:recovery][bright_check]: bright_fb_notifier_callback:event = 1,status:3
[   51.406555] (1)[341:recovery][WAKELOCK_PROFILE]ws_fb_notify_callback: val=1, blank=0
[   51.406563] (1)[341:recovery]gf_tee: [info] goodix_fb_state_chg_callback go to the goodix_fb_state_chg_callback value = 1
[   51.456317] (0)[341:recovery][M4U] m4u_fb_notifier_callback 1, 9
[   51.456325] (0)[341:recovery][black_check]: black_fb_notifier_callback:event = 1 status:3
[   51.456329] (0)[341:recovery][bright_check]: bright_fb_notifier_callback:event = 1,status:3
[   51.456332] (0)[341:recovery][WAKELOCK_PROFILE]ws_fb_notify_callback: val=1, blank=0
[   51.456336] (0)[341:recovery]gf_tee: [info] goodix_fb_state_chg_callback go to the goodix_fb_state_chg_callback value = 1
[   51.505872] (0)[341:recovery][M4U] m4u_fb_notifier_callback 1, 9
[   51.505880] (0)[341:recovery][black_check]: black_fb_notifier_callback:event = 1 status:3
[   51.505883] (0)[341:recovery][bright_check]: bright_fb_notifier_callback:event = 1,status:3
[   51.505887] (0)[341:recovery][WAKELOCK_PROFILE]ws_fb_notify_callback: val=1, blank=0
[   51.505891] (0)[341:recovery]gf_tee: [info] goodix_fb_state_chg_callback go to the goodix_fb_state_chg_callback value = 1
[   51.542657] (5)[647:usb ffs open]read descriptors
[   51.542715] (5)[647:usb ffs open]read strings
[   51.572731] (3)[341:recovery][M4U] m4u_fb_notifier_callback 1, 9
[   51.572744] (3)[341:recovery][black_check]: black_fb_notifier_callback:event = 1 status:3
[   51.572750] (3)[341:recovery][bright_check]: bright_fb_notifier_callback:event = 1,status:3
[   51.572757] (3)[341:recovery][WAKELOCK_PROFILE]ws_fb_notify_callback: val=1, blank=0
[   51.572765] (3)[341:recovery]gf_tee: [info] goodix_fb_state_chg_callback go to the goodix_fb_state_chg_callback value = 1
[   51.578006] (3)[58:kworker/3:1]oppo_custome_sync_work is called
[   51.578056] (0)[341:recovery]oppo_custome_sync_work: file /dev/block/by-name/oppo_custom is no exit
[   51.639312] (0)[341:recovery][M4U] m4u_fb_notifier_callback 1, 9
[   51.639324] (0)[341:recovery][black_check]: black_fb_notifier_callback:event = 1 status:3
[   51.639330] (0)[341:recovery][bright_check]: bright_fb_notifier_callback:event = 1,status:3
[   51.639337] (0)[341:recovery][WAKELOCK_PROFILE]ws_fb_notify_callback: val=1, blank=0
[   51.639345] (0)[341:recovery]gf_tee: [info] goodix_fb_state_chg_callback go to the goodix_fb_state_chg_callback value = 1
[   51.674017] (0)[14:kworker/0:1]MTP, <do_monitor_work(), 2033> IN <1 0 0 0 1 0 0 0 0 >
[   51.674036] (0)[14:kworker/0:1]MTP, <do_monitor_work(), 2040> OUT <0 0 0 0 0 0 0 0 0 >
[   51.705823] (0)[341:recovery][M4U] m4u_fb_notifier_callback 1, 9
[   51.705835] (0)[341:recovery][black_check]: black_fb_notifier_callback:event = 1 status:3
[   51.705841] (0)[341:recovery][bright_check]: bright_fb_notifier_callback:event = 1,status:3
[   51.705849] (0)[341:recovery][WAKELOCK_PROFILE]ws_fb_notify_callback: val=1, blank=0
[   51.705856] (0)[341:recovery]gf_tee: [info] goodix_fb_state_chg_callback go to the goodix_fb_state_chg_callback value = 1
[   51.772354] (0)[341:recovery][M4U] m4u_fb_notifier_callback 1, 9
[   51.772366] (0)[341:recovery][black_check]: black_fb_notifier_callback:event = 1 status:3
[   51.772373] (0)[341:recovery][bright_check]: bright_fb_notifier_callback:event = 1,status:3
[   51.772379] (0)[341:recovery][WAKELOCK_PROFILE]ws_fb_notify_callback: val=1, blank=0
[   51.772387] (0)[341:recovery]gf_tee: [info] goodix_fb_state_chg_callback go to the goodix_fb_state_chg_callback value = 1
[   51.838626] (0)[341:recovery][M4U] m4u_fb_notifier_callback 1, 9
[   51.838638] (0)[341:recovery][black_check]: black_fb_notifier_callback:event = 1 status:3
[   51.838645] (0)[341:recovery][bright_check]: bright_fb_notifier_callback:event = 1,status:3
[   51.838651] (0)[341:recovery][WAKELOCK_PROFILE]ws_fb_notify_callback: val=1, blank=0
[   51.838660] (0)[341:recovery]gf_tee: [info] goodix_fb_state_chg_callback go to the goodix_fb_state_chg_callback value = 1
[   51.905152] (0)[341:recovery][M4U] m4u_fb_notifier_callback 1, 9
[   51.905164] (0)[341:recovery][black_check]: black_fb_notifier_callback:event = 1 status:3
[   51.905171] (0)[341:recovery][bright_check]: bright_fb_notifier_callback:event = 1,status:3
[   51.905198] (0)[341:recovery][WAKELOCK_PROFILE]ws_fb_notify_callback: val=1, blank=0
[   51.905206] (0)[341:recovery]gf_tee: [info] goodix_fb_state_chg_callback go to the goodix_fb_state_chg_callback value = 1
[   51.971889] (0)[341:recovery][M4U] m4u_fb_notifier_callback 1, 9
[   51.971901] (0)[341:recovery][black_check]: black_fb_notifier_callback:event = 1 status:3
[   51.971907] (0)[341:recovery][bright_check]: bright_fb_notifier_callback:event = 1,status:3
[   51.971914] (0)[341:recovery][WAKELOCK_PROFILE]ws_fb_notify_callback: val=1, blank=0
[   51.971922] (0)[341:recovery]gf_tee: [info] goodix_fb_state_chg_callback go to the goodix_fb_state_chg_callback value = 1
[   52.031853] -(2)[0:swapper/2][name:spm&]Power/swap CNT(dpidle): [0] = (0), [1] = (0), [2] = (0), [3] = (0), [4] = (0), [5] = (0), [6] = (0), [7] = (0), 
[   52.031862] -(2)[0:swapper/2][name:spm&]Power/swap dpidle_block_cnt: [BY_FRM] = 1046, 
[   52.031868] -(2)[0:swapper/2][name:spm&]Power/swap dpidle_block_mask: 0x00000000, 0x00000000, 0x00000000, 0x00000000, 0x00000000, 0x00000000, idle_pll_block_mask: 0x00000000\x0a
[   52.038408] (0)[341:recovery][M4U] m4u_fb_notifier_callback 1, 9
[   52.038421] (0)[341:recovery][black_check]: black_fb_notifier_callback:event = 1 status:3
[   52.038428] (0)[341:recovery][bright_check]: bright_fb_notifier_callback:event = 1,status:3
[   52.038435] (0)[341:recovery][WAKELOCK_PROFILE]ws_fb_notify_callback: val=1, blank=0
[   52.038442] (0)[341:recovery]gf_tee: [info] goodix_fb_state_chg_callback go to the goodix_fb_state_chg_callback value = 1
[   52.372823] (5)[0:swapper/5][name:spm&]Power/swap DP: No enter --- SODI3: No enter --- SODI: No enter --- 
[   52.372969] (5)[0:swapper/5]mcdi cpu: 305, 975, 385, 278, 381, 482, 140, 130, cluster : 69, 354, pause = 66, multi core = 26, latency = 40, residency = 1, last core = 65, avail cpu = 00ff, cluster = 0003, enabled = 1, max_s_state = 5, system_idle_hint = 00000000
[   52.454135] (0)[341:recovery][M4U] m4u_fb_notifier_callback 1, 9
[   52.454148] (0)[341:recovery][black_check]: black_fb_notifier_callback:event = 1 status:3
[   52.454154] (0)[341:recovery][bright_check]: bright_fb_notifier_callback:event = 1,status:3
[   52.454162] (0)[341:recovery][WAKELOCK_PROFILE]ws_fb_notify_callback: val=1, blank=0
[   52.454169] (0)[341:recovery]gf_tee: [info] goodix_fb_state_chg_callback go to the goodix_fb_state_chg_callback value = 1
[   52.594621] (4)[647:usb ffs open]read descriptors
[   52.594678] (4)[647:usb ffs open]read strings
[   52.602072] (3)[58:kworker/3:1]oppo_custome_sync_work is called
[   52.602115] (0)[14:kworker/0:1]oppo_custome_sync_work: file /dev/block/by-name/oppo_custom is no exit
[   52.697927] (0)[14:kworker/0:1]MTP, <do_monitor_work(), 2033> IN <1 0 0 0 1 0 0 0 0 >
[   52.697942] (0)[14:kworker/0:1]MTP, <do_monitor_work(), 2040> OUT <0 0 0 0 0 0 0 0 0 >
[   52.730384] (2)[56:kworker/2:1][Thermal/TZ/PMIC] [tsbuck1_raw_to_temp] 656, 390576, 1000000, -1863
[   52.730394] (2)[56:kworker/2:1][Thermal/TZ/PMIC] [tsbuck1_raw_to_temp] t_current=38456
[   52.730399] (2)[56:kworker/2:1][Thermal/TZ/PMIC] mt6357tsbuck1_get_hw_temp raw=656 T=38456
[   52.730404] (2)[56:kworker/2:1][Thermal/TZ/PMIC] mt6357tsbuck1_get_hw_temp pre_tsbuck1_temp1=38456
[   52.853020] (0)[341:recovery][M4U] m4u_fb_notifier_callback 1, 9
[   52.853033] (0)[341:recovery][black_check]: black_fb_notifier_callback:event = 1 status:3
[   52.853039] (0)[341:recovery][bright_check]: bright_fb_notifier_callback:event = 1,status:3
[   52.853046] (0)[341:recovery][WAKELOCK_PROFILE]ws_fb_notify_callback: val=1, blank=0
[   52.853054] (0)[341:recovery]gf_tee: [info] goodix_fb_state_chg_callback go to the goodix_fb_state_chg_callback value = 1
[   52.886595] (5)[421:irq/17-touchpan][TP]touchpanel: touchpanel: Touchpanel id 0 :Down[  83 1334   14]
[   52.986058] (1)[313:kworker/1:3]last full = 0, full = 0
[   52.992771] (1)[55:kworker/1:1]get prop 105 is not supported in batt
[   52.993378] (2)[351:health@2.1-serv][OPLUS_CHG][oplus_ac_get_property]0 0 0 0 0 0 0 1 0 ac_online:0
[   52.993466] (2)[351:health@2.1-serv]bq2560x-charger 5-006b: bq2560x_charger_get_online: online = 0
[   52.993504] (2)[351:health@2.1-serv]healthd: battery l=50 v=3803 t=38.0 h=2 st=4 c=482 fc=0 chg=
[   52.994076] (2)[351:health@2.1-serv][OPLUS_CHG][oplus_ac_get_property]0 0 0 0 0 0 0 1 0 ac_online:0
[   52.994155] (2)[351:health@2.1-serv]bq2560x-charger 5-006b: bq2560x_charger_get_online: online = 0
[   52.995872] (2)[351:health@2.1-serv][OPLUS_CHG][oplus_ac_get_property]0 0 0 0 0 0 0 1 0 ac_online:0
[   52.995965] (2)[351:health@2.1-serv]bq2560x-charger 5-006b: bq2560x_charger_get_online: online = 0
[   52.996002] (2)[351:health@2.1-serv]healthd: battery l=50 v=3803 t=38.0 h=2 st=4 c=497 fc=0 chg=
[   52.996516] (2)[351:health@2.1-serv][OPLUS_CHG][oplus_ac_get_property]0 0 0 0 0 0 0 1 0 ac_online:0
[   52.996587] (2)[351:health@2.1-serv]bq2560x-charger 5-006b: bq2560x_charger_get_online: online = 0
[   52.998107] (1)[313:kworker/1:3][bq2560x]:bq2560x_dump_regs: [00]=0x7f  [01]=0x0a  [02]=0x85  [03]=0x33  [04]=0x88  [05]=0x87  [06]=0x55  [07]=0x49  [08]=0x01  [09]=0x00  [0a]=0x03  [0b]=0x14  
[   52.998130] (1)[313:kworker/1:3][OPLUS_CHG][oplus_chg_print_log] CHGR[ 0 / 0 / 9 / 3 / 2 ], BAT[ 1 / 0 / 0 / 0 / 1 / 0 ], GAUGE[ 380 / 3803 / 3798 / 523 / -1 / 50 / 50 / 50 / -1 / 0 / 0 / 0 / 0 / 0 / 0 / 0 / 0 / 0 / 0 / 0 / 0 / 0 /], STATUS[ 0x0 / 0 / 0 / 0 / 0 / 0x0 ], OTHER[ 1 / 1 / 7 / 2 / 0/ 0 / -2740]
[   53.040784] (2)[379:kworker/2:1H][msdc]msdc1 -> !!! Set<260KHz> Source<200000KHz> -> sclk<259KHz> timing<0> mode<0> div<193> hs400_div_dis<0>
[   53.042342] (2)[379:kworker/2:1H][msdc]msdc1 -> !!! Set<400KHz> Source<200000KHz> -> sclk<400KHz> timing<0> mode<0> div<125> hs400_div_dis<0>
[   53.338658] (2)[379:kworker/2:1H][msdc]msdc1 -> !!! Set<50000KHz> Source<200000KHz> -> sclk<50000KHz> timing<2> mode<0> div<1> hs400_div_dis<0>
[   53.370036] (2)[341:recovery]regulator_vibrator activate_store(258) :set activate duration = 1, 40
[   53.370054] (2)[341:recovery]regulator_vibrator vibrator_enable(198) :cancel hrtimer, cust:50-15000, dur:40, shutdown:0
[   53.370430] (4)[7:kworker/u16:0]regulator_vibrator update_vibrator(171) :vibr_state = 1
[   53.419202] (2)[341:recovery][M4U] m4u_fb_notifier_callback 1, 9
[   53.419215] (2)[341:recovery][black_check]: black_fb_notifier_callback:event = 1 status:3
[   53.419221] (2)[341:recovery][bright_check]: bright_fb_notifier_callback:event = 1,status:3
[   53.419228] (2)[341:recovery][WAKELOCK_PROFILE]ws_fb_notify_callback: val=1, blank=0
[   53.419236] (2)[341:recovery]gf_tee: [info] goodix_fb_state_chg_callback go to the goodix_fb_state_chg_callback value = 1
[   53.420405] (4)[7:kworker/u16:0]regulator_vibrator update_vibrator(171) :vibr_state = 0
[   53.436677] (4)[1:init]init: starting service 'cryptoeng-1-0'...
[   53.447765] (4)[1:init]init: Service 'cryptoeng-1-0' (pid 698) exited with status 1
[   53.447886] (4)[1:init]init: Sending signal 9 to service 'cryptoeng-1-0' (pid 698) process group...
[   53.448272] (4)[1:init]libprocessgroup: Successfully killed process cgroup uid 0 pid 698 in 0ms
[   53.451871] (2)[341:recovery][M4U] m4u_fb_notifier_callback 1, 9
[   53.451879] (2)[341:recovery][black_check]: black_fb_notifier_callback:event = 1 status:3
[   53.451882] (2)[341:recovery][bright_check]: bright_fb_notifier_callback:event = 1,status:3
[   53.451886] (2)[341:recovery][WAKELOCK_PROFILE]ws_fb_notify_callback: val=1, blank=0
[   53.451890] (2)[341:recovery]gf_tee: [info] goodix_fb_state_chg_callback go to the goodix_fb_state_chg_callback value = 1
[   53.626058] (3)[58:kworker/3:1]oppo_custome_sync_work is called
[   53.626100] (4)[647:usb ffs open]oppo_custome_sync_work: file /dev/block/by-name/oppo_custom is no exit
[   53.658820] (4)[647:usb ffs open]read descriptors
[   53.658883] (4)[647:usb ffs open]read strings
[   53.722029] (0)[14:kworker/0:1]MTP, <do_monitor_work(), 2033> IN <1 0 0 0 1 0 0 0 0 >
[   53.722047] (0)[14:kworker/0:1]MTP, <do_monitor_work(), 2040> OUT <0 0 0 0 0 0 0 0 0 >
[   53.754264] (2)[56:kworker/2:1][Thermal/TZ/PMIC] [tsbuck2_raw_to_temp] 656, 391649, 1000000, -1863
[   53.754274] (2)[56:kworker/2:1][Thermal/TZ/PMIC] [tsbuck2_raw_to_temp] t_current=39529
[   53.754279] (2)[56:kworker/2:1][Thermal/TZ/PMIC] mt6357tsbuck2_get_hw_temp raw=656 T=39529
[   53.754284] (2)[56:kworker/2:1][Thermal/TZ/PMIC] mt6357tsbuck2_get_hw_temp pre_tsbuck2_temp1=39529
[   54.150245] (2)[341:recovery][M4U] m4u_fb_notifier_callback 1, 9
[   54.150257] (2)[341:recovery][black_check]: black_fb_notifier_callback:event = 1 status:3
[   54.150263] (2)[341:recovery][bright_check]: bright_fb_notifier_callback:event = 1,status:3
[   54.150270] (2)[341:recovery][WAKELOCK_PROFILE]ws_fb_notify_callback: val=1, blank=0
[   54.150278] (2)[341:recovery]gf_tee: [info] goodix_fb_state_chg_callback go to the goodix_fb_state_chg_callback value = 1
[   54.650066] (3)[58:kworker/3:1]oppo_custome_sync_work is called
[   54.650120] (1)[647:usb ffs open]oppo_custome_sync_work: file /dev/block/by-name/oppo_custom is no exit
[   54.711452] (1)[647:usb ffs open]read descriptors
[   54.711495] (1)[647:usb ffs open]read strings
[   54.746357] (0)[14:kworker/0:1]MTP, <do_monitor_work(), 2033> IN <1 0 0 0 1 0 0 0 0 >
[   54.746387] (0)[14:kworker/0:1]MTP, <do_monitor_work(), 2040> OUT <0 0 0 0 0 0 0 0 0 >
[   55.231158] (2)[341:recovery][M4U] m4u_fb_notifier_callback 1, 9
[   55.231170] (2)[341:recovery][black_check]: black_fb_notifier_callback:event = 1 status:3
[   55.231177] (2)[341:recovery][bright_check]: bright_fb_notifier_callback:event = 1,status:3
[   55.231184] (2)[341:recovery][WAKELOCK_PROFILE]ws_fb_notify_callback: val=1, blank=0
[   55.231192] (2)[341:recovery]gf_tee: [info] goodix_fb_state_chg_callback go to the goodix_fb_state_chg_callback value = 1
[   55.231782] (2)[341:recovery]regulator_vibrator activate_store(258) :set activate duration = 1, 40
[   55.231800] (2)[341:recovery]regulator_vibrator vibrator_enable(198) :cancel hrtimer, cust:50-15000, dur:40, shutdown:0
[   55.232034] (4)[262:kworker/u16:2]regulator_vibrator update_vibrator(171) :vibr_state = 1
[   55.281070] (2)[341:recovery][M4U] m4u_fb_notifier_callback 1, 9
[   55.281082] (2)[341:recovery][black_check]: black_fb_notifier_callback:event = 1 status:3
[   55.281088] (2)[341:recovery][bright_check]: bright_fb_notifier_callback:event = 1,status:3
[   55.281095] (2)[341:recovery][WAKELOCK_PROFILE]ws_fb_notify_callback: val=1, blank=0
[   55.281103] (2)[341:recovery]gf_tee: [info] goodix_fb_state_chg_callback go to the goodix_fb_state_chg_callback value = 1
[   55.282027] (4)[262:kworker/u16:2]regulator_vibrator update_vibrator(171) :vibr_state = 0
[   55.330968] (0)[341:recovery][M4U] m4u_fb_notifier_callback 1, 9
[   55.330976] (0)[341:recovery][black_check]: black_fb_notifier_callback:event = 1 status:3
[   55.330979] (0)[341:recovery][bright_check]: bright_fb_notifier_callback:event = 1,status:3
[   55.330983] (0)[341:recovery][WAKELOCK_PROFILE]ws_fb_notify_callback: val=1, blank=0
[   55.330987] (0)[341:recovery]gf_tee: [info] goodix_fb_state_chg_callback go to the goodix_fb_state_chg_callback value = 1
[   55.397577] (0)[341:recovery][M4U] m4u_fb_notifier_callback 1, 9
[   55.397590] (0)[341:recovery][black_check]: black_fb_notifier_callback:event = 1 status:3
[   55.397596] (0)[341:recovery][bright_check]: bright_fb_notifier_callback:event = 1,status:3
[   55.397603] (0)[341:recovery][WAKELOCK_PROFILE]ws_fb_notify_callback: val=1, blank=0
[   55.397611] (0)[341:recovery]gf_tee: [info] goodix_fb_state_chg_callback go to the goodix_fb_state_chg_callback value = 1
[   55.674070] (3)[58:kworker/3:1]oppo_custome_sync_work is called
[   55.674124] (0)[14:kworker/0:1]oppo_custome_sync_work: file /dev/block/by-name/oppo_custom is no exit
[   55.769929] (0)[14:kworker/0:1]MTP, <do_monitor_work(), 2033> IN <1 0 0 0 1 0 0 0 0 >
[   55.769948] (0)[14:kworker/0:1]MTP, <do_monitor_work(), 2040> OUT <0 0 0 0 0 0 0 0 0 >
[   55.770668] (5)[647:usb ffs open]read descriptors
[   55.770717] (5)[647:usb ffs open]read strings
[   55.912916] (0)[341:recovery][M4U] m4u_fb_notifier_callback 1, 9
[   55.912928] (0)[341:recovery][black_check]: black_fb_notifier_callback:event = 1 status:3
[   55.912934] (0)[341:recovery][bright_check]: bright_fb_notifier_callback:event = 1,status:3
[   55.912941] (0)[341:recovery][WAKELOCK_PROFILE]ws_fb_notify_callback: val=1, blank=0
[   55.912949] (0)[341:recovery]gf_tee: [info] goodix_fb_state_chg_callback go to the goodix_fb_state_chg_callback value = 1
[   55.979474] (2)[341:recovery][M4U] m4u_fb_notifier_callback 1, 9
[   55.979487] (2)[341:recovery][black_check]: black_fb_notifier_callback:event = 1 status:3
[   55.979493] (2)[341:recovery][bright_check]: bright_fb_notifier_callback:event = 1,status:3
[   55.979500] (2)[341:recovery][WAKELOCK_PROFILE]ws_fb_notify_callback: val=1, blank=0
[   55.979508] (2)[341:recovery]gf_tee: [info] goodix_fb_state_chg_callback go to the goodix_fb_state_chg_callback value = 1
[   56.416168] (4)[341:recovery]regulator_vibrator activate_store(258) :set activate duration = 1, 40
[   56.416188] (4)[341:recovery]regulator_vibrator vibrator_enable(198) :cancel hrtimer, cust:50-15000, dur:40, shutdown:0
[   56.416313] (7)[262:kworker/u16:2]regulator_vibrator update_vibrator(171) :vibr_state = 1
[   56.466548] (7)[262:kworker/u16:2]regulator_vibrator update_vibrator(171) :vibr_state = 0
[   56.494750] (2)[341:recovery][M4U] m4u_fb_notifier_callback 1, 9
[   56.494757] (2)[341:recovery][black_check]: black_fb_notifier_callback:event = 1 status:3
[   56.494760] (2)[341:recovery][bright_check]: bright_fb_notifier_callback:event = 1,status:3
[   56.494763] (2)[341:recovery][WAKELOCK_PROFILE]ws_fb_notify_callback: val=1, blank=0
[   56.494768] (2)[341:recovery]gf_tee: [info] goodix_fb_state_chg_callback go to the goodix_fb_state_chg_callback value = 1
[   56.577894] (2)[341:recovery][M4U] m4u_fb_notifier_callback 1, 9
[   56.577950] (2)[341:recovery][black_check]: black_fb_notifier_callback:event = 1 status:3
[   56.577953] (2)[341:recovery][bright_check]: bright_fb_notifier_callback:event = 1,status:3
[   56.577956] (2)[341:recovery][WAKELOCK_PROFILE]ws_fb_notify_callback: val=1, blank=0
[   56.577961] (2)[341:recovery]gf_tee: [info] goodix_fb_state_chg_callback go to the goodix_fb_state_chg_callback value = 1
[   56.698038] (3)[58:kworker/3:1]oppo_custome_sync_work is called
[   56.698087] (0)[14:kworker/0:1]oppo_custome_sync_work: file /dev/block/by-name/oppo_custom is no exit
[   56.794055] (0)[14:kworker/0:1]MTP, <do_monitor_work(), 2033> IN <1 0 0 0 1 0 0 0 0 >
[   56.794074] (0)[14:kworker/0:1]MTP, <do_monitor_work(), 2040> OUT <0 0 0 0 0 0 0 0 0 >
[   56.826284] (7)[262:kworker/u16:2][SCP] scp_ipi_send: SCP A not ready
[   56.826315] (7)[262:kworker/u16:2][sensorHub] scp_ipi_send fail
[   56.826345] (2)[56:kworker/2:1][sensorHub] scp_sensorHub_req_send fail!
[   56.826992] (7)[433:kworker/7:7][msdc]msdc power off
[   56.827042] (7)[433:kworker/7:7][msdc]msdc power off
[   56.830540] (6)[647:usb ffs open]read descriptors
[   56.830586] (6)[647:usb ffs open]read strings
[   57.035820] (5)[421:irq/17-touchpan][TP]touchpanel: touchpanel: Touchpanel id 0 :Down[ 119 1002    1]
[   57.143318] (2)[341:recovery][M4U] m4u_fb_notifier_callback 1, 9
[   57.143330] (2)[341:recovery][black_check]: black_fb_notifier_callback:event = 1 status:3
[   57.143337] (2)[341:recovery][bright_check]: bright_fb_notifier_callback:event = 1,status:3
[   57.143344] (2)[341:recovery][WAKELOCK_PROFILE]ws_fb_notify_callback: val=1, blank=0
[   57.143352] (2)[341:recovery]gf_tee: [info] goodix_fb_state_chg_callback go to the goodix_fb_state_chg_callback value = 1
[   57.145472] (0)[341:recovery]regulator_vibrator activate_store(258) :set activate duration = 1, 40
[   57.145489] (0)[341:recovery]regulator_vibrator vibrator_enable(198) :cancel hrtimer, cust:50-15000, dur:40, shutdown:0
[   57.145725] (7)[7:kworker/u16:0]regulator_vibrator update_vibrator(171) :vibr_state = 1
[   57.176954] (3)[341:recovery][M4U] m4u_fb_notifier_callback 1, 9
[   57.176966] (3)[341:recovery][black_check]: black_fb_notifier_callback:event = 1 status:3
[   57.176973] (3)[341:recovery][bright_check]: bright_fb_notifier_callback:event = 1,status:3
[   57.176980] (3)[341:recovery][WAKELOCK_PROFILE]ws_fb_notify_callback: val=1, blank=0
[   57.176987] (3)[341:recovery]gf_tee: [info] goodix_fb_state_chg_callback go to the goodix_fb_state_chg_callback value = 1
[   57.195731] (7)[7:kworker/u16:0]regulator_vibrator update_vibrator(171) :vibr_state = 0
[   57.234322] -(6)[0:swapper/6][name:spm&]Power/swap CNT(soidle): [0] = (0), [1] = (0), [2] = (0), [3] = (0), [4] = (0), [5] = (0), [6] = (0), [7] = (0), 
[   57.234344] -(6)[0:swapper/6][name:spm&]Power/swap soidle_block_cnt: [BY_FRM] = 1180, 
[   57.234370] -(6)[0:swapper/6][name:spm&]Power/swap soidle_block_mask: 0x00000000, 0x00000000, 0x00000000, 0x00000000, 0x00000000, 0x00000000, idle_pll_block_mask: 0x00000000\x0a
[   57.243511] (0)[341:recovery][M4U] m4u_fb_notifier_callback 1, 9
[   57.243524] (0)[341:recovery][black_check]: black_fb_notifier_callback:event = 1 status:3
[   57.243530] (0)[341:recovery][bright_check]: bright_fb_notifier_callback:event = 1,status:3
[   57.243537] (0)[341:recovery][WAKELOCK_PROFILE]ws_fb_notify_callback: val=1, blank=0
[   57.243545] (0)[341:recovery]gf_tee: [info] goodix_fb_state_chg_callback go to the goodix_fb_state_chg_callback value = 1
[   57.374016] (1)[0:swapper/1][name:spm&]Power/swap DP: No enter --- SODI3: No enter --- SODI: No enter --- 
[   57.374046] (1)[0:swapper/1]mcdi cpu: 570, 447, 114, 233, 262, 328, 412, 304, cluster : 130, 326, pause = 137, multi core = 60, latency = 31, residency = 0, last core = 136, avail cpu = 00ff, cluster = 0003, enabled = 1, max_s_state = 5, system_idle_hint = 00000000
[   57.722085] (3)[58:kworker/3:1]oppo_custome_sync_work is called
[   57.722146] (2)[341:recovery]oppo_custome_sync_work: file /dev/block/by-name/oppo_custom is no exit
[   57.742247] (2)[341:recovery][M4U] m4u_fb_notifier_callback 1, 9
[   57.742259] (2)[341:recovery][black_check]: black_fb_notifier_callback:event = 1 status:3
[   57.742265] (2)[341:recovery][bright_check]: bright_fb_notifier_callback:event = 1,status:3
[   57.742272] (2)[341:recovery][WAKELOCK_PROFILE]ws_fb_notify_callback: val=1, blank=0
[   57.742279] (2)[341:recovery]gf_tee: [info] goodix_fb_state_chg_callback go to the goodix_fb_state_chg_callback value = 1
[   57.775441] (2)[341:recovery][M4U] m4u_fb_notifier_callback 1, 9
[   57.775454] (2)[341:recovery][black_check]: black_fb_notifier_callback:event = 1 status:3
[   57.775460] (2)[341:recovery][bright_check]: bright_fb_notifier_callback:event = 1,status:3
[   57.775467] (2)[341:recovery][WAKELOCK_PROFILE]ws_fb_notify_callback: val=1, blank=0
[   57.775475] (2)[341:recovery]gf_tee: [info] goodix_fb_state_chg_callback go to the goodix_fb_state_chg_callback value = 1
[   57.808672] (2)[341:recovery][M4U] m4u_fb_notifier_callback 1, 9
[   57.808680] (2)[341:recovery][black_check]: black_fb_notifier_callback:event = 1 status:3
[   57.808683] (2)[341:recovery][bright_check]: bright_fb_notifier_callback:event = 1,status:3
[   57.808686] (2)[341:recovery][WAKELOCK_PROFILE]ws_fb_notify_callback: val=1, blank=0
[   57.808690] (2)[341:recovery]gf_tee: [info] goodix_fb_state_chg_callback go to the goodix_fb_state_chg_callback value = 1
[   57.818084] (0)[14:kworker/0:1]MTP, <do_monitor_work(), 2033> IN <1 0 0 0 1 0 0 0 0 >
[   57.818101] (0)[14:kworker/0:1]MTP, <do_monitor_work(), 2040> OUT <0 0 0 0 0 0 0 0 0 >
[   57.842012] (0)[341:recovery][M4U] m4u_fb_notifier_callback 1, 9
[   57.842024] (0)[341:recovery][black_check]: black_fb_notifier_callback:event = 1 status:3
[   57.842031] (0)[341:recovery][bright_check]: bright_fb_notifier_callback:event = 1,status:3
[   57.842037] (0)[341:recovery][WAKELOCK_PROFILE]ws_fb_notify_callback: val=1, blank=0
[   57.842046] (0)[341:recovery]gf_tee: [info] goodix_fb_state_chg_callback go to the goodix_fb_state_chg_callback value = 1
[   57.850456] (1)[313:kworker/1:3]last full = 0, full = 0
[   57.850470] (2)[56:kworker/2:1][Thermal/TZ/PMIC] [tsbuck1_raw_to_temp] 656, 390576, 1000000, -1863
[   57.850475] (2)[56:kworker/2:1][Thermal/TZ/PMIC] [tsbuck1_raw_to_temp] t_current=38456
[   57.850482] (2)[56:kworker/2:1][Thermal/TZ/PMIC] mt6357tsbuck1_get_hw_temp raw=656 T=38456
[   57.850487] (2)[56:kworker/2:1][Thermal/TZ/PMIC] mt6357tsbuck1_get_hw_temp pre_tsbuck1_temp1=38456
[   57.858890] (1)[55:kworker/1:1]get prop 105 is not supported in batt
[   57.860970] (7)[351:health@2.1-serv][OPLUS_CHG][oplus_ac_get_property]0 0 0 0 0 0 0 1 0 ac_online:0
[   57.861356] (7)[351:health@2.1-serv]bq2560x-charger 5-006b: bq2560x_charger_get_online: online = 0
[   57.861483] (7)[351:health@2.1-serv]healthd: battery l=50 v=3801 t=38.0 h=2 st=4 c=482 fc=0 chg=
[   57.863520] (7)[351:health@2.1-serv][OPLUS_CHG][oplus_ac_get_property]0 0 0 0 0 0 0 1 0 ac_online:0
[   57.863872] (7)[351:health@2.1-serv]bq2560x-charger 5-006b: bq2560x_charger_get_online: online = 0
[   57.864619] (1)[313:kworker/1:3][bq2560x]:bq2560x_dump_regs: [00]=0x7f  [01]=0x0a  [02]=0x85  [03]=0x33  [04]=0x88  [05]=0x87  [06]=0x55  [07]=0x49  [08]=0x01  [09]=0x00  [0a]=0x03  [0b]=0x14  
[   57.864660] (1)[313:kworker/1:3][OPLUS_CHG][oplus_chg_print_log] CHGR[ 0 / 0 / 9 / 3 / 2 ], BAT[ 1 / 0 / 0 / 0 / 1 / 0 ], GAUGE[ 380 / 3801 / 3801 / 472 / -1 / 50 / 50 / 50 / -1 / 0 / 0 / 0 / 0 / 0 / 0 / 0 / 0 / 0 / 0 / 0 / 0 / 0 /], STATUS[ 0x0 / 0 / 0 / 0 / 0 / 0x0 ], OTHER[ 1 / 1 / 7 / 2 / 0/ 0 / -2740]
[   57.865756] (7)[351:health@2.1-serv][OPLUS_CHG][oplus_ac_get_property]0 0 0 0 0 0 0 1 0 ac_online:0
[   57.866189] (7)[351:health@2.1-serv]bq2560x-charger 5-006b: bq2560x_charger_get_online: online = 0
[   57.866285] (7)[351:health@2.1-serv]healthd: battery l=50 v=3801 t=38.0 h=2 st=4 c=520 fc=0 chg=
[   57.868099] (7)[351:health@2.1-serv][OPLUS_CHG][oplus_ac_get_property]0 0 0 0 0 0 0 1 0 ac_online:0
[   57.868422] (7)[351:health@2.1-serv]bq2560x-charger 5-006b: bq2560x_charger_get_online: online = 0
[   57.874683] (5)[647:usb ffs open]read descriptors
[   57.874713] (5)[647:usb ffs open]read strings
[   57.876056] (0)[341:recovery][M4U] m4u_fb_notifier_callback 1, 9
[   57.876063] (0)[341:recovery][black_check]: black_fb_notifier_callback:event = 1 status:3
[   57.876066] (0)[341:recovery][bright_check]: bright_fb_notifier_callback:event = 1,status:3
[   57.876070] (0)[341:recovery][WAKELOCK_PROFILE]ws_fb_notify_callback: val=1, blank=0
[   57.876074] (0)[341:recovery]gf_tee: [info] goodix_fb_state_chg_callback go to the goodix_fb_state_chg_callback value = 1
[   57.908576] (0)[341:recovery][M4U] m4u_fb_notifier_callback 1, 9
[   57.908588] (0)[341:recovery][black_check]: black_fb_notifier_callback:event = 1 status:3
[   57.908595] (0)[341:recovery][bright_check]: bright_fb_notifier_callback:event = 1,status:3
[   57.908602] (0)[341:recovery][WAKELOCK_PROFILE]ws_fb_notify_callback: val=1, blank=0
[   57.908609] (0)[341:recovery]gf_tee: [info] goodix_fb_state_chg_callback go to the goodix_fb_state_chg_callback value = 1
[   57.941646] (0)[341:recovery][M4U] m4u_fb_notifier_callback 1, 9
[   57.941654] (0)[341:recovery][black_check]: black_fb_notifier_callback:event = 1 status:3
[   57.941657] (0)[341:recovery][bright_check]: bright_fb_notifier_callback:event = 1,status:3
[   57.941661] (0)[341:recovery][WAKELOCK_PROFILE]ws_fb_notify_callback: val=1, blank=0
[   57.941665] (0)[341:recovery]gf_tee: [info] goodix_fb_state_chg_callback go to the goodix_fb_state_chg_callback value = 1
[   57.974905] (0)[341:recovery][M4U] m4u_fb_notifier_callback 1, 9
[   57.974913] (0)[341:recovery][black_check]: black_fb_notifier_callback:event = 1 status:3
[   57.974916] (0)[341:recovery][bright_check]: bright_fb_notifier_callback:event = 1,status:3
[   57.974920] (0)[341:recovery][WAKELOCK_PROFILE]ws_fb_notify_callback: val=1, blank=0
[   57.974924] (0)[341:recovery]gf_tee: [info] goodix_fb_state_chg_callback go to the goodix_fb_state_chg_callback value = 1
[   58.008258] (0)[341:recovery][M4U] m4u_fb_notifier_callback 1, 9
[   58.008270] (0)[341:recovery][black_check]: black_fb_notifier_callback:event = 1 status:3
[   58.008277] (0)[341:recovery][bright_check]: bright_fb_notifier_callback:event = 1,status:3
[   58.008283] (0)[341:recovery][WAKELOCK_PROFILE]ws_fb_notify_callback: val=1, blank=0
[   58.008291] (0)[341:recovery]gf_tee: [info] goodix_fb_state_chg_callback go to the goodix_fb_state_chg_callback value = 1
[   58.041453] (0)[341:recovery][M4U] m4u_fb_notifier_callback 1, 9
[   58.041461] (0)[341:recovery][black_check]: black_fb_notifier_callback:event = 1 status:3
[   58.041464] (0)[341:recovery][bright_check]: bright_fb_notifier_callback:event = 1,status:3
[   58.041468] (0)[341:recovery][WAKELOCK_PROFILE]ws_fb_notify_callback: val=1, blank=0
[   58.041472] (0)[341:recovery]gf_tee: [info] goodix_fb_state_chg_callback go to the goodix_fb_state_chg_callback value = 1
[   58.074681] (0)[341:recovery][M4U] m4u_fb_notifier_callback 1, 9
[   58.074688] (0)[341:recovery][black_check]: black_fb_notifier_callback:event = 1 status:3
[   58.074692] (0)[341:recovery][bright_check]: bright_fb_notifier_callback:event = 1,status:3
[   58.074695] (0)[341:recovery][WAKELOCK_PROFILE]ws_fb_notify_callback: val=1, blank=0
[   58.074699] (0)[341:recovery]gf_tee: [info] goodix_fb_state_chg_callback go to the goodix_fb_state_chg_callback value = 1
[   58.107994] (0)[341:recovery][M4U] m4u_fb_notifier_callback 1, 9
[   58.108002] (0)[341:recovery][black_check]: black_fb_notifier_callback:event = 1 status:3
[   58.108005] (0)[341:recovery][bright_check]: bright_fb_notifier_callback:event = 1,status:3
[   58.108009] (0)[341:recovery][WAKELOCK_PROFILE]ws_fb_notify_callback: val=1, blank=0
[   58.108013] (0)[341:recovery]gf_tee: [info] goodix_fb_state_chg_callback go to the goodix_fb_state_chg_callback value = 1
[   58.141272] (0)[341:recovery][M4U] m4u_fb_notifier_callback 1, 9
[   58.141284] (0)[341:recovery][black_check]: black_fb_notifier_callback:event = 1 status:3
[   58.141291] (0)[341:recovery][bright_check]: bright_fb_notifier_callback:event = 1,status:3
[   58.141297] (0)[341:recovery][WAKELOCK_PROFILE]ws_fb_notify_callback: val=1, blank=0
[   58.141305] (0)[341:recovery]gf_tee: [info] goodix_fb_state_chg_callback go to the goodix_fb_state_chg_callback value = 1
[   58.174509] (0)[341:recovery][M4U] m4u_fb_notifier_callback 1, 9
[   58.174517] (0)[341:recovery][black_check]: black_fb_notifier_callback:event = 1 status:3
[   58.174521] (0)[341:recovery][bright_check]: bright_fb_notifier_callback:event = 1,status:3
[   58.174524] (0)[341:recovery][WAKELOCK_PROFILE]ws_fb_notify_callback: val=1, blank=0
[   58.174529] (0)[341:recovery]gf_tee: [info] goodix_fb_state_chg_callback go to the goodix_fb_state_chg_callback value = 1
[   58.207767] (0)[341:recovery][M4U] m4u_fb_notifier_callback 1, 9
[   58.207774] (0)[341:recovery][black_check]: black_fb_notifier_callback:event = 1 status:3
[   58.207778] (0)[341:recovery][bright_check]: bright_fb_notifier_callback:event = 1,status:3
[   58.207781] (0)[341:recovery][WAKELOCK_PROFILE]ws_fb_notify_callback: val=1, blank=0
[   58.207785] (0)[341:recovery]gf_tee: [info] goodix_fb_state_chg_callback go to the goodix_fb_state_chg_callback value = 1
[   58.241103] (0)[341:recovery][M4U] m4u_fb_notifier_callback 1, 9
[   58.241116] (0)[341:recovery][black_check]: black_fb_notifier_callback:event = 1 status:3
[   58.241122] (0)[341:recovery][bright_check]: bright_fb_notifier_callback:event = 1,status:3
[   58.241129] (0)[341:recovery][WAKELOCK_PROFILE]ws_fb_notify_callback: val=1, blank=0
[   58.241137] (0)[341:recovery]gf_tee: [info] goodix_fb_state_chg_callback go to the goodix_fb_state_chg_callback value = 1
[   58.274311] (0)[341:recovery][M4U] m4u_fb_notifier_callback 1, 9
[   58.274324] (0)[341:recovery][black_check]: black_fb_notifier_callback:event = 1 status:3
[   58.274330] (0)[341:recovery][bright_check]: bright_fb_notifier_callback:event = 1,status:3
[   58.274337] (0)[341:recovery][WAKELOCK_PROFILE]ws_fb_notify_callback: val=1, blank=0
[   58.274345] (0)[341:recovery]gf_tee: [info] goodix_fb_state_chg_callback go to the goodix_fb_state_chg_callback value = 1
[   58.274845] (0)[341:recovery]regulator_vibrator activate_store(258) :set activate duration = 1, 40
[   58.274863] (0)[341:recovery]regulator_vibrator vibrator_enable(198) :cancel hrtimer, cust:50-15000, dur:40, shutdown:0
[   58.275114] (6)[7:kworker/u16:0]regulator_vibrator update_vibrator(171) :vibr_state = 1
[   58.307517] (3)[341:recovery][M4U] m4u_fb_notifier_callback 1, 9
[   58.307526] (3)[341:recovery][black_check]: black_fb_notifier_callback:event = 1 status:3
[   58.307530] (3)[341:recovery][bright_check]: bright_fb_notifier_callback:event = 1,status:3
[   58.307535] (3)[341:recovery][WAKELOCK_PROFILE]ws_fb_notify_callback: val=1, blank=0
[   58.307540] (3)[341:recovery]gf_tee: [info] goodix_fb_state_chg_callback go to the goodix_fb_state_chg_callback value = 1
[   58.325169] (1)[7:kworker/u16:0]regulator_vibrator update_vibrator(171) :vibr_state = 0
[   58.340950] (3)[341:recovery][M4U] m4u_fb_notifier_callback 1, 9
[   58.340958] (3)[341:recovery][black_check]: black_fb_notifier_callback:event = 1 status:3
[   58.340961] (3)[341:recovery][bright_check]: bright_fb_notifier_callback:event = 1,status:3
[   58.340964] (3)[341:recovery][WAKELOCK_PROFILE]ws_fb_notify_callback: val=1, blank=0
[   58.340969] (3)[341:recovery]gf_tee: [info] goodix_fb_state_chg_callback go to the goodix_fb_state_chg_callback value = 1
[   58.374277] (3)[341:recovery][M4U] m4u_fb_notifier_callback 1, 9
[   58.374286] (3)[341:recovery][black_check]: black_fb_notifier_callback:event = 1 status:3
[   58.374289] (3)[341:recovery][bright_check]: bright_fb_notifier_callback:event = 1,status:3
[   58.374293] (3)[341:recovery][WAKELOCK_PROFILE]ws_fb_notify_callback: val=1, blank=0
[   58.374297] (3)[341:recovery]gf_tee: [info] goodix_fb_state_chg_callback go to the goodix_fb_state_chg_callback value = 1
[   58.424250] (3)[341:recovery][M4U] m4u_fb_notifier_callback 1, 9
[   58.424263] (3)[341:recovery][black_check]: black_fb_notifier_callback:event = 1 status:3
[   58.424270] (3)[341:recovery][bright_check]: bright_fb_notifier_callback:event = 1,status:3
[   58.424276] (3)[341:recovery][WAKELOCK_PROFILE]ws_fb_notify_callback: val=1, blank=0
[   58.424284] (3)[341:recovery]gf_tee: [info] goodix_fb_state_chg_callback go to the goodix_fb_state_chg_callback value = 1
[   58.442588] (1)[1:init]init: starting service 'cryptoeng-1-0'...
[   58.451312] (1)[1:init]init: Service 'cryptoeng-1-0' (pid 707) exited with status 1
[   58.451349] (1)[1:init]init: Sending signal 9 to service 'cryptoeng-1-0' (pid 707) process group...
[   58.451494] (1)[1:init]libprocessgroup: Successfully killed process cgroup uid 0 pid 707 in 0ms
[   58.474014] (2)[341:recovery][M4U] m4u_fb_notifier_callback 1, 9
[   58.474026] (2)[341:recovery][black_check]: black_fb_notifier_callback:event = 1 status:3
[   58.474033] (2)[341:recovery][bright_check]: bright_fb_notifier_callback:event = 1,status:3
[   58.474039] (2)[341:recovery][WAKELOCK_PROFILE]ws_fb_notify_callback: val=1, blank=0
[   58.474047] (2)[341:recovery]gf_tee: [info] goodix_fb_state_chg_callback go to the goodix_fb_state_chg_callback value = 1
[   58.524040] (2)[341:recovery][M4U] m4u_fb_notifier_callback 1, 9
[   58.524053] (2)[341:recovery][black_check]: black_fb_notifier_callback:event = 1 status:3
[   58.524060] (2)[341:recovery][bright_check]: bright_fb_notifier_callback:event = 1,status:3
[   58.524067] (2)[341:recovery][WAKELOCK_PROFILE]ws_fb_notify_callback: val=1, blank=0
[   58.524075] (2)[341:recovery]gf_tee: [info] goodix_fb_state_chg_callback go to the goodix_fb_state_chg_callback value = 1
[   58.573858] (0)[341:recovery][M4U] m4u_fb_notifier_callback 1, 9
[   58.573870] (0)[341:recovery][black_check]: black_fb_notifier_callback:event = 1 status:3
[   58.573877] (0)[341:recovery][bright_check]: bright_fb_notifier_callback:event = 1,status:3
[   58.573884] (0)[341:recovery][WAKELOCK_PROFILE]ws_fb_notify_callback: val=1, blank=0
[   58.573892] (0)[341:recovery]gf_tee: [info] goodix_fb_state_chg_callback go to the goodix_fb_state_chg_callback value = 1
[   58.623783] (0)[341:recovery][M4U] m4u_fb_notifier_callback 1, 9
[   58.623795] (0)[341:recovery][black_check]: black_fb_notifier_callback:event = 1 status:3
[   58.623802] (0)[341:recovery][bright_check]: bright_fb_notifier_callback:event = 1,status:3
[   58.623809] (0)[341:recovery][WAKELOCK_PROFILE]ws_fb_notify_callback: val=1, blank=0
[   58.623816] (0)[341:recovery]gf_tee: [info] goodix_fb_state_chg_callback go to the goodix_fb_state_chg_callback value = 1
[   58.673664] (0)[341:recovery][M4U] m4u_fb_notifier_callback 1, 9
[   58.673676] (0)[341:recovery][black_check]: black_fb_notifier_callback:event = 1 status:3
[   58.673682] (0)[341:recovery][bright_check]: bright_fb_notifier_callback:event = 1,status:3
[   58.673689] (0)[341:recovery][WAKELOCK_PROFILE]ws_fb_notify_callback: val=1, blank=0
[   58.673697] (0)[341:recovery]gf_tee: [info] goodix_fb_state_chg_callback go to the goodix_fb_state_chg_callback value = 1
[   58.723525] (0)[341:recovery][M4U] m4u_fb_notifier_callback 1, 9
[   58.723538] (0)[341:recovery][black_check]: black_fb_notifier_callback:event = 1 status:3
[   58.723544] (0)[341:recovery][bright_check]: bright_fb_notifier_callback:event = 1,status:3
[   58.723552] (0)[341:recovery][WAKELOCK_PROFILE]ws_fb_notify_callback: val=1, blank=0
[   58.723559] (0)[341:recovery]gf_tee: [info] goodix_fb_state_chg_callback go to the goodix_fb_state_chg_callback value = 1
[   58.746285] (3)[58:kworker/3:1]oppo_custome_sync_work is called
[   58.746351] (1)[341:recovery]oppo_custome_sync_work: file /dev/block/by-name/oppo_custom is no exit
[   58.773448] (1)[341:recovery][M4U] m4u_fb_notifier_callback 1, 9
[   58.773461] (1)[341:recovery][black_check]: black_fb_notifier_callback:event = 1 status:3
[   58.773467] (1)[341:recovery][bright_check]: bright_fb_notifier_callback:event = 1,status:3
[   58.773474] (1)[341:recovery][WAKELOCK_PROFILE]ws_fb_notify_callback: val=1, blank=0
[   58.773481] (1)[341:recovery]gf_tee: [info] goodix_fb_state_chg_callback go to the goodix_fb_state_chg_callback value = 1
[   58.823382] (1)[341:recovery][M4U] m4u_fb_notifier_callback 1, 9
[   58.823396] (1)[341:recovery][black_check]: black_fb_notifier_callback:event = 1 status:3
[   58.823403] (1)[341:recovery][bright_check]: bright_fb_notifier_callback:event = 1,status:3
[   58.823410] (1)[341:recovery][WAKELOCK_PROFILE]ws_fb_notify_callback: val=1, blank=0
[   58.823418] (1)[341:recovery]gf_tee: [info] goodix_fb_state_chg_callback go to the goodix_fb_state_chg_callback value = 1
[   58.842108] (0)[14:kworker/0:1]MTP, <do_monitor_work(), 2033> IN <1 0 0 0 1 0 0 0 0 >
[   58.842127] (0)[14:kworker/0:1]MTP, <do_monitor_work(), 2040> OUT <0 0 0 0 0 0 0 0 0 >
[   58.873206] (0)[341:recovery][M4U] m4u_fb_notifier_callback 1, 9
[   58.873219] (0)[341:recovery][black_check]: black_fb_notifier_callback:event = 1 status:3
[   58.873225] (0)[341:recovery][bright_check]: bright_fb_notifier_callback:event = 1,status:3
[   58.873232] (0)[341:recovery][WAKELOCK_PROFILE]ws_fb_notify_callback: val=1, blank=0
[   58.873239] (0)[341:recovery]gf_tee: [info] goodix_fb_state_chg_callback go to the goodix_fb_state_chg_callback value = 1
[   58.874518] (2)[56:kworker/2:1][Thermal/TZ/PMIC] [tsbuck2_raw_to_temp] 656, 391649, 1000000, -1863
[   58.874529] (2)[56:kworker/2:1][Thermal/TZ/PMIC] [tsbuck2_raw_to_temp] t_current=39529
[   58.874535] (2)[56:kworker/2:1][Thermal/TZ/PMIC] mt6357tsbuck2_get_hw_temp raw=656 T=39529
[   58.874539] (2)[56:kworker/2:1][Thermal/TZ/PMIC] mt6357tsbuck2_get_hw_temp pre_tsbuck2_temp1=39529
[   58.910552] (0)[647:usb ffs open]read descriptors
[   58.910564] (0)[647:usb ffs open]read strings
[   58.923045] (2)[341:recovery][M4U] m4u_fb_notifier_callback 1, 9
[   58.923059] (2)[341:recovery][black_check]: black_fb_notifier_callback:event = 1 status:3
[   58.923065] (2)[341:recovery][bright_check]: bright_fb_notifier_callback:event = 1,status:3
[   58.923072] (2)[341:recovery][WAKELOCK_PROFILE]ws_fb_notify_callback: val=1, blank=0
[   58.923080] (2)[341:recovery]gf_tee: [info] goodix_fb_state_chg_callback go to the goodix_fb_state_chg_callback value = 1
[   58.972985] (0)[341:recovery][M4U] m4u_fb_notifier_callback 1, 9
[   58.972998] (0)[341:recovery][black_check]: black_fb_notifier_callback:event = 1 status:3
[   58.973004] (0)[341:recovery][bright_check]: bright_fb_notifier_callback:event = 1,status:3
[   58.973011] (0)[341:recovery][WAKELOCK_PROFILE]ws_fb_notify_callback: val=1, blank=0
[   58.973019] (0)[341:recovery]gf_tee: [info] goodix_fb_state_chg_callback go to the goodix_fb_state_chg_callback value = 1
[   59.022731] (0)[341:recovery][M4U] m4u_fb_notifier_callback 1, 9
[   59.022743] (0)[341:recovery][black_check]: black_fb_notifier_callback:event = 1 status:3
[   59.022750] (0)[341:recovery][bright_check]: bright_fb_notifier_callback:event = 1,status:3
[   59.022757] (0)[341:recovery][WAKELOCK_PROFILE]ws_fb_notify_callback: val=1, blank=0
[   59.022764] (0)[341:recovery]gf_tee: [info] goodix_fb_state_chg_callback go to the goodix_fb_state_chg_callback value = 1
[   59.023309] (0)[341:recovery]regulator_vibrator activate_store(258) :set activate duration = 1, 40
[   59.023325] (0)[341:recovery]regulator_vibrator vibrator_enable(198) :cancel hrtimer, cust:50-15000, dur:40, shutdown:0
[   59.023502] (3)[7:kworker/u16:0]regulator_vibrator update_vibrator(171) :vibr_state = 1
[   59.072520] (0)[341:recovery][M4U] m4u_fb_notifier_callback 1, 9
[   59.072557] (0)[341:recovery][black_check]: black_fb_notifier_callback:event = 1 status:3
[   59.072563] (0)[341:recovery][bright_check]: bright_fb_notifier_callback:event = 1,status:3
[   59.072570] (0)[341:recovery][WAKELOCK_PROFILE]ws_fb_notify_callback: val=1, blank=0
[   59.072578] (0)[341:recovery]gf_tee: [info] goodix_fb_state_chg_callback go to the goodix_fb_state_chg_callback value = 1
[   59.073504] (3)[7:kworker/u16:0]regulator_vibrator update_vibrator(171) :vibr_state = 0
[   59.122472] (0)[341:recovery][M4U] m4u_fb_notifier_callback 1, 9
[   59.122480] (0)[341:recovery][black_check]: black_fb_notifier_callback:event = 1 status:3
[   59.122483] (0)[341:recovery][bright_check]: bright_fb_notifier_callback:event = 1,status:3
[   59.122486] (0)[341:recovery][WAKELOCK_PROFILE]ws_fb_notify_callback: val=1, blank=0
[   59.122490] (0)[341:recovery]gf_tee: [info] goodix_fb_state_chg_callback go to the goodix_fb_state_chg_callback value = 1
[   59.172430] (0)[341:recovery][M4U] m4u_fb_notifier_callback 1, 9
[   59.172439] (0)[341:recovery][black_check]: black_fb_notifier_callback:event = 1 status:3
[   59.172442] (0)[341:recovery][bright_check]: bright_fb_notifier_callback:event = 1,status:3
[   59.172445] (0)[341:recovery][WAKELOCK_PROFILE]ws_fb_notify_callback: val=1, blank=0
[   59.172449] (0)[341:recovery]gf_tee: [info] goodix_fb_state_chg_callback go to the goodix_fb_state_chg_callback value = 1
[   59.222315] (0)[341:recovery][M4U] m4u_fb_notifier_callback 1, 9
[   59.222323] (0)[341:recovery][black_check]: black_fb_notifier_callback:event = 1 status:3
[   59.222326] (0)[341:recovery][bright_check]: bright_fb_notifier_callback:event = 1,status:3
[   59.222330] (0)[341:recovery][WAKELOCK_PROFILE]ws_fb_notify_callback: val=1, blank=0
[   59.222334] (0)[341:recovery]gf_tee: [info] goodix_fb_state_chg_callback go to the goodix_fb_state_chg_callback value = 1
[   59.338931] (0)[341:recovery][M4U] m4u_fb_notifier_callback 1, 9
[   59.338944] (0)[341:recovery][black_check]: black_fb_notifier_callback:event = 1 status:3
[   59.338950] (0)[341:recovery][bright_check]: bright_fb_notifier_callback:event = 1,status:3
[   59.338957] (0)[341:recovery][WAKELOCK_PROFILE]ws_fb_notify_callback: val=1, blank=0
[   59.338965] (0)[341:recovery]gf_tee: [info] goodix_fb_state_chg_callback go to the goodix_fb_state_chg_callback value = 1
[   59.720926] (0)[341:recovery][M4U] m4u_fb_notifier_callback 1, 9
[   59.720938] (0)[341:recovery][black_check]: black_fb_notifier_callback:event = 1 status:3
[   59.720944] (0)[341:recovery][bright_check]: bright_fb_notifier_callback:event = 1,status:3
[   59.720951] (0)[341:recovery][WAKELOCK_PROFILE]ws_fb_notify_callback: val=1, blank=0
[   59.720958] (0)[341:recovery]gf_tee: [info] goodix_fb_state_chg_callback go to the goodix_fb_state_chg_callback value = 1
[   59.770095] (3)[58:kworker/3:1]oppo_custome_sync_work is called
[   59.770141] (0)[341:recovery]oppo_custome_sync_work: file /dev/block/by-name/oppo_custom is no exit
[   59.770787] (0)[341:recovery][M4U] m4u_fb_notifier_callback 1, 9
[   59.770793] (0)[341:recovery][black_check]: black_fb_notifier_callback:event = 1 status:3
[   59.770796] (0)[341:recovery][bright_check]: bright_fb_notifier_callback:event = 1,status:3
[   59.770799] (0)[341:recovery][WAKELOCK_PROFILE]ws_fb_notify_callback: val=1, blank=0
[   59.770803] (0)[341:recovery]gf_tee: [info] goodix_fb_state_chg_callback go to the goodix_fb_state_chg_callback value = 1
[   59.820808] (0)[341:recovery][M4U] m4u_fb_notifier_callback 1, 9
[   59.820815] (0)[341:recovery][black_check]: black_fb_notifier_callback:event = 1 status:3
[   59.820818] (0)[341:recovery][bright_check]: bright_fb_notifier_callback:event = 1,status:3
[   59.820821] (0)[341:recovery][WAKELOCK_PROFILE]ws_fb_notify_callback: val=1, blank=0
[   59.820826] (0)[341:recovery]gf_tee: [info] goodix_fb_state_chg_callback go to the goodix_fb_state_chg_callback value = 1
[   59.865969] (0)[14:kworker/0:1]MTP, <do_monitor_work(), 2033> IN <1 0 0 0 1 0 0 0 0 >
[   59.865988] (0)[14:kworker/0:1]MTP, <do_monitor_work(), 2040> OUT <0 0 0 0 0 0 0 0 0 >
[   59.870743] (1)[341:recovery][M4U] m4u_fb_notifier_callback 1, 9
[   59.870751] (1)[341:recovery][black_check]: black_fb_notifier_callback:event = 1 status:3
[   59.870754] (1)[341:recovery][bright_check]: bright_fb_notifier_callback:event = 1,status:3
[   59.870757] (1)[341:recovery][WAKELOCK_PROFILE]ws_fb_notify_callback: val=1, blank=0
[   59.870762] (1)[341:recovery]gf_tee: [info] goodix_fb_state_chg_callback go to the goodix_fb_state_chg_callback value = 1
[   59.937480] (1)[341:recovery][M4U] m4u_fb_notifier_callback 1, 9
[   59.937494] (1)[341:recovery][black_check]: black_fb_notifier_callback:event = 1 status:3
[   59.937500] (1)[341:recovery][bright_check]: bright_fb_notifier_callback:event = 1,status:3
[   59.937507] (1)[341:recovery][WAKELOCK_PROFILE]ws_fb_notify_callback: val=1, blank=0
[   59.937515] (1)[341:recovery]gf_tee: [info] goodix_fb_state_chg_callback go to the goodix_fb_state_chg_callback value = 1
[   59.946759] (7)[647:usb ffs open]read descriptors
[   59.946828] (7)[647:usb ffs open]read strings
[   59.987669] (2)[341:recovery][M4U] m4u_fb_notifier_callback 1, 9
[   59.987683] (2)[341:recovery][black_check]: black_fb_notifier_callback:event = 1 status:3
[   59.987689] (2)[341:recovery][bright_check]: bright_fb_notifier_callback:event = 1,status:3
[   59.987696] (2)[341:recovery][WAKELOCK_PROFILE]ws_fb_notify_callback: val=1, blank=0
[   59.987704] (2)[341:recovery]gf_tee: [info] goodix_fb_state_chg_callback go to the goodix_fb_state_chg_callback value = 1
[   60.053833] (0)[341:recovery][M4U] m4u_fb_notifier_callback 1, 9
[   60.053841] (0)[341:recovery][black_check]: black_fb_notifier_callback:event = 1 status:3
[   60.053844] (0)[341:recovery][bright_check]: bright_fb_notifier_callback:event = 1,status:3
[   60.053847] (0)[341:recovery][WAKELOCK_PROFILE]ws_fb_notify_callback: val=1, blank=0
[   60.053851] (0)[341:recovery]gf_tee: [info] goodix_fb_state_chg_callback go to the goodix_fb_state_chg_callback value = 1
[   60.120523] (2)[341:recovery][M4U] m4u_fb_notifier_callback 1, 9
[   60.120537] (2)[341:recovery][black_check]: black_fb_notifier_callback:event = 1 status:3
[   60.120544] (2)[341:recovery][bright_check]: bright_fb_notifier_callback:event = 1,status:3
[   60.120550] (2)[341:recovery][WAKELOCK_PROFILE]ws_fb_notify_callback: val=1, blank=0
[   60.120558] (2)[341:recovery]gf_tee: [info] goodix_fb_state_chg_callback go to the goodix_fb_state_chg_callback value = 1
[   60.169892] (2)[341:recovery][M4U] m4u_fb_notifier_callback 1, 9
[   60.169975] (2)[341:recovery][black_check]: black_fb_notifier_callback:event = 1 status:3
[   60.169978] (2)[341:recovery][bright_check]: bright_fb_notifier_callback:event = 1,status:3
[   60.169981] (2)[341:recovery][WAKELOCK_PROFILE]ws_fb_notify_callback: val=1, blank=0
[   60.169986] (2)[341:recovery]gf_tee: [info] goodix_fb_state_chg_callback go to the goodix_fb_state_chg_callback value = 1
[   60.220122] (0)[341:recovery][M4U] m4u_fb_notifier_callback 1, 9
[   60.220133] (0)[341:recovery][black_check]: black_fb_notifier_callback:event = 1 status:3
[   60.220139] (0)[341:recovery][bright_check]: bright_fb_notifier_callback:event = 1,status:3
[   60.220146] (0)[341:recovery][WAKELOCK_PROFILE]ws_fb_notify_callback: val=1, blank=0
[   60.220153] (0)[341:recovery]gf_tee: [info] goodix_fb_state_chg_callback go to the goodix_fb_state_chg_callback value = 1
[   60.270001] (0)[341:recovery][M4U] m4u_fb_notifier_callback 1, 9
[   60.270010] (0)[341:recovery][black_check]: black_fb_notifier_callback:event = 1 status:3
[   60.270013] (0)[341:recovery][bright_check]: bright_fb_notifier_callback:event = 1,status:3
[   60.270016] (0)[341:recovery][WAKELOCK_PROFILE]ws_fb_notify_callback: val=1, blank=0
[   60.270021] (0)[341:recovery]gf_tee: [info] goodix_fb_state_chg_callback go to the goodix_fb_state_chg_callback value = 1
[   60.319881] (0)[341:recovery][M4U] m4u_fb_notifier_callback 1, 9
[   60.319890] (0)[341:recovery][black_check]: black_fb_notifier_callback:event = 1 status:3
[   60.319893] (0)[341:recovery][bright_check]: bright_fb_notifier_callback:event = 1,status:3
[   60.319896] (0)[341:recovery][WAKELOCK_PROFILE]ws_fb_notify_callback: val=1, blank=0
[   60.319901] (0)[341:recovery]gf_tee: [info] goodix_fb_state_chg_callback go to the goodix_fb_state_chg_callback value = 1
[   60.369486] (0)[341:recovery][M4U] m4u_fb_notifier_callback 1, 9
[   60.369495] (0)[341:recovery][black_check]: black_fb_notifier_callback:event = 1 status:3
[   60.369498] (0)[341:recovery][bright_check]: bright_fb_notifier_callback:event = 1,status:3
[   60.369501] (0)[341:recovery][WAKELOCK_PROFILE]ws_fb_notify_callback: val=1, blank=0
[   60.369505] (0)[341:recovery]gf_tee: [info] goodix_fb_state_chg_callback go to the goodix_fb_state_chg_callback value = 1
[   60.419451] (0)[341:recovery][M4U] m4u_fb_notifier_callback 1, 9
[   60.419459] (0)[341:recovery][black_check]: black_fb_notifier_callback:event = 1 status:3
[   60.419462] (0)[341:recovery][bright_check]: bright_fb_notifier_callback:event = 1,status:3
[   60.419465] (0)[341:recovery][WAKELOCK_PROFILE]ws_fb_notify_callback: val=1, blank=0
[   60.419470] (0)[341:recovery]gf_tee: [info] goodix_fb_state_chg_callback go to the goodix_fb_state_chg_callback value = 1
[   60.486075] (0)[341:recovery][M4U] m4u_fb_notifier_callback 1, 9
[   60.486086] (0)[341:recovery][black_check]: black_fb_notifier_callback:event = 1 status:3
[   60.486093] (0)[341:recovery][bright_check]: bright_fb_notifier_callback:event = 1,status:3
[   60.486099] (0)[341:recovery][WAKELOCK_PROFILE]ws_fb_notify_callback: val=1, blank=0
[   60.486107] (0)[341:recovery]gf_tee: [info] goodix_fb_state_chg_callback go to the goodix_fb_state_chg_callback value = 1
[   60.552691] (0)[341:recovery][M4U] m4u_fb_notifier_callback 1, 9
[   60.552699] (0)[341:recovery][black_check]: black_fb_notifier_callback:event = 1 status:3
[   60.552702] (0)[341:recovery][bright_check]: bright_fb_notifier_callback:event = 1,status:3
[   60.552705] (0)[341:recovery][WAKELOCK_PROFILE]ws_fb_notify_callback: val=1, blank=0
[   60.552709] (0)[341:recovery]gf_tee: [info] goodix_fb_state_chg_callback go to the goodix_fb_state_chg_callback value = 1
[   60.619231] (0)[341:recovery][M4U] m4u_fb_notifier_callback 1, 9
[   60.619239] (0)[341:recovery][black_check]: black_fb_notifier_callback:event = 1 status:3
[   60.619242] (0)[341:recovery][bright_check]: bright_fb_notifier_callback:event = 1,status:3
[   60.619245] (0)[341:recovery][WAKELOCK_PROFILE]ws_fb_notify_callback: val=1, blank=0
[   60.619249] (0)[341:recovery]gf_tee: [info] goodix_fb_state_chg_callback go to the goodix_fb_state_chg_callback value = 1
[   60.685751] (0)[341:recovery][M4U] m4u_fb_notifier_callback 1, 9
[   60.685759] (0)[341:recovery][black_check]: black_fb_notifier_callback:event = 1 status:3
[   60.685762] (0)[341:recovery][bright_check]: bright_fb_notifier_callback:event = 1,status:3
[   60.685765] (0)[341:recovery][WAKELOCK_PROFILE]ws_fb_notify_callback: val=1, blank=0
[   60.685769] (0)[341:recovery]gf_tee: [info] goodix_fb_state_chg_callback go to the goodix_fb_state_chg_callback value = 1
[   60.752273] (0)[341:recovery][M4U] m4u_fb_notifier_callback 1, 9
[   60.752281] (0)[341:recovery][black_check]: black_fb_notifier_callback:event = 1 status:3
[   60.752284] (0)[341:recovery][bright_check]: bright_fb_notifier_callback:event = 1,status:3
[   60.752288] (0)[341:recovery][WAKELOCK_PROFILE]ws_fb_notify_callback: val=1, blank=0
[   60.752292] (0)[341:recovery]gf_tee: [info] goodix_fb_state_chg_callback go to the goodix_fb_state_chg_callback value = 1
[   60.794149] (3)[58:kworker/3:1]oppo_custome_sync_work is called
[   60.794218] (0)[341:recovery]oppo_custome_sync_work: file /dev/block/by-name/oppo_custom is no exit
[   60.818896] (0)[341:recovery][M4U] m4u_fb_notifier_callback 1, 9
[   60.818909] (0)[341:recovery][black_check]: black_fb_notifier_callback:event = 1 status:3
[   60.818915] (0)[341:recovery][bright_check]: bright_fb_notifier_callback:event = 1,status:3
[   60.818922] (0)[341:recovery][WAKELOCK_PROFILE]ws_fb_notify_callback: val=1, blank=0
[   60.818929] (0)[341:recovery]gf_tee: [info] goodix_fb_state_chg_callback go to the goodix_fb_state_chg_callback value = 1
[   60.885415] (0)[341:recovery][M4U] m4u_fb_notifier_callback 1, 9
[   60.885429] (0)[341:recovery][black_check]: black_fb_notifier_callback:event = 1 status:3
[   60.885435] (0)[341:recovery][bright_check]: bright_fb_notifier_callback:event = 1,status:3
[   60.885442] (0)[341:recovery][WAKELOCK_PROFILE]ws_fb_notify_callback: val=1, blank=0
[   60.885450] (0)[341:recovery]gf_tee: [info] goodix_fb_state_chg_callback go to the goodix_fb_state_chg_callback value = 1
[   60.890045] (0)[14:kworker/0:1]MTP, <do_monitor_work(), 2033> IN <1 0 0 0 1 0 0 0 0 >
[   60.890066] (0)[14:kworker/0:1]MTP, <do_monitor_work(), 2040> OUT <0 0 0 0 0 0 0 0 0 >
[   60.951744] (0)[341:recovery][M4U] m4u_fb_notifier_callback 1, 9
[   60.951758] (0)[341:recovery][black_check]: black_fb_notifier_callback:event = 1 status:3
[   60.951764] (0)[341:recovery][bright_check]: bright_fb_notifier_callback:event = 1,status:3
[   60.951770] (0)[341:recovery][WAKELOCK_PROFILE]ws_fb_notify_callback: val=1, blank=0
[   60.951778] (0)[341:recovery]gf_tee: [info] goodix_fb_state_chg_callback go to the goodix_fb_state_chg_callback value = 1
[   60.982467] (2)[647:usb ffs open]read descriptors
[   60.982492] (2)[647:usb ffs open]read strings
[   61.018309] (0)[341:recovery][M4U] m4u_fb_notifier_callback 1, 9
[   61.018317] (0)[341:recovery][black_check]: black_fb_notifier_callback:event = 1 status:3
[   61.018320] (0)[341:recovery][bright_check]: bright_fb_notifier_callback:event = 1,status:3
[   61.018324] (0)[341:recovery][WAKELOCK_PROFILE]ws_fb_notify_callback: val=1, blank=0
[   61.018328] (0)[341:recovery]gf_tee: [info] goodix_fb_state_chg_callback go to the goodix_fb_state_chg_callback value = 1
[   61.084852] (0)[341:recovery][M4U] m4u_fb_notifier_callback 1, 9
[   61.084860] (0)[341:recovery][black_check]: black_fb_notifier_callback:event = 1 status:3
[   61.084863] (0)[341:recovery][bright_check]: bright_fb_notifier_callback:event = 1,status:3
[   61.084867] (0)[341:recovery][WAKELOCK_PROFILE]ws_fb_notify_callback: val=1, blank=0
[   61.084871] (0)[341:recovery]gf_tee: [info] goodix_fb_state_chg_callback go to the goodix_fb_state_chg_callback value = 1
[   61.151302] (0)[341:recovery][M4U] m4u_fb_notifier_callback 1, 9
[   61.151315] (0)[341:recovery][black_check]: black_fb_notifier_callback:event = 1 status:3
[   61.151321] (0)[341:recovery][bright_check]: bright_fb_notifier_callback:event = 1,status:3
[   61.151328] (0)[341:recovery][WAKELOCK_PROFILE]ws_fb_notify_callback: val=1, blank=0
[   61.151336] (0)[341:recovery]gf_tee: [info] goodix_fb_state_chg_callback go to the goodix_fb_state_chg_callback value = 1
[   61.217689] (0)[341:recovery][M4U] m4u_fb_notifier_callback 1, 9
[   61.217710] (0)[341:recovery][black_check]: black_fb_notifier_callback:event = 1 status:3
[   61.217714] (0)[341:recovery][bright_check]: bright_fb_notifier_callback:event = 1,status:3
[   61.217717] (0)[341:recovery][WAKELOCK_PROFILE]ws_fb_notify_callback: val=1, blank=0
[   61.217721] (0)[341:recovery]gf_tee: [info] goodix_fb_state_chg_callback go to the goodix_fb_state_chg_callback value = 1
[   61.284540] (0)[341:recovery][M4U] m4u_fb_notifier_callback 1, 9
[   61.284552] (0)[341:recovery][black_check]: black_fb_notifier_callback:event = 1 status:3
[   61.284559] (0)[341:recovery][bright_check]: bright_fb_notifier_callback:event = 1,status:3
[   61.284565] (0)[341:recovery][WAKELOCK_PROFILE]ws_fb_notify_callback: val=1, blank=0
[   61.284573] (0)[341:recovery]gf_tee: [info] goodix_fb_state_chg_callback go to the goodix_fb_state_chg_callback value = 1
[   61.351204] (3)[341:recovery][M4U] m4u_fb_notifier_callback 1, 9
[   61.351218] (3)[341:recovery][black_check]: black_fb_notifier_callback:event = 1 status:3
[   61.351224] (3)[341:recovery][bright_check]: bright_fb_notifier_callback:event = 1,status:3
[   61.351231] (3)[341:recovery][WAKELOCK_PROFILE]ws_fb_notify_callback: val=1, blank=0
[   61.351239] (3)[341:recovery]gf_tee: [info] goodix_fb_state_chg_callback go to the goodix_fb_state_chg_callback value = 1
[   61.800032] (0)[341:recovery][M4U] m4u_fb_notifier_callback 1, 9
[   61.800045] (0)[341:recovery][black_check]: black_fb_notifier_callback:event = 1 status:3
[   61.800052] (0)[341:recovery][bright_check]: bright_fb_notifier_callback:event = 1,status:3
[   61.800059] (0)[341:recovery][WAKELOCK_PROFILE]ws_fb_notify_callback: val=1, blank=0
[   61.800067] (0)[341:recovery]gf_tee: [info] goodix_fb_state_chg_callback go to the goodix_fb_state_chg_callback value = 1
[   61.818085] (3)[58:kworker/3:1]oppo_custome_sync_work is called
[   61.818119] (0)[14:kworker/0:1]oppo_custome_sync_work: file /dev/block/by-name/oppo_custom is no exit
[   61.913923] (0)[14:kworker/0:1]MTP, <do_monitor_work(), 2033> IN <1 0 0 0 1 0 0 0 0 >
[   61.913939] (0)[14:kworker/0:1]MTP, <do_monitor_work(), 2040> OUT <0 0 0 0 0 0 0 0 0 >
[   61.984267] -(2)[0:swapper/2][thread:0] 2025-10-05 23:15:58.158576 UTC;android time 2025-10-05 23:15:58.158576
[   62.038441] (3)[647:usb ffs open]read descriptors
[   62.038461] (3)[647:usb ffs open]read strings
[   62.379873] (6)[0:swapper/6][name:spm&]Power/swap DP: No enter --- SODI3: No enter --- SODI: No enter --- 
[   62.380005] (6)[0:swapper/6]mcdi cpu: 378, 773, 257, 208, 460, 372, 446, 151, cluster : 118, 543, pause = 96, multi core = 57, latency = 57, residency = 1, last core = 95, avail cpu = 00ff, cluster = 0003, enabled = 1, max_s_state = 5, system_idle_hint = 00000000
[   62.842229] (3)[58:kworker/3:1]oppo_custome_sync_work is called
[   62.842317] (0)[14:kworker/0:1]oppo_custome_sync_work: file /dev/block/by-name/oppo_custom is no exit
[   62.938116] (0)[14:kworker/0:1]MTP, <do_monitor_work(), 2033> IN <1 0 0 0 1 0 0 0 0 >
[   62.938140] (0)[14:kworker/0:1]MTP, <do_monitor_work(), 2040> OUT <0 0 0 0 0 0 0 0 0 >
[   62.970460] (1)[313:kworker/1:3]last full = 0, full = 0
[   62.970550] (2)[56:kworker/2:1][Thermal/TZ/PMIC] [tsbuck1_raw_to_temp] 656, 390576, 1000000, -1863
[   62.970564] (2)[56:kworker/2:1][Thermal/TZ/PMIC] [tsbuck1_raw_to_temp] t_current=38456
[   62.970576] (2)[56:kworker/2:1][Thermal/TZ/PMIC] mt6357tsbuck1_get_hw_temp raw=656 T=38456
[   62.970587] (2)[56:kworker/2:1][Thermal/TZ/PMIC] mt6357tsbuck1_get_hw_temp pre_tsbuck1_temp1=38456
[   62.979737] (4)[351:health@2.1-serv][OPLUS_CHG][oplus_ac_get_property]0 0 0 0 0 0 0 1 0 ac_online:0
[   62.980115] (4)[351:health@2.1-serv]bq2560x-charger 5-006b: bq2560x_charger_get_online: online = 0
[   62.980241] (4)[351:health@2.1-serv]healthd: battery l=50 v=3813 t=38.0 h=2 st=4 c=374 fc=0 chg=
[   62.980530] (1)[55:kworker/1:1]get prop 105 is not supported in batt
[   62.982318] (4)[351:health@2.1-serv][OPLUS_CHG][oplus_ac_get_property]0 0 0 0 0 0 0 1 0 ac_online:0
[   62.982838] (4)[351:health@2.1-serv]bq2560x-charger 5-006b: bq2560x_charger_get_online: online = 0
[   62.984905] (4)[351:health@2.1-serv][OPLUS_CHG][oplus_ac_get_property]0 0 0 0 0 0 0 1 0 ac_online:0
[   62.985254] (4)[351:health@2.1-serv]bq2560x-charger 5-006b: bq2560x_charger_get_online: online = 0
[   62.985345] (1)[313:kworker/1:3][bq2560x]:bq2560x_dump_regs: [00]=0x7f  [01]=0x0a  [02]=0x85  [03]=0x33  [04]=0x88  [05]=0x87  [06]=0x55  [07]=0x49  [08]=0x01  [09]=0x00  [0a]=0x03  [0b]=0x14  
[   62.985370] (4)[351:health@2.1-serv]healthd: battery l=50 v=3813 t=38.0 h=2 st=4 c=398 fc=0 chg=
[   62.985404] (1)[313:kworker/1:3][OPLUS_CHG][oplus_chg_print_log] CHGR[ 0 / 0 / 9 / 3 / 2 ], BAT[ 1 / 0 / 0 / 0 / 1 / 0 ], GAUGE[ 380 / 3813 / 3813 / 398 / -1 / 50 / 50 / 50 / -1 / 0 / 0 / 0 / 0 / 0 / 0 / 0 / 0 / 0 / 0 / 0 / 0 / 0 /], STATUS[ 0x0 / 0 / 0 / 0 / 0 / 0x0 ], OTHER[ 1 / 1 / 7 / 2 / 0/ 0 / -2740]
[   62.987175] (4)[351:health@2.1-serv][OPLUS_CHG][oplus_ac_get_property]0 0 0 0 0 0 0 1 0 ac_online:0
[   62.987454] (4)[351:health@2.1-serv]bq2560x-charger 5-006b: bq2560x_charger_get_online: online = 0
[   63.049057] (4)[421:irq/17-touchpan][TP]touchpanel: touchpanel: Touchpanel id 0 :Down[  56  944    6]
[   63.063621] (0)[341:recovery][M4U] m4u_fb_notifier_callback 1, 9
[   63.063628] (0)[341:recovery][black_check]: black_fb_notifier_callback:event = 1 status:3
[   63.063631] (0)[341:recovery][bright_check]: bright_fb_notifier_callback:event = 1,status:3
[   63.063635] (0)[341:recovery][WAKELOCK_PROFILE]ws_fb_notify_callback: val=1, blank=0
[   63.063639] (0)[341:recovery]gf_tee: [info] goodix_fb_state_chg_callback go to the goodix_fb_state_chg_callback value = 1
[   63.074574] (1)[647:usb ffs open]read descriptors
[   63.074597] (1)[647:usb ffs open]read strings
[   63.130226] (0)[341:recovery][M4U] m4u_fb_notifier_callback 1, 9
[   63.130237] (0)[341:recovery][black_check]: black_fb_notifier_callback:event = 1 status:3
[   63.130242] (0)[341:recovery][bright_check]: bright_fb_notifier_callback:event = 1,status:3
[   63.130249] (0)[341:recovery][WAKELOCK_PROFILE]ws_fb_notify_callback: val=1, blank=0
[   63.130256] (0)[341:recovery]gf_tee: [info] goodix_fb_state_chg_callback go to the goodix_fb_state_chg_callback value = 1
[   63.196682] (0)[341:recovery][M4U] m4u_fb_notifier_callback 1, 9
[   63.196690] (0)[341:recovery][black_check]: black_fb_notifier_callback:event = 1 status:3
[   63.196693] (0)[341:recovery][bright_check]: bright_fb_notifier_callback:event = 1,status:3
[   63.196697] (0)[341:recovery][WAKELOCK_PROFILE]ws_fb_notify_callback: val=1, blank=0
[   63.196701] (0)[341:recovery]gf_tee: [info] goodix_fb_state_chg_callback go to the goodix_fb_state_chg_callback value = 1
[   63.263157] (0)[341:recovery][M4U] m4u_fb_notifier_callback 1, 9
[   63.263165] (0)[341:recovery][black_check]: black_fb_notifier_callback:event = 1 status:3
[   63.263168] (0)[341:recovery][bright_check]: bright_fb_notifier_callback:event = 1,status:3
[   63.263171] (0)[341:recovery][WAKELOCK_PROFILE]ws_fb_notify_callback: val=1, blank=0
[   63.263175] (0)[341:recovery]gf_tee: [info] goodix_fb_state_chg_callback go to the goodix_fb_state_chg_callback value = 1
[   63.329739] (0)[341:recovery][M4U] m4u_fb_notifier_callback 1, 9
[   63.329747] (0)[341:recovery][black_check]: black_fb_notifier_callback:event = 1 status:3
[   63.329750] (0)[341:recovery][bright_check]: bright_fb_notifier_callback:event = 1,status:3
[   63.329753] (0)[341:recovery][WAKELOCK_PROFILE]ws_fb_notify_callback: val=1, blank=0
[   63.329758] (0)[341:recovery]gf_tee: [info] goodix_fb_state_chg_callback go to the goodix_fb_state_chg_callback value = 1
[   63.396169] (0)[341:recovery][M4U] m4u_fb_notifier_callback 1, 9
[   63.396176] (0)[341:recovery][black_check]: black_fb_notifier_callback:event = 1 status:3
[   63.396179] (0)[341:recovery][bright_check]: bright_fb_notifier_callback:event = 1,status:3
[   63.396183] (0)[341:recovery][WAKELOCK_PROFILE]ws_fb_notify_callback: val=1, blank=0
[   63.396187] (0)[341:recovery]gf_tee: [info] goodix_fb_state_chg_callback go to the goodix_fb_state_chg_callback value = 1
[   63.444832] (1)[1:init]init: starting service 'cryptoeng-1-0'...
[   63.453318] (1)[1:init]init: Service 'cryptoeng-1-0' (pid 713) exited with status 1
[   63.453354] (1)[1:init]init: Sending signal 9 to service 'cryptoeng-1-0' (pid 713) process group...
[   63.453493] (1)[1:init]libprocessgroup: Successfully killed process cgroup uid 0 pid 713 in 0ms
[   63.728836] (0)[341:recovery][M4U] m4u_fb_notifier_callback 1, 9
[   63.728848] (0)[341:recovery][black_check]: black_fb_notifier_callback:event = 1 status:3
[   63.728855] (0)[341:recovery][bright_check]: bright_fb_notifier_callback:event = 1,status:3
[   63.728862] (0)[341:recovery][WAKELOCK_PROFILE]ws_fb_notify_callback: val=1, blank=0
[   63.728869] (0)[341:recovery]gf_tee: [info] goodix_fb_state_chg_callback go to the goodix_fb_state_chg_callback value = 1
[   63.795366] (0)[341:recovery][M4U] m4u_fb_notifier_callback 1, 9
[   63.795374] (0)[341:recovery][black_check]: black_fb_notifier_callback:event = 1 status:3
[   63.795377] (0)[341:recovery][bright_check]: bright_fb_notifier_callback:event = 1,status:3
[   63.795381] (0)[341:recovery][WAKELOCK_PROFILE]ws_fb_notify_callback: val=1, blank=0
[   63.795385] (0)[341:recovery]gf_tee: [info] goodix_fb_state_chg_callback go to the goodix_fb_state_chg_callback value = 1
[   63.861966] (0)[341:recovery][M4U] m4u_fb_notifier_callback 1, 9
[   63.861978] (0)[341:recovery][black_check]: black_fb_notifier_callback:event = 1 status:3
[   63.861985] (0)[341:recovery][bright_check]: bright_fb_notifier_callback:event = 1,status:3
[   63.861992] (0)[341:recovery][WAKELOCK_PROFILE]ws_fb_notify_callback: val=1, blank=0
[   63.861999] (0)[341:recovery]gf_tee: [info] goodix_fb_state_chg_callback go to the goodix_fb_state_chg_callback value = 1
[   63.866090] (3)[58:kworker/3:1]oppo_custome_sync_work is called
[   63.866146] (0)[341:recovery]oppo_custome_sync_work: file /dev/block/by-name/oppo_custom is no exit
[   63.928403] (0)[341:recovery][M4U] m4u_fb_notifier_callback 1, 9
[   63.928410] (0)[341:recovery][black_check]: black_fb_notifier_callback:event = 1 status:3
[   63.928413] (0)[341:recovery][bright_check]: bright_fb_notifier_callback:event = 1,status:3
[   63.928416] (0)[341:recovery][WAKELOCK_PROFILE]ws_fb_notify_callback: val=1, blank=0
[   63.928421] (0)[341:recovery]gf_tee: [info] goodix_fb_state_chg_callback go to the goodix_fb_state_chg_callback value = 1
[   63.962001] (0)[14:kworker/0:1]MTP, <do_monitor_work(), 2033> IN <1 0 0 0 1 0 0 0 0 >
[   63.962019] (0)[14:kworker/0:1]MTP, <do_monitor_work(), 2040> OUT <0 0 0 0 0 0 0 0 0 >
[   63.994559] (2)[56:kworker/2:1][Thermal/TZ/PMIC] [tsbuck2_raw_to_temp] 656, 391649, 1000000, -1863
[   63.994567] (2)[56:kworker/2:1][Thermal/TZ/PMIC] [tsbuck2_raw_to_temp] t_current=39529
[   63.994574] (2)[56:kworker/2:1][Thermal/TZ/PMIC] mt6357tsbuck2_get_hw_temp raw=656 T=39529
[   63.994579] (2)[56:kworker/2:1][Thermal/TZ/PMIC] mt6357tsbuck2_get_hw_temp pre_tsbuck2_temp1=39529
[   63.994963] (0)[341:recovery][M4U] m4u_fb_notifier_callback 1, 9
[   63.994973] (0)[341:recovery][black_check]: black_fb_notifier_callback:event = 1 status:3
[   63.994979] (0)[341:recovery][bright_check]: bright_fb_notifier_callback:event = 1,status:3
[   63.994986] (0)[341:recovery][WAKELOCK_PROFILE]ws_fb_notify_callback: val=1, blank=0
[   63.994994] (0)[341:recovery]gf_tee: [info] goodix_fb_state_chg_callback go to the goodix_fb_state_chg_callback value = 1
[   64.061375] (0)[341:recovery][M4U] m4u_fb_notifier_callback 1, 9
[   64.061382] (0)[341:recovery][black_check]: black_fb_notifier_callback:event = 1 status:3
[   64.061385] (0)[341:recovery][bright_check]: bright_fb_notifier_callback:event = 1,status:3
[   64.061388] (0)[341:recovery][WAKELOCK_PROFILE]ws_fb_notify_callback: val=1, blank=0
[   64.061393] (0)[341:recovery]gf_tee: [info] goodix_fb_state_chg_callback go to the goodix_fb_state_chg_callback value = 1
[   64.126841] (4)[647:usb ffs open]read descriptors
[   64.126875] (4)[647:usb ffs open]read strings
[   64.128008] (0)[341:recovery][M4U] m4u_fb_notifier_callback 1, 9
[   64.128020] (0)[341:recovery][black_check]: black_fb_notifier_callback:event = 1 status:3
[   64.128026] (0)[341:recovery][bright_check]: bright_fb_notifier_callback:event = 1,status:3
[   64.128033] (0)[341:recovery][WAKELOCK_PROFILE]ws_fb_notify_callback: val=1, blank=0
[   64.128041] (0)[341:recovery]gf_tee: [info] goodix_fb_state_chg_callback go to the goodix_fb_state_chg_callback value = 1
[   64.353158] (5)[118:watchdogd]watchdog0, mtk wdt ping, wdd->status=8
[   64.354081] (4)[421:irq/17-touchpan][TP]touchpanel: touchpanel: Touchpanel id 0 :Down[   0  726   13]
[   64.360850] (0)[341:recovery][M4U] m4u_fb_notifier_callback 1, 9
[   64.360862] (0)[341:recovery][black_check]: black_fb_notifier_callback:event = 1 status:3
[   64.360868] (0)[341:recovery][bright_check]: bright_fb_notifier_callback:event = 1,status:3
[   64.360875] (0)[341:recovery][WAKELOCK_PROFILE]ws_fb_notify_callback: val=1, blank=0
[   64.360883] (0)[341:recovery]gf_tee: [info] goodix_fb_state_chg_callback go to the goodix_fb_state_chg_callback value = 1
[   64.527089] (0)[341:recovery][M4U] m4u_fb_notifier_callback 1, 9
[   64.527100] (0)[341:recovery][black_check]: black_fb_notifier_callback:event = 1 status:3
[   64.527107] (0)[341:recovery][bright_check]: bright_fb_notifier_callback:event = 1,status:3
[   64.527114] (0)[341:recovery][WAKELOCK_PROFILE]ws_fb_notify_callback: val=1, blank=0
[   64.527122] (0)[341:recovery]gf_tee: [info] goodix_fb_state_chg_callback go to the goodix_fb_state_chg_callback value = 1
[   64.576891] (0)[341:recovery][M4U] m4u_fb_notifier_callback 1, 9
[   64.576899] (0)[341:recovery][black_check]: black_fb_notifier_callback:event = 1 status:3
[   64.576902] (0)[341:recovery][bright_check]: bright_fb_notifier_callback:event = 1,status:3
[   64.576905] (0)[341:recovery][WAKELOCK_PROFILE]ws_fb_notify_callback: val=1, blank=0
[   64.576910] (0)[341:recovery]gf_tee: [info] goodix_fb_state_chg_callback go to the goodix_fb_state_chg_callback value = 1
[   64.626785] (0)[341:recovery][M4U] m4u_fb_notifier_callback 1, 9
[   64.626793] (0)[341:recovery][black_check]: black_fb_notifier_callback:event = 1 status:3
[   64.626796] (0)[341:recovery][bright_check]: bright_fb_notifier_callback:event = 1,status:3
[   64.626799] (0)[341:recovery][WAKELOCK_PROFILE]ws_fb_notify_callback: val=1, blank=0
[   64.626805] (0)[341:recovery]gf_tee: [info] goodix_fb_state_chg_callback go to the goodix_fb_state_chg_callback value = 1
[   64.693304] (0)[341:recovery][M4U] m4u_fb_notifier_callback 1, 9
[   64.693311] (0)[341:recovery][black_check]: black_fb_notifier_callback:event = 1 status:3
[   64.693314] (0)[341:recovery][bright_check]: bright_fb_notifier_callback:event = 1,status:3
[   64.693318] (0)[341:recovery][WAKELOCK_PROFILE]ws_fb_notify_callback: val=1, blank=0
[   64.693322] (0)[341:recovery]gf_tee: [info] goodix_fb_state_chg_callback go to the goodix_fb_state_chg_callback value = 1
[   64.743193] (0)[341:recovery][M4U] m4u_fb_notifier_callback 1, 9
[   64.743200] (0)[341:recovery][black_check]: black_fb_notifier_callback:event = 1 status:3
[   64.743204] (0)[341:recovery][bright_check]: bright_fb_notifier_callback:event = 1,status:3
[   64.743207] (0)[341:recovery][WAKELOCK_PROFILE]ws_fb_notify_callback: val=1, blank=0
[   64.743211] (0)[341:recovery]gf_tee: [info] goodix_fb_state_chg_callback go to the goodix_fb_state_chg_callback value = 1
[   64.890070] (3)[58:kworker/3:1]oppo_custome_sync_work is called
[   64.890107] (1)[286:dlpt_notify_thr]oppo_custome_sync_work: file /dev/block/by-name/oppo_custom is no exit
[   64.925186] (1)[286:dlpt_notify_thr][get_dlpt_imix] 38090,4925,170,4663
[   64.925203] (1)[286:dlpt_notify_thr][PBM] [ma_to_mw] 3813(mV) * 4663(mA) = 17780(mW)
[   64.925214] (1)[286:dlpt_notify_thr][DLPT_final] 4663,50,50,5500
[   64.985927] (0)[14:kworker/0:1]MTP, <do_monitor_work(), 2033> IN <1 0 0 0 1 0 0 0 0 >
[   64.985938] (0)[14:kworker/0:1]MTP, <do_monitor_work(), 2040> OUT <0 0 0 0 0 0 0 0 0 >
[   65.178680] (6)[647:usb ffs open]read descriptors
[   65.178736] (6)[647:usb ffs open]read strings
[   65.202459] (5)[421:irq/17-touchpan][TP]touchpanel: touchpanel: Touchpanel id 1 :Down[   0  555   15]
[   65.325328] (0)[341:recovery][M4U] m4u_fb_notifier_callback 1, 9
[   65.325340] (0)[341:recovery][black_check]: black_fb_notifier_callback:event = 1 status:3
[   65.325346] (0)[341:recovery][bright_check]: bright_fb_notifier_callback:event = 1,status:3
[   65.325353] (0)[341:recovery][WAKELOCK_PROFILE]ws_fb_notify_callback: val=1, blank=0
[   65.325360] (0)[341:recovery]gf_tee: [info] goodix_fb_state_chg_callback go to the goodix_fb_state_chg_callback value = 1
[   65.618089] (5)[421:irq/17-touchpan][TP]touchpanel: touchpanel: Touchpanel id 4 :Down[   0  425    1]
[   65.907347] (0)[341:recovery][M4U] m4u_fb_notifier_callback 1, 9
[   65.907358] (0)[341:recovery][black_check]: black_fb_notifier_callback:event = 1 status:3
[   65.907364] (0)[341:recovery][bright_check]: bright_fb_notifier_callback:event = 1,status:3
[   65.907371] (0)[341:recovery][WAKELOCK_PROFILE]ws_fb_notify_callback: val=1, blank=0
[   65.907379] (0)[341:recovery]gf_tee: [info] goodix_fb_state_chg_callback go to the goodix_fb_state_chg_callback value = 1
[   65.914039] (3)[58:kworker/3:1]oppo_custome_sync_work is called
[   65.914080] (0)[14:kworker/0:1]oppo_custome_sync_work: file /dev/block/by-name/oppo_custom is no exit
[   66.009971] (0)[14:kworker/0:1]MTP, <do_monitor_work(), 2033> IN <1 0 0 0 1 0 0 0 0 >
[   66.009997] (0)[14:kworker/0:1]MTP, <do_monitor_work(), 2040> OUT <0 0 0 0 0 0 0 0 0 >
[   66.041985] (5)[421:irq/17-touchpan][TP]touchpanel: touchpanel: Touchpanel id 0 :Down[   0  726    8]
[   66.250602] (7)[647:usb ffs open]read descriptors
[   66.250658] (7)[647:usb ffs open]read strings
[   66.308034] (0)[341:recovery]regulator_vibrator activate_store(258) :set activate duration = 1, 40
[   66.308050] (0)[341:recovery]regulator_vibrator vibrator_enable(198) :cancel hrtimer, cust:50-15000, dur:40, shutdown:0
[   66.308241] (5)[7:kworker/u16:0]regulator_vibrator update_vibrator(171) :vibr_state = 1
[   66.358326] (5)[7:kworker/u16:0]regulator_vibrator update_vibrator(171) :vibr_state = 0
[   66.373044] (2)[341:recovery][M4U] m4u_fb_notifier_callback 1, 9
[   66.373056] (2)[341:recovery][black_check]: black_fb_notifier_callback:event = 1 status:3
[   66.373062] (2)[341:recovery][bright_check]: bright_fb_notifier_callback:event = 1,status:3
[   66.373069] (2)[341:recovery][WAKELOCK_PROFILE]ws_fb_notify_callback: val=1, blank=0
[   66.373076] (2)[341:recovery]gf_tee: [info] goodix_fb_state_chg_callback go to the goodix_fb_state_chg_callback value = 1
[   66.432855] (4)[421:irq/17-touchpan][TP]touchpanel: touchpanel: Touchpanel id 4 :Down[   0  425    3]
[   66.522578] (0)[341:recovery][M4U] m4u_fb_notifier_callback 1, 9
[   66.522585] (0)[341:recovery][black_check]: black_fb_notifier_callback:event = 1 status:3
[   66.522588] (0)[341:recovery][bright_check]: bright_fb_notifier_callback:event = 1,status:3
[   66.522592] (0)[341:recovery][WAKELOCK_PROFILE]ws_fb_notify_callback: val=1, blank=0
[   66.522596] (0)[341:recovery]gf_tee: [info] goodix_fb_state_chg_callback go to the goodix_fb_state_chg_callback value = 1
[   66.572453] (0)[341:recovery][M4U] m4u_fb_notifier_callback 1, 9
[   66.572461] (0)[341:recovery][black_check]: black_fb_notifier_callback:event = 1 status:3
[   66.572464] (0)[341:recovery][bright_check]: bright_fb_notifier_callback:event = 1,status:3
[   66.572467] (0)[341:recovery][WAKELOCK_PROFILE]ws_fb_notify_callback: val=1, blank=0
[   66.572471] (0)[341:recovery]gf_tee: [info] goodix_fb_state_chg_callback go to the goodix_fb_state_chg_callback value = 1
[   66.622337] (0)[341:recovery][M4U] m4u_fb_notifier_callback 1, 9
[   66.622344] (0)[341:recovery][black_check]: black_fb_notifier_callback:event = 1 status:3
[   66.622347] (0)[341:recovery][bright_check]: bright_fb_notifier_callback:event = 1,status:3
[   66.622351] (0)[341:recovery][WAKELOCK_PROFILE]ws_fb_notify_callback: val=1, blank=0
[   66.622355] (0)[341:recovery]gf_tee: [info] goodix_fb_state_chg_callback go to the goodix_fb_state_chg_callback value = 1
[   66.688947] (0)[341:recovery][M4U] m4u_fb_notifier_callback 1, 9
[   66.688959] (0)[341:recovery][black_check]: black_fb_notifier_callback:event = 1 status:3
[   66.688965] (0)[341:recovery][bright_check]: bright_fb_notifier_callback:event = 1,status:3
[   66.688972] (0)[341:recovery][WAKELOCK_PROFILE]ws_fb_notify_callback: val=1, blank=0
[   66.688979] (0)[341:recovery]gf_tee: [info] goodix_fb_state_chg_callback go to the goodix_fb_state_chg_callback value = 1
[   66.738765] (0)[341:recovery][M4U] m4u_fb_notifier_callback 1, 9
[   66.738772] (0)[341:recovery][black_check]: black_fb_notifier_callback:event = 1 status:3
[   66.738775] (0)[341:recovery][bright_check]: bright_fb_notifier_callback:event = 1,status:3
[   66.738779] (0)[341:recovery][WAKELOCK_PROFILE]ws_fb_notify_callback: val=1, blank=0
[   66.738783] (0)[341:recovery]gf_tee: [info] goodix_fb_state_chg_callback go to the goodix_fb_state_chg_callback value = 1
[   66.788631] (0)[341:recovery][M4U] m4u_fb_notifier_callback 1, 9
[   66.788640] (0)[341:recovery][black_check]: black_fb_notifier_callback:event = 1 status:3
[   66.788646] (0)[341:recovery][bright_check]: bright_fb_notifier_callback:event = 1,status:3
[   66.788652] (0)[341:recovery][WAKELOCK_PROFILE]ws_fb_notify_callback: val=1, blank=0
[   66.788659] (0)[341:recovery]gf_tee: [info] goodix_fb_state_chg_callback go to the goodix_fb_state_chg_callback value = 1
[   66.838527] (0)[341:recovery][M4U] m4u_fb_notifier_callback 1, 9
[   66.838534] (0)[341:recovery][black_check]: black_fb_notifier_callback:event = 1 status:3
[   66.838537] (0)[341:recovery][bright_check]: bright_fb_notifier_callback:event = 1,status:3
[   66.838540] (0)[341:recovery][WAKELOCK_PROFILE]ws_fb_notify_callback: val=1, blank=0
[   66.838545] (0)[341:recovery]gf_tee: [info] goodix_fb_state_chg_callback go to the goodix_fb_state_chg_callback value = 1
[   66.840242] (4)[421:irq/17-touchpan][TP]touchpanel: touchpanel: Touchpanel id 0 :Down[   0  726    8]
[   66.905122] (0)[341:recovery][M4U] m4u_fb_notifier_callback 1, 9
[   66.905133] (0)[341:recovery][black_check]: black_fb_notifier_callback:event = 1 status:3
[   66.905140] (0)[341:recovery][bright_check]: bright_fb_notifier_callback:event = 1,status:3
[   66.905146] (0)[341:recovery][WAKELOCK_PROFILE]ws_fb_notify_callback: val=1, blank=0
[   66.905154] (0)[341:recovery]gf_tee: [info] goodix_fb_state_chg_callback go to the goodix_fb_state_chg_callback value = 1
[   66.938179] (3)[58:kworker/3:1]oppo_custome_sync_work is called
[   66.938232] (0)[341:recovery]oppo_custome_sync_work: file /dev/block/by-name/oppo_custom is no exit
[   66.954986] (0)[341:recovery][M4U] m4u_fb_notifier_callback 1, 9
[   66.954993] (0)[341:recovery][black_check]: black_fb_notifier_callback:event = 1 status:3
[   66.954996] (0)[341:recovery][bright_check]: bright_fb_notifier_callback:event = 1,status:3
[   66.954999] (0)[341:recovery][WAKELOCK_PROFILE]ws_fb_notify_callback: val=1, blank=0
[   66.955004] (0)[341:recovery]gf_tee: [info] goodix_fb_state_chg_callback go to the goodix_fb_state_chg_callback value = 1
[   67.004818] (0)[341:recovery][M4U] m4u_fb_notifier_callback 1, 9
[   67.004825] (0)[341:recovery][black_check]: black_fb_notifier_callback:event = 1 status:3
[   67.004828] (0)[341:recovery][bright_check]: bright_fb_notifier_callback:event = 1,status:3
[   67.004831] (0)[341:recovery][WAKELOCK_PROFILE]ws_fb_notify_callback: val=1, blank=0
[   67.004836] (0)[341:recovery]gf_tee: [info] goodix_fb_state_chg_callback go to the goodix_fb_state_chg_callback value = 1
[   67.034010] (0)[14:kworker/0:1]MTP, <do_monitor_work(), 2033> IN <1 0 0 0 1 0 0 0 0 >
[   67.034027] (0)[14:kworker/0:1]MTP, <do_monitor_work(), 2040> OUT <0 0 0 0 0 0 0 0 0 >
[   67.054755] (0)[341:recovery][M4U] m4u_fb_notifier_callback 1, 9
[   67.054762] (0)[341:recovery][black_check]: black_fb_notifier_callback:event = 1 status:3
[   67.054765] (0)[341:recovery][bright_check]: bright_fb_notifier_callback:event = 1,status:3
[   67.054769] (0)[341:recovery][WAKELOCK_PROFILE]ws_fb_notify_callback: val=1, blank=0
[   67.054773] (0)[341:recovery]gf_tee: [info] goodix_fb_state_chg_callback go to the goodix_fb_state_chg_callback value = 1
[   67.066341] (4)[7:kworker/u16:0][SCP] scp_ipi_send: SCP A not ready
[   67.066391] (4)[7:kworker/u16:0][sensorHub] scp_ipi_send fail
[   67.066521] (2)[56:kworker/2:1][sensorHub] scp_sensorHub_req_send fail!
[   67.104477] (0)[341:recovery][M4U] m4u_fb_notifier_callback 1, 9
[   67.104484] (0)[341:recovery][black_check]: black_fb_notifier_callback:event = 1 status:3
[   67.104488] (0)[341:recovery][bright_check]: bright_fb_notifier_callback:event = 1,status:3
[   67.104491] (0)[341:recovery][WAKELOCK_PROFILE]ws_fb_notify_callback: val=1, blank=0
[   67.104495] (0)[341:recovery]gf_tee: [info] goodix_fb_state_chg_callback go to the goodix_fb_state_chg_callback value = 1
[   67.154518] (0)[341:recovery][M4U] m4u_fb_notifier_callback 1, 9
[   67.154525] (0)[341:recovery][black_check]: black_fb_notifier_callback:event = 1 status:3
[   67.154529] (0)[341:recovery][bright_check]: bright_fb_notifier_callback:event = 1,status:3
[   67.154532] (0)[341:recovery][WAKELOCK_PROFILE]ws_fb_notify_callback: val=1, blank=0
[   67.154536] (0)[341:recovery]gf_tee: [info] goodix_fb_state_chg_callback go to the goodix_fb_state_chg_callback value = 1
[   67.204413] (0)[341:recovery][M4U] m4u_fb_notifier_callback 1, 9
[   67.204421] (0)[341:recovery][black_check]: black_fb_notifier_callback:event = 1 status:3
[   67.204425] (0)[341:recovery][bright_check]: bright_fb_notifier_callback:event = 1,status:3
[   67.204428] (0)[341:recovery][WAKELOCK_PROFILE]ws_fb_notify_callback: val=1, blank=0
[   67.204432] (0)[341:recovery]gf_tee: [info] goodix_fb_state_chg_callback go to the goodix_fb_state_chg_callback value = 1
[   67.254308] (0)[341:recovery][M4U] m4u_fb_notifier_callback 1, 9
[   67.254316] (0)[341:recovery][black_check]: black_fb_notifier_callback:event = 1 status:3
[   67.254319] (0)[341:recovery][bright_check]: bright_fb_notifier_callback:event = 1,status:3
[   67.254322] (0)[341:recovery][WAKELOCK_PROFILE]ws_fb_notify_callback: val=1, blank=0
[   67.254327] (0)[341:recovery]gf_tee: [info] goodix_fb_state_chg_callback go to the goodix_fb_state_chg_callback value = 1
[   67.256032] (4)[421:irq/17-touchpan][TP]touchpanel: touchpanel: Touchpanel id 1 :Down[   0  555    6]
[   67.286598] (4)[647:usb ffs open]read descriptors
[   67.286654] (4)[647:usb ffs open]read strings
[   67.320900] (0)[341:recovery][M4U] m4u_fb_notifier_callback 1, 9
[   67.320913] (0)[341:recovery][black_check]: black_fb_notifier_callback:event = 1 status:3
[   67.320919] (0)[341:recovery][bright_check]: bright_fb_notifier_callback:event = 1,status:3
[   67.320926] (0)[341:recovery][WAKELOCK_PROFILE]ws_fb_notify_callback: val=1, blank=0
[   67.320933] (0)[341:recovery]gf_tee: [info] goodix_fb_state_chg_callback go to the goodix_fb_state_chg_callback value = 1
[   67.370725] (0)[341:recovery][M4U] m4u_fb_notifier_callback 1, 9
[   67.370733] (0)[341:recovery][black_check]: black_fb_notifier_callback:event = 1 status:3
[   67.370736] (0)[341:recovery][bright_check]: bright_fb_notifier_callback:event = 1,status:3
[   67.370739] (0)[341:recovery][WAKELOCK_PROFILE]ws_fb_notify_callback: val=1, blank=0
[   67.370743] (0)[341:recovery]gf_tee: [info] goodix_fb_state_chg_callback go to the goodix_fb_state_chg_callback value = 1
[   67.380415] (7)[0:swapper/7][name:spm&]Power/swap DP: No enter --- SODI3: No enter --- SODI: No enter --- 
[   67.380475] (7)[0:swapper/7]mcdi cpu: 166, 924, 167, 74, 555, 524, 442, 410, cluster : 58, 52, pause = 73, multi core = 33, latency = 165, residency = 1, last core = 73, avail cpu = 00ff, cluster = 0003, enabled = 1, max_s_state = 5, system_idle_hint = 00000000
[   67.437273] (0)[341:recovery][M4U] m4u_fb_notifier_callback 1, 9
[   67.437285] (0)[341:recovery][black_check]: black_fb_notifier_callback:event = 1 status:3
[   67.437291] (0)[341:recovery][bright_check]: bright_fb_notifier_callback:event = 1,status:3
[   67.437298] (0)[341:recovery][WAKELOCK_PROFILE]ws_fb_notify_callback: val=1, blank=0
[   67.437306] (0)[341:recovery]gf_tee: [info] goodix_fb_state_chg_callback go to the goodix_fb_state_chg_callback value = 1
[   67.487069] (0)[341:recovery][M4U] m4u_fb_notifier_callback 1, 9
[   67.487077] (0)[341:recovery][black_check]: black_fb_notifier_callback:event = 1 status:3
[   67.487079] (0)[341:recovery][bright_check]: bright_fb_notifier_callback:event = 1,status:3
[   67.487083] (0)[341:recovery][WAKELOCK_PROFILE]ws_fb_notify_callback: val=1, blank=0
[   67.487087] (0)[341:recovery]gf_tee: [info] goodix_fb_state_chg_callback go to the goodix_fb_state_chg_callback value = 1
[   67.553694] (0)[341:recovery][M4U] m4u_fb_notifier_callback 1, 9
[   67.553706] (0)[341:recovery][black_check]: black_fb_notifier_callback:event = 1 status:3
[   67.553712] (0)[341:recovery][bright_check]: bright_fb_notifier_callback:event = 1,status:3
[   67.553719] (0)[341:recovery][WAKELOCK_PROFILE]ws_fb_notify_callback: val=1, blank=0
[   67.553727] (0)[341:recovery]gf_tee: [info] goodix_fb_state_chg_callback go to the goodix_fb_state_chg_callback value = 1
[   67.577933] (4)[0:swapper/4][mtk_net][rtnl_lock]There is no process hold rtnl lock
[   67.603483] (0)[341:recovery][M4U] m4u_fb_notifier_callback 1, 9
[   67.603490] (0)[341:recovery][black_check]: black_fb_notifier_callback:event = 1 status:3
[   67.603493] (0)[341:recovery][bright_check]: bright_fb_notifier_callback:event = 1,status:3
[   67.603496] (0)[341:recovery][WAKELOCK_PROFILE]ws_fb_notify_callback: val=1, blank=0
[   67.603501] (0)[341:recovery]gf_tee: [info] goodix_fb_state_chg_callback go to the goodix_fb_state_chg_callback value = 1
[   67.653375] (0)[341:recovery][M4U] m4u_fb_notifier_callback 1, 9
[   67.653382] (0)[341:recovery][black_check]: black_fb_notifier_callback:event = 1 status:3
[   67.653385] (0)[341:recovery][bright_check]: bright_fb_notifier_callback:event = 1,status:3
[   67.653388] (0)[341:recovery][WAKELOCK_PROFILE]ws_fb_notify_callback: val=1, blank=0
[   67.653392] (0)[341:recovery]gf_tee: [info] goodix_fb_state_chg_callback go to the goodix_fb_state_chg_callback value = 1
[   67.703303] (0)[341:recovery][M4U] m4u_fb_notifier_callback 1, 9
[   67.703310] (0)[341:recovery][black_check]: black_fb_notifier_callback:event = 1 status:3
[   67.703313] (0)[341:recovery][bright_check]: bright_fb_notifier_callback:event = 1,status:3
[   67.703316] (0)[341:recovery][WAKELOCK_PROFILE]ws_fb_notify_callback: val=1, blank=0
[   67.703320] (0)[341:recovery]gf_tee: [info] goodix_fb_state_chg_callback go to the goodix_fb_state_chg_callback value = 1
[   67.753167] (0)[341:recovery][M4U] m4u_fb_notifier_callback 1, 9
[   67.753174] (0)[341:recovery][black_check]: black_fb_notifier_callback:event = 1 status:3
[   67.753177] (0)[341:recovery][bright_check]: bright_fb_notifier_callback:event = 1,status:3
[   67.753181] (0)[341:recovery][WAKELOCK_PROFILE]ws_fb_notify_callback: val=1, blank=0
[   67.753185] (0)[341:recovery]gf_tee: [info] goodix_fb_state_chg_callback go to the goodix_fb_state_chg_callback value = 1
[   67.779802] (4)[421:irq/17-touchpan][TP]touchpanel: touchpanel: Touchpanel id 4 :Down[   0  425    5]
[   67.803161] (0)[341:recovery][M4U] m4u_fb_notifier_callback 1, 9
[   67.803168] (0)[341:recovery][black_check]: black_fb_notifier_callback:event = 1 status:3
[   67.803171] (0)[341:recovery][bright_check]: bright_fb_notifier_callback:event = 1,status:3
[   67.803174] (0)[341:recovery][WAKELOCK_PROFILE]ws_fb_notify_callback: val=1, blank=0
[   67.803179] (0)[341:recovery]gf_tee: [info] goodix_fb_state_chg_callback go to the goodix_fb_state_chg_callback value = 1
[   67.834440] (1)[313:kworker/1:3]last full = 0, full = 0
[   67.836612] -(1)[313:kworker/1:3]mt635x_auxadc_read_raw: 1 callbacks suppressed
[   67.841347] (1)[55:kworker/1:1]get prop 105 is not supported in batt
[   67.843250] (6)[351:health@2.1-serv][OPLUS_CHG][oplus_ac_get_property]0 0 0 0 0 0 0 1 0 ac_online:0
[   67.843718] (6)[351:health@2.1-serv]bq2560x-charger 5-006b: bq2560x_charger_get_online: online = 0
[   67.843842] (6)[351:health@2.1-serv]healthd: battery l=50 v=3800 t=38.0 h=2 st=4 c=455 fc=0 chg=
[   67.845687] (6)[351:health@2.1-serv][OPLUS_CHG][oplus_ac_get_property]0 0 0 0 0 0 0 1 0 ac_online:0
[   67.846186] (6)[351:health@2.1-serv]bq2560x-charger 5-006b: bq2560x_charger_get_online: online = 0
[   67.846725] (1)[313:kworker/1:3][bq2560x]:bq2560x_dump_regs: [00]=0x7f  [01]=0x0a  [02]=0x85  [03]=0x33  [04]=0x88  [05]=0x87  [06]=0x55  [07]=0x49  [08]=0x01  [09]=0x00  [0a]=0x03  [0b]=0x14  
[   67.846755] (1)[313:kworker/1:3][OPLUS_CHG][oplus_chg_print_log] CHGR[ 0 / 0 / 18 / 3 / 2 ], BAT[ 1 / 0 / 0 / 0 / 1 / 0 ], GAUGE[ 380 / 3800 / 3799 / 478 / -1 / 50 / 50 / 50 / -1 / 0 / 0 / 0 / 0 / 0 / 0 / 0 / 0 / 0 / 0 / 0 / 0 / 0 /], STATUS[ 0x0 / 0 / 0 / 0 / 0 / 0x0 ], OTHER[ 1 / 1 / 7 / 2 / 0/ 0 / -2740]
[   67.848131] (6)[351:health@2.1-serv][OPLUS_CHG][oplus_ac_get_property]0 0 0 0 0 0 0 1 0 ac_online:0
[   67.848472] (6)[351:health@2.1-serv]bq2560x-charger 5-006b: bq2560x_charger_get_online: online = 0
[   67.848583] (6)[351:health@2.1-serv]healthd: battery l=50 v=3800 t=38.0 h=2 st=4 c=527 fc=0 chg=
[   67.850407] (6)[351:health@2.1-serv][OPLUS_CHG][oplus_ac_get_property]0 0 0 0 0 0 0 1 0 ac_online:0
[   67.850683] (6)[351:health@2.1-serv]bq2560x-charger 5-006b: bq2560x_charger_get_online: online = 0
[   67.852877] (0)[341:recovery][M4U] m4u_fb_notifier_callback 1, 9
[   67.852884] (0)[341:recovery][black_check]: black_fb_notifier_callback:event = 1 status:3
[   67.852887] (0)[341:recovery][bright_check]: bright_fb_notifier_callback:event = 1,status:3
[   67.852891] (0)[341:recovery][WAKELOCK_PROFILE]ws_fb_notify_callback: val=1, blank=0
[   67.852895] (0)[341:recovery]gf_tee: [info] goodix_fb_state_chg_callback go to the goodix_fb_state_chg_callback value = 1
[   67.902985] (0)[341:recovery][M4U] m4u_fb_notifier_callback 1, 9
[   67.902997] (0)[341:recovery][black_check]: black_fb_notifier_callback:event = 1 status:3
[   67.903003] (0)[341:recovery][bright_check]: bright_fb_notifier_callback:event = 1,status:3
[   67.903010] (0)[341:recovery][WAKELOCK_PROFILE]ws_fb_notify_callback: val=1, blank=0
[   67.903018] (0)[341:recovery]gf_tee: [info] goodix_fb_state_chg_callback go to the goodix_fb_state_chg_callback value = 1
[   67.962155] (3)[58:kworker/3:1]oppo_custome_sync_work is called
[   67.962215] (0)[341:recovery]oppo_custome_sync_work: file /dev/block/by-name/oppo_custom is no exit
[   67.969453] (0)[341:recovery][M4U] m4u_fb_notifier_callback 1, 9
[   67.969463] (0)[341:recovery][black_check]: black_fb_notifier_callback:event = 1 status:3
[   67.969470] (0)[341:recovery][bright_check]: bright_fb_notifier_callback:event = 1,status:3
[   67.969477] (0)[341:recovery][WAKELOCK_PROFILE]ws_fb_notify_callback: val=1, blank=0
[   67.969485] (0)[341:recovery]gf_tee: [info] goodix_fb_state_chg_callback go to the goodix_fb_state_chg_callback value = 1
[   68.019276] (0)[341:recovery][M4U] m4u_fb_notifier_callback 1, 9
[   68.019284] (0)[341:recovery][black_check]: black_fb_notifier_callback:event = 1 status:3
[   68.019287] (0)[341:recovery][bright_check]: bright_fb_notifier_callback:event = 1,status:3
[   68.019290] (0)[341:recovery][WAKELOCK_PROFILE]ws_fb_notify_callback: val=1, blank=0
[   68.019294] (0)[341:recovery]gf_tee: [info] goodix_fb_state_chg_callback go to the goodix_fb_state_chg_callback value = 1
[   68.057973] (0)[14:kworker/0:1]MTP, <do_monitor_work(), 2033> IN <1 0 0 0 1 0 0 0 0 >
[   68.057991] (0)[14:kworker/0:1]MTP, <do_monitor_work(), 2040> OUT <0 0 0 0 0 0 0 0 0 >
[   68.085901] (2)[341:recovery][M4U] m4u_fb_notifier_callback 1, 9
[   68.085960] (2)[341:recovery][black_check]: black_fb_notifier_callback:event = 1 status:3
[   68.085966] (2)[341:recovery][bright_check]: bright_fb_notifier_callback:event = 1,status:3
[   68.085973] (2)[341:recovery][WAKELOCK_PROFILE]ws_fb_notify_callback: val=1, blank=0
[   68.085981] (2)[341:recovery]gf_tee: [info] goodix_fb_state_chg_callback go to the goodix_fb_state_chg_callback value = 1
[   68.090275] (2)[56:kworker/2:1][Thermal/TZ/PMIC] [tsbuck1_raw_to_temp] 656, 390576, 1000000, -1863
[   68.090282] (2)[56:kworker/2:1][Thermal/TZ/PMIC] [tsbuck1_raw_to_temp] t_current=38456
[   68.090288] (2)[56:kworker/2:1][Thermal/TZ/PMIC] mt6357tsbuck1_get_hw_temp raw=656 T=38456
[   68.090293] (2)[56:kworker/2:1][Thermal/TZ/PMIC] mt6357tsbuck1_get_hw_temp pre_tsbuck1_temp1=38456
[   68.268770] (2)[341:recovery][M4U] m4u_fb_notifier_callback 1, 9
[   68.268777] (2)[341:recovery][black_check]: black_fb_notifier_callback:event = 1 status:3
[   68.268781] (2)[341:recovery][bright_check]: bright_fb_notifier_callback:event = 1,status:3
[   68.268784] (2)[341:recovery][WAKELOCK_PROFILE]ws_fb_notify_callback: val=1, blank=0
[   68.268788] (2)[341:recovery]gf_tee: [info] goodix_fb_state_chg_callback go to the goodix_fb_state_chg_callback value = 1
[   68.270310] (5)[421:irq/17-touchpan][TP]touchpanel: touchpanel: Touchpanel id 1 :Down[   0  555   16]
[   68.358567] (6)[647:usb ffs open]read descriptors
[   68.358624] (6)[647:usb ffs open]read strings
[   68.448126] (1)[1:init]init: starting service 'cryptoeng-1-0'...
[   68.455917] (6)[1:init]init: Service 'cryptoeng-1-0' (pid 719) exited with status 1
[   68.456039] (6)[1:init]init: Sending signal 9 to service 'cryptoeng-1-0' (pid 719) process group...
[   68.456434] (6)[1:init]libprocessgroup: Successfully killed process cgroup uid 0 pid 719 in 0ms
[   68.602381] (7)[425:kworker/7:5][aw87xxx_pa_5_58]aw87xxx_vmax_cfg_loaded enter, aw87339_i2c5@0x58
[   68.602399] (7)[425:kworker/7:5][aw87xxx_pa_5_58]aw87xxx_vmax_cfg_loaded: failed to read awinic/aw87xxx_vmax_0.bin
[   68.602406] (7)[425:kworker/7:5][aw87xxx_pa_5_58]aw87xxx_vmax_cfg_loaded:restart hrtimer to load firmware
[   68.602476] (7)[424:kworker/7:4][aw87xxx_pa_5_58]aw87xxx_scene_cfg_loaded enter, aw87339_i2c5@0x58
[   68.602483] (7)[424:kworker/7:4][aw87xxx_pa_5_58]aw87xxx_scene_cfg_loaded: failed to read awinic/aw87xxx_pid_39_rcv_0.bin
[   68.602489] (7)[424:kworker/7:4][aw87xxx_pa_5_58]aw87xxx_scene_cfg_loaded:restart hrtimer to load firmware
[   68.602550] (7)[423:kworker/7:3][aw87xxx_pa_5_58]aw87xxx_scene_cfg_loaded enter, aw87339_i2c5@0x58
[   68.602557] (7)[423:kworker/7:3][aw87xxx_pa_5_58]aw87xxx_scene_cfg_loaded: failed to read awinic/aw87xxx_pid_39_fm_0.bin
[   68.602562] (7)[423:kworker/7:3][aw87xxx_pa_5_58]aw87xxx_scene_cfg_loaded:restart hrtimer to load firmware
[   68.602633] (7)[422:kworker/7:2][aw87xxx_pa_5_58]aw87xxx_scene_cfg_loaded enter, aw87339_i2c5@0x58
[   68.602640] (7)[422:kworker/7:2][aw87xxx_pa_5_58]aw87xxx_scene_cfg_loaded: failed to read awinic/aw87xxx_pid_39_voice_0.bin
[   68.602646] (7)[422:kworker/7:2][aw87xxx_pa_5_58]aw87xxx_scene_cfg_loaded:restart hrtimer to load firmware
[   68.602711] (7)[49:kworker/7:0][aw87xxx_pa_5_58]aw87xxx_scene_cfg_loaded enter, aw87339_i2c5@0x58
[   68.602717] (7)[49:kworker/7:0][aw87xxx_pa_5_58]aw87xxx_scene_cfg_loaded: failed to read awinic/aw87xxx_pid_39_music_0.bin
[   68.602723] (7)[49:kworker/7:0][aw87xxx_pa_5_58]aw87xxx_scene_cfg_loaded:restart hrtimer to load firmware
[   68.602793] (7)[109:kworker/7:1][aw87xxx_pa_5_58]aw87xxx_scene_cfg_loaded enter, aw87339_i2c5@0x58
[   68.602800] (7)[109:kworker/7:1][aw87xxx_pa_5_58]aw87xxx_scene_cfg_loaded: failed to read awinic/aw87xxx_pid_39_off_0.bin
[   68.602806] (7)[109:kworker/7:1][aw87xxx_pa_5_58]aw87xxx_scene_cfg_loaded:restart hrtimer to load firmware
[   68.669776] (5)[421:irq/17-touchpan][TP]touchpanel: touchpanel: Touchpanel id 1 :Down[   0  555   16]
[   68.850786] (2)[341:recovery][M4U] m4u_fb_notifier_callback 1, 9
[   68.850793] (2)[341:recovery][black_check]: black_fb_notifier_callback:event = 1 status:3
[   68.850796] (2)[341:recovery][bright_check]: bright_fb_notifier_callback:event = 1,status:3
[   68.850799] (2)[341:recovery][WAKELOCK_PROFILE]ws_fb_notify_callback: val=1, blank=0
[   68.850804] (2)[341:recovery]gf_tee: [info] goodix_fb_state_chg_callback go to the goodix_fb_state_chg_callback value = 1
[   68.986058] (3)[58:kworker/3:1]oppo_custome_sync_work is called
[   68.986098] (6)[421:irq/17-touchpan]oppo_custome_sync_work: file /dev/block/by-name/oppo_custom is no exit
[   69.076732] (6)[421:irq/17-touchpan][TP]touchpanel: touchpanel: Touchpanel id 4 :Down[   0  425    1]
[   69.082023] (0)[14:kworker/0:1]MTP, <do_monitor_work(), 2033> IN <1 0 0 0 1 0 0 0 0 >
[   69.082034] (0)[14:kworker/0:1]MTP, <do_monitor_work(), 2040> OUT <0 0 0 0 0 0 0 0 0 >
[   69.114253] (2)[56:kworker/2:1][Thermal/TZ/PMIC] [tsbuck2_raw_to_temp] 656, 391649, 1000000, -1863
[   69.114262] (2)[56:kworker/2:1][Thermal/TZ/PMIC] [tsbuck2_raw_to_temp] t_current=39529
[   69.114267] (2)[56:kworker/2:1][Thermal/TZ/PMIC] mt6357tsbuck2_get_hw_temp raw=656 T=39529
[   69.114272] (2)[56:kworker/2:1][Thermal/TZ/PMIC] mt6357tsbuck2_get_hw_temp pre_tsbuck2_temp1=39529
[   69.210374] (2)[341:recovery]regulator_vibrator activate_store(258) :set activate duration = 1, 40
[   69.210387] (2)[341:recovery]regulator_vibrator vibrator_enable(198) :cancel hrtimer, cust:50-15000, dur:40, shutdown:0
[   69.210490] (4)[7:kworker/u16:0]regulator_vibrator update_vibrator(171) :vibr_state = 1
[   69.260617] (4)[7:kworker/u16:0]regulator_vibrator update_vibrator(171) :vibr_state = 0
[   69.265981] (6)[421:irq/17-touchpan][TP]ILITEK: [ERR](ili_report_handler, 2027): Checksum Error (0xA5)! Pack = 0xDA, len = 43
[   69.265997] (6)[421:irq/17-touchpan][TP]ILITEK: [ERR](ilitek_trigger_reason, 2473): get point info error ignore
[   69.266581] (2)[341:recovery][M4U] m4u_fb_notifier_callback 1, 9
[   69.266593] (2)[341:recovery][black_check]: black_fb_notifier_callback:event = 1 status:3
[   69.266599] (2)[341:recovery][bright_check]: bright_fb_notifier_callback:event = 1,status:3
[   69.266606] (2)[341:recovery][WAKELOCK_PROFILE]ws_fb_notify_callback: val=1, blank=0
[   69.266614] (2)[341:recovery]gf_tee: [info] goodix_fb_state_chg_callback go to the goodix_fb_state_chg_callback value = 1
[   69.316439] (1)[341:recovery][M4U] m4u_fb_notifier_callback 1, 9
[   69.316447] (1)[341:recovery][black_check]: black_fb_notifier_callback:event = 1 status:3
[   69.316450] (1)[341:recovery][bright_check]: bright_fb_notifier_callback:event = 1,status:3
[   69.316453] (1)[341:recovery][WAKELOCK_PROFILE]ws_fb_notify_callback: val=1, blank=0
[   69.316457] (1)[341:recovery]gf_tee: [info] goodix_fb_state_chg_callback go to the goodix_fb_state_chg_callback value = 1
[   69.434880] (4)[647:usb ffs open]read descriptors
[   69.434938] (4)[647:usb ffs open]read strings
[   69.475924] (6)[421:irq/17-touchpan][TP]touchpanel: touchpanel: Touchpanel id 1 :Down[   0  555    1]
[   69.499361] (0)[341:recovery][M4U] m4u_fb_notifier_callback 1, 9
[   69.499373] (0)[341:recovery][black_check]: black_fb_notifier_callback:event = 1 status:3
[   69.499379] (0)[341:recovery][bright_check]: bright_fb_notifier_callback:event = 1,status:3
[   69.499386] (0)[341:recovery][WAKELOCK_PROFILE]ws_fb_notify_callback: val=1, blank=0
[   69.499393] (0)[341:recovery]gf_tee: [info] goodix_fb_state_chg_callback go to the goodix_fb_state_chg_callback value = 1
[   69.891628] (4)[421:irq/17-touchpan][TP]touchpanel: touchpanel: Touchpanel id 3 :Down[ 719  373    1]
[   70.010052] (3)[58:kworker/3:1]oppo_custome_sync_work is called
[   70.010104] (0)[341:recovery]oppo_custome_sync_work: file /dev/block/by-name/oppo_custom is no exit
[   70.081291] (0)[341:recovery][M4U] m4u_fb_notifier_callback 1, 9
[   70.081303] (0)[341:recovery][black_check]: black_fb_notifier_callback:event = 1 status:3
[   70.081309] (0)[341:recovery][bright_check]: bright_fb_notifier_callback:event = 1,status:3
[   70.081316] (0)[341:recovery][WAKELOCK_PROFILE]ws_fb_notify_callback: val=1, blank=0
[   70.081324] (0)[341:recovery]gf_tee: [info] goodix_fb_state_chg_callback go to the goodix_fb_state_chg_callback value = 1
[   70.105928] (0)[14:kworker/0:1]MTP, <do_monitor_work(), 2033> IN <1 0 0 0 1 0 0 0 0 >
[   70.105937] (0)[14:kworker/0:1]MTP, <do_monitor_work(), 2040> OUT <0 0 0 0 0 0 0 0 0 >
[   70.209032] (5)[421:irq/17-touchpan][TP]touchpanel: touchpanel: Touchpanel id 1 :Down[   0  555    9]
[   70.494394] (3)[647:usb ffs open]read descriptors
[   70.494416] (3)[647:usb ffs open]read strings
[   70.530027] (5)[421:irq/17-touchpan][TP]touchpanel: touchpanel: Touchpanel id 0 :Down[   0  972   11]
[   70.618126] (7)[109:kworker/7:1][aw87xxx_pa_5_58]aw87xxx_cfg_work_routine enter
[   70.618165] (7)[109:kworker/7:1][aw87xxx_pa_5_58]aw87xxx_scene_update enter, aw87339_i2c5@0x58
[   70.618201] (7)[109:kworker/7:1][aw87xxx_pa_5_58]aw87xxx_scene_update enter, aw87339_i2c5@0x58
[   70.618230] (7)[109:kworker/7:1][aw87xxx_pa_5_58]aw87xxx_scene_update enter, aw87339_i2c5@0x58
[   70.618258] (7)[109:kworker/7:1][aw87xxx_pa_5_58]aw87xxx_scene_update enter, aw87339_i2c5@0x58
[   70.618286] (7)[109:kworker/7:1][aw87xxx_pa_5_58]aw87xxx_scene_update enter, aw87339_i2c5@0x58
[   70.618312] (7)[109:kworker/7:1][aw87xxx_pa_5_58]aw87xxx_vbat_monitor_update enter
[   70.618681] (7)[109:kworker/7:1]aw87xxx_pa aw87xxx_pa_5_58: Direct firmware load for awinic/aw87xxx_pid_39_off_0.bin failed with error -2
[   70.618717] (7)[109:kworker/7:1]aw87xxx_pa aw87xxx_pa_5_58: Falling back to syfs fallback for: awinic/aw87xxx_pid_39_off_0.bin
[   70.623189] (7)[49:kworker/7:0]aw87xxx_pa aw87xxx_pa_5_58: Direct firmware load for awinic/aw87xxx_pid_39_music_0.bin failed with error -2
[   70.623211] (7)[49:kworker/7:0]aw87xxx_pa aw87xxx_pa_5_58: Falling back to syfs fallback for: awinic/aw87xxx_pid_39_music_0.bin
[   70.623484] (7)[422:kworker/7:2]aw87xxx_pa aw87xxx_pa_5_58: Direct firmware load for awinic/aw87xxx_pid_39_voice_0.bin failed with error -2
[   70.623501] (7)[422:kworker/7:2]aw87xxx_pa aw87xxx_pa_5_58: Falling back to syfs fallback for: awinic/aw87xxx_pid_39_voice_0.bin
[   70.623551] (5)[722:ueventd]ueventd: firmware: loading 'awinic/aw87xxx_pid_39_off_0.bin' for '/devices/platform/11016000.i2c5/i2c-5/aw87xxx_pa_5_58/firmware/awinic!aw87xxx_pid_39_off_0.bin'
[   70.623708] (5)[722:ueventd]ueventd: couldn't open firmware loading fd for awinic/aw87xxx_pid_39_off_0.bin: No such file or directory
[   70.623713] (7)[423:kworker/7:3]aw87xxx_pa aw87xxx_pa_5_58: Direct firmware load for awinic/aw87xxx_pid_39_fm_0.bin failed with error -2
[   70.623720] (7)[423:kworker/7:3]aw87xxx_pa aw87xxx_pa_5_58: Falling back to syfs fallback for: awinic/aw87xxx_pid_39_fm_0.bin
[   70.623807] (5)[722:ueventd]ueventd: loading /devices/platform/11016000.i2c5/i2c-5/aw87xxx_pa_5_58/firmware/awinic!aw87xxx_pid_39_off_0.bin took 0ms
[   70.623900] (7)[424:kworker/7:4]aw87xxx_pa aw87xxx_pa_5_58: Direct firmware load for awinic/aw87xxx_pid_39_rcv_0.bin failed with error -2
[   70.623912] (7)[424:kworker/7:4]aw87xxx_pa aw87xxx_pa_5_58: Falling back to syfs fallback for: awinic/aw87xxx_pid_39_rcv_0.bin
[   70.624086] (7)[425:kworker/7:5]aw87xxx_pa aw87xxx_pa_5_58: Direct firmware load for awinic/aw87xxx_vmax_0.bin failed with error -2
[   70.624098] (7)[425:kworker/7:5]aw87xxx_pa aw87xxx_pa_5_58: Falling back to syfs fallback for: awinic/aw87xxx_vmax_0.bin
[   70.626160] (2)[723:ueventd]ueventd: firmware: loading 'awinic/aw87xxx_pid_39_music_0.bin' for '/devices/platform/11016000.i2c5/i2c-5/aw87xxx_pa_5_58/firmware/awinic!aw87xxx_pid_39_music_0.bin'
[   70.626265] (2)[723:ueventd]ueventd: couldn't open firmware loading fd for awinic/aw87xxx_pid_39_music_0.bin: No such file or directory
[   70.626312] (2)[723:ueventd]ueventd: loading /devices/platform/11016000.i2c5/i2c-5/aw87xxx_pa_5_58/firmware/awinic!aw87xxx_pid_39_music_0.bin took 0ms
[   70.629139] (5)[724:ueventd]ueventd: firmware: loading 'awinic/aw87xxx_pid_39_voice_0.bin' for '/devices/platform/11016000.i2c5/i2c-5/aw87xxx_pa_5_58/firmware/awinic!aw87xxx_pid_39_voice_0.bin'
[   70.629507] (5)[724:ueventd]ueventd: couldn't open firmware loading fd for awinic/aw87xxx_pid_39_voice_0.bin: No such file or directory
[   70.629690] (5)[724:ueventd]ueventd: loading /devices/platform/11016000.i2c5/i2c-5/aw87xxx_pa_5_58/firmware/awinic!aw87xxx_pid_39_voice_0.bin took 1ms
[   70.631283] (3)[725:ueventd]ueventd: firmware: loading 'awinic/aw87xxx_pid_39_fm_0.bin' for '/devices/platform/11016000.i2c5/i2c-5/aw87xxx_pa_5_58/firmware/awinic!aw87xxx_pid_39_fm_0.bin'
[   70.663630] (0)[341:recovery][M4U] m4u_fb_notifier_callback 1, 9
[   70.663642] (0)[341:recovery][black_check]: black_fb_notifier_callback:event = 1 status:3
[   70.663649] (0)[341:recovery][bright_check]: bright_fb_notifier_callback:event = 1,status:3
[   70.663655] (0)[341:recovery][WAKELOCK_PROFILE]ws_fb_notify_callback: val=1, blank=0
[   70.663663] (0)[341:recovery]gf_tee: [info] goodix_fb_state_chg_callback go to the goodix_fb_state_chg_callback value = 1
[   70.831448] (4)[421:irq/17-touchpan][TP]touchpanel: touchpanel: Touchpanel id 4 :Down[   0  425    4]
[   71.034045] (3)[58:kworker/3:1]oppo_custome_sync_work is called
[   71.034088] (0)[14:kworker/0:1]oppo_custome_sync_work: file /dev/block/by-name/oppo_custom is no exit
[   71.129926] (0)[14:kworker/0:1]MTP, <do_monitor_work(), 2033> IN <1 0 0 0 1 0 0 0 0 >
[   71.129941] (0)[14:kworker/0:1]MTP, <do_monitor_work(), 2040> OUT <0 0 0 0 0 0 0 0 0 >
[   71.147606] (4)[421:irq/17-touchpan][TP]touchpanel: touchpanel: Touchpanel id 3 :Down[ 719  373    8]
[   71.245401] (0)[341:recovery][M4U] m4u_fb_notifier_callback 1, 9
[   71.245409] (0)[341:recovery][black_check]: black_fb_notifier_callback:event = 1 status:3
[   71.245412] (0)[341:recovery][bright_check]: bright_fb_notifier_callback:event = 1,status:3
[   71.245416] (0)[341:recovery][WAKELOCK_PROFILE]ws_fb_notify_callback: val=1, blank=0
[   71.245420] (0)[341:recovery]gf_tee: [info] goodix_fb_state_chg_callback go to the goodix_fb_state_chg_callback value = 1
[   71.463225] (4)[421:irq/17-touchpan][TP]touchpanel: touchpanel: Touchpanel id 1 :Down[   0  555   16]
[   71.550379] (1)[647:usb ffs open]read descriptors
[   71.550402] (1)[647:usb ffs open]read strings
[   71.779642] (4)[421:irq/17-touchpan][TP]touchpanel: touchpanel: Touchpanel id 0 :Down[   0  972    2]
[   71.827577] (2)[341:recovery][M4U] m4u_fb_notifier_callback 1, 9
[   71.827588] (2)[341:recovery][black_check]: black_fb_notifier_callback:event = 1 status:3
[   71.827594] (2)[341:recovery][bright_check]: bright_fb_notifier_callback:event = 1,status:3
[   71.827601] (2)[341:recovery][WAKELOCK_PROFILE]ws_fb_notify_callback: val=1, blank=0
[   71.827609] (2)[341:recovery]gf_tee: [info] goodix_fb_state_chg_callback go to the goodix_fb_state_chg_callback value = 1
[   72.058054] (3)[58:kworker/3:1]oppo_custome_sync_work is called
[   72.058096] (4)[421:irq/17-touchpan]oppo_custome_sync_work: file /dev/block/by-name/oppo_custom is no exit
[   72.095152] (4)[421:irq/17-touchpan][TP]touchpanel: touchpanel: Touchpanel id 0 :Down[   0  972    8]
[   72.154025] (0)[14:kworker/0:1]MTP, <do_monitor_work(), 2033> IN <1 0 0 0 1 0 0 0 0 >
[   72.154040] (0)[14:kworker/0:1]MTP, <do_monitor_work(), 2040> OUT <0 0 0 0 0 0 0 0 0 >
[   72.382093] (0)[0:swapper/0][name:spm&]Power/swap DP: No enter --- SODI3: No enter --- SODI: No enter --- 
[   72.382154] (0)[0:swapper/0]mcdi cpu: 459, 707, 125, 136, 598, 512, 519, 412, cluster : 0, 0, pause = 0, multi core = 0, latency = 39, residency = 0, last core = 0, avail cpu = 00ff, cluster = 0003, enabled = 1, max_s_state = 5, system_idle_hint = 00000000
[   72.409563] (2)[341:recovery][M4U] m4u_fb_notifier_callback 1, 9
[   72.409571] (2)[341:recovery][black_check]: black_fb_notifier_callback:event = 1 status:3
[   72.409574] (2)[341:recovery][bright_check]: bright_fb_notifier_callback:event = 1,status:3
[   72.409577] (2)[341:recovery][WAKELOCK_PROFILE]ws_fb_notify_callback: val=1, blank=0
[   72.409581] (2)[341:recovery]gf_tee: [info] goodix_fb_state_chg_callback go to the goodix_fb_state_chg_callback value = 1
[   72.467507] -(4)[0:swapper/4]fg_drv_thread_hrtimer_func
[   72.467541] -(4)[0:swapper/4]fg_update_routine_wakeup
[   72.469462] (6)[291:battery_thread]After compensation, the battery ntc voltage = 517
[   72.472331] (6)[291:battery_thread]car[-78,492,-492,492,-473] tmp:38 soc:48 uisoc:50 vbat:3808 ibat:-4828 algo:1 gm3:0 0 0 0,boot:2
[   72.472576] (6)[291:battery_thread][fg_drv_update_daemon]ui_ht_gap:492 ui_lt_gap:473 sw_iavg:-4069 -4069 0 nafg_m:0 0 0
[   72.472601] (6)[291:battery_thread][is_algo_active]algo.active: 1
[   72.474874] (6)[291:battery_thread]After compensation, the battery ntc voltage = 517
[   72.475710] (6)[291:battery_thread]battery_update_routine
[   72.511481] (4)[421:irq/17-touchpan][TP]touchpanel: touchpanel: Touchpanel id 1 :Down[   0  555   14]
[   72.594711] (5)[647:usb ffs open]read descriptors
[   72.594765] (5)[647:usb ffs open]read strings
[   72.743308] (2)[341:recovery]regulator_vibrator activate_store(258) :set activate duration = 1, 40
[   72.743325] (2)[341:recovery]regulator_vibrator vibrator_enable(198) :cancel hrtimer, cust:50-15000, dur:40, shutdown:0
[   72.743625] (7)[262:kworker/u16:2]regulator_vibrator update_vibrator(171) :vibr_state = 1
[   72.793534] (7)[262:kworker/u16:2]regulator_vibrator update_vibrator(171) :vibr_state = 0
[   72.808496] (2)[341:recovery][M4U] m4u_fb_notifier_callback 1, 9
[   72.808503] (2)[341:recovery][black_check]: black_fb_notifier_callback:event = 1 status:3
[   72.808507] (2)[341:recovery][bright_check]: bright_fb_notifier_callback:event = 1,status:3
[   72.808510] (2)[341:recovery][WAKELOCK_PROFILE]ws_fb_notify_callback: val=1, blank=0
[   72.808515] (2)[341:recovery]gf_tee: [info] goodix_fb_state_chg_callback go to the goodix_fb_state_chg_callback value = 1
[   72.827199] (4)[421:irq/17-touchpan][TP]touchpanel: touchpanel: Touchpanel id 0 :Down[   0  972   16]
[   72.875211] (2)[341:recovery][M4U] m4u_fb_notifier_callback 1, 9
[   72.875218] (2)[341:recovery][black_check]: black_fb_notifier_callback:event = 1 status:3
[   72.875221] (2)[341:recovery][bright_check]: bright_fb_notifier_callback:event = 1,status:3
[   72.875225] (2)[341:recovery][WAKELOCK_PROFILE]ws_fb_notify_callback: val=1, blank=0
[   72.875229] (2)[341:recovery]gf_tee: [info] goodix_fb_state_chg_callback go to the goodix_fb_state_chg_callback value = 1
[   72.941691] (2)[341:recovery][M4U] m4u_fb_notifier_callback 1, 9
[   72.941699] (2)[341:recovery][black_check]: black_fb_notifier_callback:event = 1 status:3
[   72.941702] (2)[341:recovery][bright_check]: bright_fb_notifier_callback:event = 1,status:3
[   72.941705] (2)[341:recovery][WAKELOCK_PROFILE]ws_fb_notify_callback: val=1, blank=0
[   72.941710] (2)[341:recovery]gf_tee: [info] goodix_fb_state_chg_callback go to the goodix_fb_state_chg_callback value = 1
[   72.954507] (1)[313:kworker/1:3]last full = 0, full = 0
[   72.962434] (1)[55:kworker/1:1]get prop 105 is not supported in batt
[   72.964333] (7)[351:health@2.1-serv][OPLUS_CHG][oplus_ac_get_property]0 0 0 0 0 0 0 1 0 ac_online:0
[   72.964729] (7)[351:health@2.1-serv]bq2560x-charger 5-006b: bq2560x_charger_get_online: online = 0
[   72.964855] (7)[351:health@2.1-serv]healthd: battery l=50 v=3799 t=38.2 h=2 st=4 c=495 fc=0 chg=
[   72.966912] (7)[351:health@2.1-serv][OPLUS_CHG][oplus_ac_get_property]0 0 0 0 0 0 0 1 0 ac_online:0
[   72.967271] (7)[351:health@2.1-serv]bq2560x-charger 5-006b: bq2560x_charger_get_online: online = 0
[   72.967817] (1)[313:kworker/1:3][bq2560x]:bq2560x_dump_regs: [00]=0x7f  [01]=0x0a  [02]=0x85  [03]=0x33  [04]=0x88  [05]=0x87  [06]=0x55  [07]=0x49  [08]=0x01  [09]=0x00  [0a]=0x03  [0b]=0x14  
[   72.967846] (1)[313:kworker/1:3][OPLUS_CHG][oplus_chg_print_log] CHGR[ 0 / 0 / 9 / 3 / 2 ], BAT[ 1 / 0 / 0 / 0 / 1 / 0 ], GAUGE[ 382 / 3799 / 3803 / 471 / -1 / 50 / 50 / 50 / -1 / 0 / 0 / 0 / 0 / 0 / 0 / 0 / 0 / 0 / 0 / 0 / 0 / 0 /], STATUS[ 0x0 / 0 / 0 / 0 / 0 / 0x0 ], OTHER[ 1 / 1 / 7 / 2 / 0/ 0 / -2740]
[   72.969215] (7)[351:health@2.1-serv][OPLUS_CHG][oplus_ac_get_property]0 0 0 0 0 0 0 1 0 ac_online:0
[   72.969555] (7)[351:health@2.1-serv]bq2560x-charger 5-006b: bq2560x_charger_get_online: online = 0
[   72.969665] (7)[351:health@2.1-serv]healthd: battery l=50 v=3799 t=38.2 h=2 st=4 c=533 fc=0 chg=
[   72.971530] (7)[351:health@2.1-serv][OPLUS_CHG][oplus_ac_get_property]0 0 0 0 0 0 0 1 0 ac_online:0
[   72.971865] (7)[351:health@2.1-serv]bq2560x-charger 5-006b: bq2560x_charger_get_online: online = 0
[   73.008239] (2)[341:recovery][M4U] m4u_fb_notifier_callback 1, 9
[   73.008247] (2)[341:recovery][black_check]: black_fb_notifier_callback:event = 1 status:3
[   73.008250] (2)[341:recovery][bright_check]: bright_fb_notifier_callback:event = 1,status:3
[   73.008254] (2)[341:recovery][WAKELOCK_PROFILE]ws_fb_notify_callback: val=1, blank=0
[   73.008258] (2)[341:recovery]gf_tee: [info] goodix_fb_state_chg_callback go to the goodix_fb_state_chg_callback value = 1
[   73.074743] (2)[341:recovery][M4U] m4u_fb_notifier_callback 1, 9
[   73.074750] (2)[341:recovery][black_check]: black_fb_notifier_callback:event = 1 status:3
[   73.074753] (2)[341:recovery][bright_check]: bright_fb_notifier_callback:event = 1,status:3
[   73.074757] (2)[341:recovery][WAKELOCK_PROFILE]ws_fb_notify_callback: val=1, blank=0
[   73.074761] (2)[341:recovery]gf_tee: [info] goodix_fb_state_chg_callback go to the goodix_fb_state_chg_callback value = 1
[   73.076264] (4)[421:irq/17-touchpan][TP]touchpanel: touchpanel: Touchpanel id 1 :Down[   0  555    2]
[   73.082085] (3)[58:kworker/3:1]oppo_custome_sync_work is called
[   73.082136] (2)[341:recovery]oppo_custome_sync_work: file /dev/block/by-name/oppo_custom is no exit
[   73.141092] (2)[341:recovery][M4U] m4u_fb_notifier_callback 1, 9
[   73.141103] (2)[341:recovery][black_check]: black_fb_notifier_callback:event = 1 status:3
[   73.141109] (2)[341:recovery][bright_check]: bright_fb_notifier_callback:event = 1,status:3
[   73.141116] (2)[341:recovery][WAKELOCK_PROFILE]ws_fb_notify_callback: val=1, blank=0
[   73.141124] (2)[341:recovery]gf_tee: [info] goodix_fb_state_chg_callback go to the goodix_fb_state_chg_callback value = 1
[   73.178069] (0)[14:kworker/0:1]MTP, <do_monitor_work(), 2033> IN <1 0 0 0 1 0 0 0 0 >
[   73.178088] (0)[14:kworker/0:1]MTP, <do_monitor_work(), 2040> OUT <0 0 0 0 0 0 0 0 0 >
[   73.207757] (2)[341:recovery][M4U] m4u_fb_notifier_callback 1, 9
[   73.207765] (2)[341:recovery][black_check]: black_fb_notifier_callback:event = 1 status:3
[   73.207768] (2)[341:recovery][bright_check]: bright_fb_notifier_callback:event = 1,status:3
[   73.207772] (2)[341:recovery][WAKELOCK_PROFILE]ws_fb_notify_callback: val=1, blank=0
[   73.207776] (2)[341:recovery]gf_tee: [info] goodix_fb_state_chg_callback go to the goodix_fb_state_chg_callback value = 1
[   73.210368] (2)[56:kworker/2:1][Thermal/TZ/PMIC] [tsbuck1_raw_to_temp] 656, 390576, 1000000, -1863
[   73.210379] (2)[56:kworker/2:1][Thermal/TZ/PMIC] [tsbuck1_raw_to_temp] t_current=38456
[   73.210384] (2)[56:kworker/2:1][Thermal/TZ/PMIC] mt6357tsbuck1_get_hw_temp raw=656 T=38456
[   73.210389] (2)[56:kworker/2:1][Thermal/TZ/PMIC] mt6357tsbuck1_get_hw_temp pre_tsbuck1_temp1=38456
[   73.274732] (0)[341:recovery][M4U] m4u_fb_notifier_callback 1, 9
[   73.274744] (0)[341:recovery][black_check]: black_fb_notifier_callback:event = 1 status:3
[   73.274750] (0)[341:recovery][bright_check]: bright_fb_notifier_callback:event = 1,status:3
[   73.274757] (0)[341:recovery][WAKELOCK_PROFILE]ws_fb_notify_callback: val=1, blank=0
[   73.274765] (0)[341:recovery]gf_tee: [info] goodix_fb_state_chg_callback go to the goodix_fb_state_chg_callback value = 1
[   73.340793] (0)[341:recovery][M4U] m4u_fb_notifier_callback 1, 9
[   73.340801] (0)[341:recovery][black_check]: black_fb_notifier_callback:event = 1 status:3
[   73.340804] (0)[341:recovery][bright_check]: bright_fb_notifier_callback:event = 1,status:3
[   73.340807] (0)[341:recovery][WAKELOCK_PROFILE]ws_fb_notify_callback: val=1, blank=0
[   73.340812] (0)[341:recovery]gf_tee: [info] goodix_fb_state_chg_callback go to the goodix_fb_state_chg_callback value = 1
[   73.383868] (4)[421:irq/17-touchpan][TP]touchpanel: touchpanel: Touchpanel id 4 :Down[   0  425    7]
[   73.407337] (0)[341:recovery][M4U] m4u_fb_notifier_callback 1, 9
[   73.407348] (0)[341:recovery][black_check]: black_fb_notifier_callback:event = 1 status:3
[   73.407355] (0)[341:recovery][bright_check]: bright_fb_notifier_callback:event = 1,status:3
[   73.407361] (0)[341:recovery][WAKELOCK_PROFILE]ws_fb_notify_callback: val=1, blank=0
[   73.407369] (0)[341:recovery]gf_tee: [info] goodix_fb_state_chg_callback go to the goodix_fb_state_chg_callback value = 1
[   73.452151] (2)[1:init]init: starting service 'cryptoeng-1-0'...
[   73.460282] (6)[1:init]init: Service 'cryptoeng-1-0' (pid 730) exited with status 1
[   73.460404] (6)[1:init]init: Sending signal 9 to service 'cryptoeng-1-0' (pid 730) process group...
[   73.460804] (6)[1:init]libprocessgroup: Successfully killed process cgroup uid 0 pid 730 in 0ms
[   73.473795] (0)[341:recovery][M4U] m4u_fb_notifier_callback 1, 9
[   73.473803] (0)[341:recovery][black_check]: black_fb_notifier_callback:event = 1 status:3
[   73.473806] (0)[341:recovery][bright_check]: bright_fb_notifier_callback:event = 1,status:3
[   73.473809] (0)[341:recovery][WAKELOCK_PROFILE]ws_fb_notify_callback: val=1, blank=0
[   73.473814] (0)[341:recovery]gf_tee: [info] goodix_fb_state_chg_callback go to the goodix_fb_state_chg_callback value = 1
[   73.540308] (0)[341:recovery][M4U] m4u_fb_notifier_callback 1, 9
[   73.540316] (0)[341:recovery][black_check]: black_fb_notifier_callback:event = 1 status:3
[   73.540319] (0)[341:recovery][bright_check]: bright_fb_notifier_callback:event = 1,status:3
[   73.540322] (0)[341:recovery][WAKELOCK_PROFILE]ws_fb_notify_callback: val=1, blank=0
[   73.540326] (0)[341:recovery]gf_tee: [info] goodix_fb_state_chg_callback go to the goodix_fb_state_chg_callback value = 1
[   73.606867] (0)[341:recovery][M4U] m4u_fb_notifier_callback 1, 9
[   73.606875] (0)[341:recovery][black_check]: black_fb_notifier_callback:event = 1 status:3
[   73.606878] (0)[341:recovery][bright_check]: bright_fb_notifier_callback:event = 1,status:3
[   73.606882] (0)[341:recovery][WAKELOCK_PROFILE]ws_fb_notify_callback: val=1, blank=0
[   73.606886] (0)[341:recovery]gf_tee: [info] goodix_fb_state_chg_callback go to the goodix_fb_state_chg_callback value = 1
[   73.654756] (6)[647:usb ffs open]read descriptors
[   73.654813] (6)[647:usb ffs open]read strings
[   73.673359] (0)[341:recovery][M4U] m4u_fb_notifier_callback 1, 9
[   73.673367] (0)[341:recovery][black_check]: black_fb_notifier_callback:event = 1 status:3
[   73.673370] (0)[341:recovery][bright_check]: bright_fb_notifier_callback:event = 1,status:3
[   73.673374] (0)[341:recovery][WAKELOCK_PROFILE]ws_fb_notify_callback: val=1, blank=0
[   73.673378] (0)[341:recovery]gf_tee: [info] goodix_fb_state_chg_callback go to the goodix_fb_state_chg_callback value = 1
[   73.700271] (5)[421:irq/17-touchpan][TP]touchpanel: touchpanel: Touchpanel id 2 :Down[   0   46    3]
[   73.739847] (0)[341:recovery][M4U] m4u_fb_notifier_callback 1, 9
[   73.739854] (0)[341:recovery][black_check]: black_fb_notifier_callback:event = 1 status:3
[   73.739857] (0)[341:recovery][bright_check]: bright_fb_notifier_callback:event = 1,status:3
[   73.739861] (0)[341:recovery][WAKELOCK_PROFILE]ws_fb_notify_callback: val=1, blank=0
[   73.739865] (0)[341:recovery]gf_tee: [info] goodix_fb_state_chg_callback go to the goodix_fb_state_chg_callback value = 1
[   73.806377] (0)[341:recovery][M4U] m4u_fb_notifier_callback 1, 9
[   73.806383] (0)[341:recovery][black_check]: black_fb_notifier_callback:event = 1 status:3
[   73.806386] (0)[341:recovery][bright_check]: bright_fb_notifier_callback:event = 1,status:3
[   73.806390] (0)[341:recovery][WAKELOCK_PROFILE]ws_fb_notify_callback: val=1, blank=0
[   73.806394] (0)[341:recovery]gf_tee: [info] goodix_fb_state_chg_callback go to the goodix_fb_state_chg_callback value = 1
[   73.872970] (0)[341:recovery][M4U] m4u_fb_notifier_callback 1, 9
[   73.872977] (0)[341:recovery][black_check]: black_fb_notifier_callback:event = 1 status:3
[   73.872980] (0)[341:recovery][bright_check]: bright_fb_notifier_callback:event = 1,status:3
[   73.872984] (0)[341:recovery][WAKELOCK_PROFILE]ws_fb_notify_callback: val=1, blank=0
[   73.872988] (0)[341:recovery]gf_tee: [info] goodix_fb_state_chg_callback go to the goodix_fb_state_chg_callback value = 1
[   73.939419] (0)[341:recovery][M4U] m4u_fb_notifier_callback 1, 9
[   73.939426] (0)[341:recovery][black_check]: black_fb_notifier_callback:event = 1 status:3
[   73.939430] (0)[341:recovery][bright_check]: bright_fb_notifier_callback:event = 1,status:3
[   73.939433] (0)[341:recovery][WAKELOCK_PROFILE]ws_fb_notify_callback: val=1, blank=0
[   73.939438] (0)[341:recovery]gf_tee: [info] goodix_fb_state_chg_callback go to the goodix_fb_state_chg_callback value = 1
[   74.005847] (0)[341:recovery][M4U] m4u_fb_notifier_callback 1, 9
[   74.005854] (0)[341:recovery][black_check]: black_fb_notifier_callback:event = 1 status:3
[   74.005857] (0)[341:recovery][bright_check]: bright_fb_notifier_callback:event = 1,status:3
[   74.005860] (0)[341:recovery][WAKELOCK_PROFILE]ws_fb_notify_callback: val=1, blank=0
[   74.005865] (0)[341:recovery]gf_tee: [info] goodix_fb_state_chg_callback go to the goodix_fb_state_chg_callback value = 1
[   74.072461] (0)[341:recovery][M4U] m4u_fb_notifier_callback 1, 9
[   74.072468] (0)[341:recovery][black_check]: black_fb_notifier_callback:event = 1 status:3
[   74.072471] (0)[341:recovery][bright_check]: bright_fb_notifier_callback:event = 1,status:3
[   74.072475] (0)[341:recovery][WAKELOCK_PROFILE]ws_fb_notify_callback: val=1, blank=0
[   74.072479] (0)[341:recovery]gf_tee: [info] goodix_fb_state_chg_callback go to the goodix_fb_state_chg_callback value = 1
[   74.090703] (5)[421:irq/17-touchpan][TP]touchpanel: touchpanel: Touchpanel id 0 :Down[   0  975    8]
[   74.106082] (3)[58:kworker/3:1]oppo_custome_sync_work is called
[   74.106140] (0)[341:recovery]oppo_custome_sync_work: file /dev/block/by-name/oppo_custom is no exit
[   74.139062] (0)[341:recovery][M4U] m4u_fb_notifier_callback 1, 9
[   74.139074] (0)[341:recovery][black_check]: black_fb_notifier_callback:event = 1 status:3
[   74.139080] (0)[341:recovery][bright_check]: bright_fb_notifier_callback:event = 1,status:3
[   74.139087] (0)[341:recovery][WAKELOCK_PROFILE]ws_fb_notify_callback: val=1, blank=0
[   74.139094] (0)[341:recovery]gf_tee: [info] goodix_fb_state_chg_callback go to the goodix_fb_state_chg_callback value = 1
[   74.202011] (0)[14:kworker/0:1]MTP, <do_monitor_work(), 2033> IN <1 0 0 0 1 0 0 0 0 >
[   74.202030] (0)[14:kworker/0:1]MTP, <do_monitor_work(), 2040> OUT <0 0 0 0 0 0 0 0 0 >
[   74.205516] (0)[341:recovery][M4U] m4u_fb_notifier_callback 1, 9
[   74.205527] (0)[341:recovery][black_check]: black_fb_notifier_callback:event = 1 status:3
[   74.205533] (0)[341:recovery][bright_check]: bright_fb_notifier_callback:event = 1,status:3
[   74.205539] (0)[341:recovery][WAKELOCK_PROFILE]ws_fb_notify_callback: val=1, blank=0
[   74.205547] (0)[341:recovery]gf_tee: [info] goodix_fb_state_chg_callback go to the goodix_fb_state_chg_callback value = 1
[   74.206600] (0)[341:recovery]regulator_vibrator activate_store(258) :set activate duration = 1, 40
[   74.206619] (0)[341:recovery]regulator_vibrator vibrator_enable(198) :cancel hrtimer, cust:50-15000, dur:40, shutdown:0
[   74.206859] (4)[262:kworker/u16:2]regulator_vibrator update_vibrator(171) :vibr_state = 1
[   74.234414] -(2)[56:kworker/2:1]mt635x_auxadc_read_raw: 8 callbacks suppressed
[   74.234420] (2)[56:kworker/2:1][Thermal/TZ/PMIC] [tsbuck2_raw_to_temp] 656, 391649, 1000000, -1863
[   74.234436] (2)[56:kworker/2:1][Thermal/TZ/PMIC] [tsbuck2_raw_to_temp] t_current=39529
[   74.234441] (2)[56:kworker/2:1][Thermal/TZ/PMIC] mt6357tsbuck2_get_hw_temp raw=656 T=39529
[   74.234446] (2)[56:kworker/2:1][Thermal/TZ/PMIC] mt6357tsbuck2_get_hw_temp pre_tsbuck2_temp1=39529
[   74.256706] (4)[262:kworker/u16:2]regulator_vibrator update_vibrator(171) :vibr_state = 0
[   74.272062] (0)[341:recovery][M4U] m4u_fb_notifier_callback 1, 9
[   74.272069] (0)[341:recovery][black_check]: black_fb_notifier_callback:event = 1 status:3
[   74.272072] (0)[341:recovery][bright_check]: bright_fb_notifier_callback:event = 1,status:3
[   74.272075] (0)[341:recovery][WAKELOCK_PROFILE]ws_fb_notify_callback: val=1, blank=0
[   74.272080] (0)[341:recovery]gf_tee: [info] goodix_fb_state_chg_callback go to the goodix_fb_state_chg_callback value = 1
[   74.338593] (0)[341:recovery][M4U] m4u_fb_notifier_callback 1, 9
[   74.338604] (0)[341:recovery][black_check]: black_fb_notifier_callback:event = 1 status:3
[   74.338610] (0)[341:recovery][bright_check]: bright_fb_notifier_callback:event = 1,status:3
[   74.338617] (0)[341:recovery][WAKELOCK_PROFILE]ws_fb_notify_callback: val=1, blank=0
[   74.338625] (0)[341:recovery]gf_tee: [info] goodix_fb_state_chg_callback go to the goodix_fb_state_chg_callback value = 1
[   74.405253] (0)[341:recovery][M4U] m4u_fb_notifier_callback 1, 9
[   74.405261] (0)[341:recovery][black_check]: black_fb_notifier_callback:event = 1 status:3
[   74.405264] (0)[341:recovery][bright_check]: bright_fb_notifier_callback:event = 1,status:3
[   74.405268] (0)[341:recovery][WAKELOCK_PROFILE]ws_fb_notify_callback: val=1, blank=0
[   74.405272] (0)[341:recovery]gf_tee: [info] goodix_fb_state_chg_callback go to the goodix_fb_state_chg_callback value = 1
[   74.471772] (0)[341:recovery][M4U] m4u_fb_notifier_callback 1, 9
[   74.471780] (0)[341:recovery][black_check]: black_fb_notifier_callback:event = 1 status:3
[   74.471783] (0)[341:recovery][bright_check]: bright_fb_notifier_callback:event = 1,status:3
[   74.471787] (0)[341:recovery][WAKELOCK_PROFILE]ws_fb_notify_callback: val=1, blank=0
[   74.471791] (0)[341:recovery]gf_tee: [info] goodix_fb_state_chg_callback go to the goodix_fb_state_chg_callback value = 1
[   74.538292] (0)[341:recovery][M4U] m4u_fb_notifier_callback 1, 9
[   74.538300] (0)[341:recovery][black_check]: black_fb_notifier_callback:event = 1 status:3
[   74.538303] (0)[341:recovery][bright_check]: bright_fb_notifier_callback:event = 1,status:3
[   74.538307] (0)[341:recovery][WAKELOCK_PROFILE]ws_fb_notify_callback: val=1, blank=0
[   74.538311] (0)[341:recovery]gf_tee: [info] goodix_fb_state_chg_callback go to the goodix_fb_state_chg_callback value = 1
[   74.604801] (0)[341:recovery][M4U] m4u_fb_notifier_callback 1, 9
[   74.604809] (0)[341:recovery][black_check]: black_fb_notifier_callback:event = 1 status:3
[   74.604812] (0)[341:recovery][bright_check]: bright_fb_notifier_callback:event = 1,status:3
[   74.604816] (0)[341:recovery][WAKELOCK_PROFILE]ws_fb_notify_callback: val=1, blank=0
[   74.604820] (0)[341:recovery]gf_tee: [info] goodix_fb_state_chg_callback go to the goodix_fb_state_chg_callback value = 1
[   74.671244] (0)[341:recovery][M4U] m4u_fb_notifier_callback 1, 9
[   74.671256] (0)[341:recovery][black_check]: black_fb_notifier_callback:event = 1 status:3
[   74.671263] (0)[341:recovery][bright_check]: bright_fb_notifier_callback:event = 1,status:3
[   74.671269] (0)[341:recovery][WAKELOCK_PROFILE]ws_fb_notify_callback: val=1, blank=0
[   74.671277] (0)[341:recovery]gf_tee: [info] goodix_fb_state_chg_callback go to the goodix_fb_state_chg_callback value = 1
[   74.698746] (5)[647:usb ffs open]read descriptors
[   74.698804] (5)[647:usb ffs open]read strings
[   74.737728] (0)[341:recovery][M4U] m4u_fb_notifier_callback 1, 9
[   74.737740] (0)[341:recovery][black_check]: black_fb_notifier_callback:event = 1 status:3
[   74.737747] (0)[341:recovery][bright_check]: bright_fb_notifier_callback:event = 1,status:3
[   74.737753] (0)[341:recovery][WAKELOCK_PROFILE]ws_fb_notify_callback: val=1, blank=0
[   74.737761] (0)[341:recovery]gf_tee: [info] goodix_fb_state_chg_callback go to the goodix_fb_state_chg_callback value = 1
[   74.804158] (0)[341:recovery][M4U] m4u_fb_notifier_callback 1, 9
[   74.804165] (0)[341:recovery][black_check]: black_fb_notifier_callback:event = 1 status:3
[   74.804168] (0)[341:recovery][bright_check]: bright_fb_notifier_callback:event = 1,status:3
[   74.804172] (0)[341:recovery][WAKELOCK_PROFILE]ws_fb_notify_callback: val=1, blank=0
[   74.804176] (0)[341:recovery]gf_tee: [info] goodix_fb_state_chg_callback go to the goodix_fb_state_chg_callback value = 1
[   74.870694] (0)[341:recovery][M4U] m4u_fb_notifier_callback 1, 9
[   74.870701] (0)[341:recovery][black_check]: black_fb_notifier_callback:event = 1 status:3
[   74.870704] (0)[341:recovery][bright_check]: bright_fb_notifier_callback:event = 1,status:3
[   74.870707] (0)[341:recovery][WAKELOCK_PROFILE]ws_fb_notify_callback: val=1, blank=0
[   74.870711] (0)[341:recovery]gf_tee: [info] goodix_fb_state_chg_callback go to the goodix_fb_state_chg_callback value = 1
[   74.871370] (0)[341:recovery]regulator_vibrator activate_store(258) :set activate duration = 1, 40
[   74.871386] (0)[341:recovery]regulator_vibrator vibrator_enable(198) :cancel hrtimer, cust:50-15000, dur:40, shutdown:0
[   74.871625] (7)[262:kworker/u16:2]regulator_vibrator update_vibrator(171) :vibr_state = 1
[   74.920572] (0)[341:recovery][M4U] m4u_fb_notifier_callback 1, 9
[   74.920578] (0)[341:recovery][black_check]: black_fb_notifier_callback:event = 1 status:3
[   74.920582] (0)[341:recovery][bright_check]: bright_fb_notifier_callback:event = 1,status:3
[   74.920585] (0)[341:recovery][WAKELOCK_PROFILE]ws_fb_notify_callback: val=1, blank=0
[   74.920589] (0)[341:recovery]gf_tee: [info] goodix_fb_state_chg_callback go to the goodix_fb_state_chg_callback value = 1
[   74.921683] (7)[262:kworker/u16:2]regulator_vibrator update_vibrator(171) :vibr_state = 0
[   74.970471] (0)[341:recovery][M4U] m4u_fb_notifier_callback 1, 9
[   74.970477] (0)[341:recovery][black_check]: black_fb_notifier_callback:event = 1 status:3
[   74.970481] (0)[341:recovery][bright_check]: bright_fb_notifier_callback:event = 1,status:3
[   74.970484] (0)[341:recovery][WAKELOCK_PROFILE]ws_fb_notify_callback: val=1, blank=0
[   74.970489] (0)[341:recovery]gf_tee: [info] goodix_fb_state_chg_callback go to the goodix_fb_state_chg_callback value = 1
[   75.020415] (0)[341:recovery][M4U] m4u_fb_notifier_callback 1, 9
[   75.020422] (0)[341:recovery][black_check]: black_fb_notifier_callback:event = 1 status:3
[   75.020426] (0)[341:recovery][bright_check]: bright_fb_notifier_callback:event = 1,status:3
[   75.020429] (0)[341:recovery][WAKELOCK_PROFILE]ws_fb_notify_callback: val=1, blank=0
[   75.020433] (0)[341:recovery]gf_tee: [info] goodix_fb_state_chg_callback go to the goodix_fb_state_chg_callback value = 1
[   75.020902] (0)[341:recovery]regulator_vibrator activate_store(258) :set activate duration = 1, 40
[   75.020919] (0)[341:recovery]regulator_vibrator vibrator_enable(198) :cancel hrtimer, cust:50-15000, dur:40, shutdown:0
[   75.021284] (7)[262:kworker/u16:2]regulator_vibrator update_vibrator(171) :vibr_state = 1
[   75.070452] (0)[341:recovery][M4U] m4u_fb_notifier_callback 1, 9
[   75.070461] (0)[341:recovery][black_check]: black_fb_notifier_callback:event = 1 status:3
[   75.070464] (0)[341:recovery][bright_check]: bright_fb_notifier_callback:event = 1,status:3
[   75.070467] (0)[341:recovery][WAKELOCK_PROFILE]ws_fb_notify_callback: val=1, blank=0
[   75.070472] (0)[341:recovery]gf_tee: [info] goodix_fb_state_chg_callback go to the goodix_fb_state_chg_callback value = 1
[   75.071420] (7)[262:kworker/u16:2]regulator_vibrator update_vibrator(171) :vibr_state = 0
[   75.120423] (0)[341:recovery][M4U] m4u_fb_notifier_callback 1, 9
[   75.120436] (0)[341:recovery][black_check]: black_fb_notifier_callback:event = 1 status:3
[   75.120443] (0)[341:recovery][bright_check]: bright_fb_notifier_callback:event = 1,status:3
[   75.120450] (0)[341:recovery][WAKELOCK_PROFILE]ws_fb_notify_callback: val=1, blank=0
[   75.120458] (0)[341:recovery]gf_tee: [info] goodix_fb_state_chg_callback go to the goodix_fb_state_chg_callback value = 1
[   75.130091] (3)[58:kworker/3:1]oppo_custome_sync_work is called
[   75.130157] (2)[341:recovery]oppo_custome_sync_work: file /dev/block/by-name/oppo_custom is no exit
[   75.170292] (2)[341:recovery][M4U] m4u_fb_notifier_callback 1, 9
[   75.170305] (2)[341:recovery][black_check]: black_fb_notifier_callback:event = 1 status:3
[   75.170311] (2)[341:recovery][bright_check]: bright_fb_notifier_callback:event = 1,status:3
[   75.170319] (2)[341:recovery][WAKELOCK_PROFILE]ws_fb_notify_callback: val=1, blank=0
[   75.170326] (2)[341:recovery]gf_tee: [info] goodix_fb_state_chg_callback go to the goodix_fb_state_chg_callback value = 1
[   75.226026] (0)[14:kworker/0:1]MTP, <do_monitor_work(), 2033> IN <1 0 0 0 1 0 0 0 0 >
[   75.226039] (0)[14:kworker/0:1]MTP, <do_monitor_work(), 2040> OUT <0 0 0 0 0 0 0 0 0 >
[   75.619352] (2)[341:recovery][M4U] m4u_fb_notifier_callback 1, 9
[   75.619367] (2)[341:recovery][black_check]: black_fb_notifier_callback:event = 1 status:3
[   75.619373] (2)[341:recovery][bright_check]: bright_fb_notifier_callback:event = 1,status:3
[   75.619380] (2)[341:recovery][WAKELOCK_PROFILE]ws_fb_notify_callback: val=1, blank=0
[   75.619388] (2)[341:recovery]gf_tee: [info] goodix_fb_state_chg_callback go to the goodix_fb_state_chg_callback value = 1
[   75.758630] (5)[647:usb ffs open]read descriptors
[   75.758687] (5)[647:usb ffs open]read strings
[   76.068134] (0)[341:recovery][M4U] m4u_fb_notifier_callback 1, 9
[   76.068147] (0)[341:recovery][black_check]: black_fb_notifier_callback:event = 1 status:3
[   76.068153] (0)[341:recovery][bright_check]: bright_fb_notifier_callback:event = 1,status:3
[   76.068160] (0)[341:recovery][WAKELOCK_PROFILE]ws_fb_notify_callback: val=1, blank=0
[   76.068168] (0)[341:recovery]gf_tee: [info] goodix_fb_state_chg_callback go to the goodix_fb_state_chg_callback value = 1
[   76.070303] (1)[341:recovery]regulator_vibrator activate_store(258) :set activate duration = 1, 40
[   76.070319] (1)[341:recovery]regulator_vibrator vibrator_enable(198) :cancel hrtimer, cust:50-15000, dur:40, shutdown:0
[   76.070534] (7)[262:kworker/u16:2]regulator_vibrator update_vibrator(171) :vibr_state = 1
[   76.117971] (1)[341:recovery][M4U] m4u_fb_notifier_callback 1, 9
[   76.117979] (1)[341:recovery][black_check]: black_fb_notifier_callback:event = 1 status:3
[   76.117982] (1)[341:recovery][bright_check]: bright_fb_notifier_callback:event = 1,status:3
[   76.117985] (1)[341:recovery][WAKELOCK_PROFILE]ws_fb_notify_callback: val=1, blank=0
[   76.117990] (1)[341:recovery]gf_tee: [info] goodix_fb_state_chg_callback go to the goodix_fb_state_chg_callback value = 1
[   76.120534] (7)[262:kworker/u16:2]regulator_vibrator update_vibrator(171) :vibr_state = 0
[   76.154221] (3)[58:kworker/3:1]oppo_custome_sync_work is called
[   76.154277] (1)[341:recovery]oppo_custome_sync_work: file /dev/block/by-name/oppo_custom is no exit
[   76.184542] (1)[341:recovery][M4U] m4u_fb_notifier_callback 1, 9
[   76.184554] (1)[341:recovery][black_check]: black_fb_notifier_callback:event = 1 status:3
[   76.184561] (1)[341:recovery][bright_check]: bright_fb_notifier_callback:event = 1,status:3
[   76.184568] (1)[341:recovery][WAKELOCK_PROFILE]ws_fb_notify_callback: val=1, blank=0
[   76.184575] (1)[341:recovery]gf_tee: [info] goodix_fb_state_chg_callback go to the goodix_fb_state_chg_callback value = 1
[   76.185482] (1)[341:recovery]regulator_vibrator activate_store(258) :set activate duration = 1, 40
[   76.185502] (1)[341:recovery]regulator_vibrator vibrator_enable(198) :cancel hrtimer, cust:50-15000, dur:40, shutdown:0
[   76.185791] (7)[262:kworker/u16:2]regulator_vibrator update_vibrator(171) :vibr_state = 1
[   76.234620] (1)[341:recovery][M4U] m4u_fb_notifier_callback 1, 9
[   76.234634] (1)[341:recovery][black_check]: black_fb_notifier_callback:event = 1 status:3
[   76.234640] (1)[341:recovery][bright_check]: bright_fb_notifier_callback:event = 1,status:3
[   76.234647] (1)[341:recovery][WAKELOCK_PROFILE]ws_fb_notify_callback: val=1, blank=0
[   76.234655] (1)[341:recovery]gf_tee: [info] goodix_fb_state_chg_callback go to the goodix_fb_state_chg_callback value = 1
[   76.235769] (7)[262:kworker/u16:2]regulator_vibrator update_vibrator(171) :vibr_state = 0
[   76.250055] (0)[14:kworker/0:1]MTP, <do_monitor_work(), 2033> IN <1 0 0 0 1 0 0 0 0 >
[   76.250065] (0)[14:kworker/0:1]MTP, <do_monitor_work(), 2040> OUT <0 0 0 0 0 0 0 0 0 >
[   76.350956] (0)[341:recovery][M4U] m4u_fb_notifier_callback 1, 9
[   76.350964] (0)[341:recovery][black_check]: black_fb_notifier_callback:event = 1 status:3
[   76.350967] (0)[341:recovery][bright_check]: bright_fb_notifier_callback:event = 1,status:3
[   76.350971] (0)[341:recovery][WAKELOCK_PROFILE]ws_fb_notify_callback: val=1, blank=0
[   76.350975] (0)[341:recovery]gf_tee: [info] goodix_fb_state_chg_callback go to the goodix_fb_state_chg_callback value = 1
[   76.822620] (5)[647:usb ffs open]read descriptors
[   76.822676] (5)[647:usb ffs open]read strings
[   76.916341] -(0)[0:swapper/0][name:spm&]Power/swap CNT(soidle3): [0] = (0), [1] = (0), [2] = (0), [3] = (0), [4] = (0), [5] = (0), [6] = (0), [7] = (0), 
[   76.916355] -(0)[0:swapper/0][name:spm&]Power/swap soidle3_block_cnt: [BY_FRM] = 420, 
[   76.916367] -(0)[0:swapper/0][name:spm&]Power/swap soidle3_block_mask: 0x00000000, 0x00000000, 0x00000000, 0x00000000, 0x00000000, 0x00000000, idle_pll_block_mask: 0x00000000\x0a
[   77.178343] (3)[58:kworker/3:1]oppo_custome_sync_work is called
[   77.178418] (0)[14:kworker/0:1]oppo_custome_sync_work: file /dev/block/by-name/oppo_custom is no exit
[   77.274342] (0)[14:kworker/0:1]MTP, <do_monitor_work(), 2033> IN <1 0 0 0 1 0 0 0 0 >
[   77.274378] (0)[14:kworker/0:1]MTP, <do_monitor_work(), 2040> OUT <0 0 0 0 0 0 0 0 0 >
[   77.306572] (7)[262:kworker/u16:2][SCP] scp_ipi_send: SCP A not ready
[   77.306614] (7)[262:kworker/u16:2][sensorHub] scp_ipi_send fail
[   77.306905] (2)[56:kworker/2:1][sensorHub] scp_sensorHub_req_send fail!
[   77.334215] (4)[381:kworker/4:1H][msdc]msdc1 -> !!! Set<260KHz> Source<200000KHz> -> sclk<259KHz> timing<0> mode<0> div<193> hs400_div_dis<0>
[   77.335782] (4)[381:kworker/4:1H][msdc]msdc1 -> !!! Set<400KHz> Source<200000KHz> -> sclk<400KHz> timing<0> mode<0> div<125> hs400_div_dis<0>
[   77.383136] (5)[0:swapper/5][name:spm&]Power/swap DP: No enter --- SODI3: No enter --- SODI: No enter --- 
[   77.383196] (5)[0:swapper/5]mcdi cpu: 556, 586, 108, 392, 466, 504, 374, 398, cluster : 57, 358, pause = 78, multi core = 29, latency = 57, residency = 2, last core = 78, avail cpu = 00ff, cluster = 0003, enabled = 1, max_s_state = 5, system_idle_hint = 00000000
[   77.414936] (0)[341:recovery][M4U] m4u_fb_notifier_callback 1, 9
[   77.414947] (0)[341:recovery][black_check]: black_fb_notifier_callback:event = 1 status:3
[   77.414954] (0)[341:recovery][bright_check]: bright_fb_notifier_callback:event = 1,status:3
[   77.414961] (0)[341:recovery][WAKELOCK_PROFILE]ws_fb_notify_callback: val=1, blank=0
[   77.414969] (0)[341:recovery]gf_tee: [info] goodix_fb_state_chg_callback go to the goodix_fb_state_chg_callback value = 1
[   77.464845] (0)[341:recovery][M4U] m4u_fb_notifier_callback 1, 9
[   77.464857] (0)[341:recovery][black_check]: black_fb_notifier_callback:event = 1 status:3
[   77.464863] (0)[341:recovery][bright_check]: bright_fb_notifier_callback:event = 1,status:3
[   77.464870] (0)[341:recovery][WAKELOCK_PROFILE]ws_fb_notify_callback: val=1, blank=0
[   77.464879] (0)[341:recovery]gf_tee: [info] goodix_fb_state_chg_callback go to the goodix_fb_state_chg_callback value = 1
[   77.490248] (0)[341:recovery]regulator_vibrator activate_store(258) :set activate duration = 1, 40
[   77.490261] (0)[341:recovery]regulator_vibrator vibrator_enable(198) :cancel hrtimer, cust:50-15000, dur:40, shutdown:0
[   77.490334] (7)[262:kworker/u16:2]regulator_vibrator update_vibrator(171) :vibr_state = 1
[   77.540342] (7)[262:kworker/u16:2]regulator_vibrator update_vibrator(171) :vibr_state = 0
[   77.547957] (3)[341:recovery][M4U] m4u_fb_notifier_callback 1, 9
[   77.547963] (3)[341:recovery][black_check]: black_fb_notifier_callback:event = 1 status:3
[   77.547967] (3)[341:recovery][bright_check]: bright_fb_notifier_callback:event = 1,status:3
[   77.547970] (3)[341:recovery][WAKELOCK_PROFILE]ws_fb_notify_callback: val=1, blank=0
[   77.547974] (3)[341:recovery]gf_tee: [info] goodix_fb_state_chg_callback go to the goodix_fb_state_chg_callback value = 1
[   77.630701] (4)[381:kworker/4:1H][msdc]msdc1 -> !!! Set<50000KHz> Source<200000KHz> -> sclk<50000KHz> timing<2> mode<0> div<1> hs400_div_dis<0>
[   77.886423] (1)[647:usb ffs open]read descriptors
[   77.886445] (1)[647:usb ffs open]read strings
[   78.030664] (0)[341:recovery][M4U] m4u_fb_notifier_callback 1, 9
[   78.030677] (0)[341:recovery][black_check]: black_fb_notifier_callback:event = 1 status:3
[   78.030684] (0)[341:recovery][bright_check]: bright_fb_notifier_callback:event = 1,status:3
[   78.030691] (0)[341:recovery][WAKELOCK_PROFILE]ws_fb_notify_callback: val=1, blank=0
[   78.030698] (0)[341:recovery]gf_tee: [info] goodix_fb_state_chg_callback go to the goodix_fb_state_chg_callback value = 1
[   78.074130] (1)[313:kworker/1:3]last full = 0, full = 0
[   78.080840] (1)[55:kworker/1:1]get prop 105 is not supported in batt
[   78.082976] (4)[351:health@2.1-serv][OPLUS_CHG][oplus_ac_get_property]0 0 0 0 0 0 0 1 0 ac_online:0
[   78.083358] (4)[351:health@2.1-serv]bq2560x-charger 5-006b: bq2560x_charger_get_online: online = 0
[   78.083479] (4)[351:health@2.1-serv]healthd: battery l=50 v=3797 t=38.2 h=2 st=4 c=503 fc=0 chg=
[   78.085315] (4)[351:health@2.1-serv][OPLUS_CHG][oplus_ac_get_property]0 0 0 0 0 0 0 1 0 ac_online:0
[   78.085654] (4)[351:health@2.1-serv]bq2560x-charger 5-006b: bq2560x_charger_get_online: online = 0
[   78.085884] (1)[313:kworker/1:3][bq2560x]:bq2560x_dump_regs: [00]=0x7f  [01]=0x0a  [02]=0x85  [03]=0x33  [04]=0x88  [05]=0x87  [06]=0x55  [07]=0x49  [08]=0x01  [09]=0x00  [0a]=0x03  [0b]=0x14  
[   78.085945] (1)[313:kworker/1:3][OPLUS_CHG][oplus_chg_print_log] CHGR[ 0 / 0 / 18 / 3 / 2 ], BAT[ 1 / 0 / 0 / 0 / 1 / 0 ], GAUGE[ 382 / 3797 / 3795 / 513 / -1 / 50 / 50 / 50 / -1 / 0 / 0 / 0 / 0 / 0 / 0 / 0 / 0 / 0 / 0 / 0 / 0 / 0 /], STATUS[ 0x0 / 0 / 0 / 0 / 0 / 0x0 ], OTHER[ 1 / 1 / 7 / 2 / 0/ 0 / -2740]
[   78.087685] (4)[351:health@2.1-serv][OPLUS_CHG][oplus_ac_get_property]0 0 0 0 0 0 0 1 0 ac_online:0
[   78.088023] (4)[351:health@2.1-serv]bq2560x-charger 5-006b: bq2560x_charger_get_online: online = 0
[   78.088131] (4)[351:health@2.1-serv]healthd: battery l=50 v=3797 t=38.2 h=2 st=4 c=537 fc=0 chg=
[   78.089905] (4)[351:health@2.1-serv][OPLUS_CHG][oplus_ac_get_property]0 0 0 0 0 0 0 1 0 ac_online:0
[   78.090332] (4)[351:health@2.1-serv]bq2560x-charger 5-006b: bq2560x_charger_get_online: online = 0
[   78.202078] (3)[58:kworker/3:1]oppo_custome_sync_work is called
[   78.202131] (0)[341:recovery]oppo_custome_sync_work: file /dev/block/by-name/oppo_custom is no exit
[   78.279803] (0)[341:recovery][M4U] m4u_fb_notifier_callback 1, 9
[   78.279810] (0)[341:recovery][black_check]: black_fb_notifier_callback:event = 1 status:3
[   78.279814] (0)[341:recovery][bright_check]: bright_fb_notifier_callback:event = 1,status:3
[   78.279817] (0)[341:recovery][WAKELOCK_PROFILE]ws_fb_notify_callback: val=1, blank=0
[   78.279821] (0)[341:recovery]gf_tee: [info] goodix_fb_state_chg_callback go to the goodix_fb_state_chg_callback value = 1
[   78.297933] (0)[14:kworker/0:1]MTP, <do_monitor_work(), 2033> IN <1 0 0 0 1 0 0 0 0 >
[   78.297943] (0)[14:kworker/0:1]MTP, <do_monitor_work(), 2040> OUT <0 0 0 0 0 0 0 0 0 >
[   78.330426] (2)[56:kworker/2:1][Thermal/TZ/PMIC] [tsbuck1_raw_to_temp] 656, 390576, 1000000, -1863
[   78.330442] (2)[56:kworker/2:1][Thermal/TZ/PMIC] [tsbuck1_raw_to_temp] t_current=38456
[   78.330448] (2)[56:kworker/2:1][Thermal/TZ/PMIC] mt6357tsbuck1_get_hw_temp raw=656 T=38456
[   78.330453] (2)[56:kworker/2:1][Thermal/TZ/PMIC] mt6357tsbuck1_get_hw_temp pre_tsbuck1_temp1=38456
[   78.363046] (1)[341:recovery][M4U] m4u_fb_notifier_callback 1, 9
[   78.363059] (1)[341:recovery][black_check]: black_fb_notifier_callback:event = 1 status:3
[   78.363065] (1)[341:recovery][bright_check]: bright_fb_notifier_callback:event = 1,status:3
[   78.363072] (1)[341:recovery][WAKELOCK_PROFILE]ws_fb_notify_callback: val=1, blank=0
[   78.363080] (1)[341:recovery]gf_tee: [info] goodix_fb_state_chg_callback go to the goodix_fb_state_chg_callback value = 1
[   78.388175] (4)[421:irq/17-touchpan][TP]touchpanel: touchpanel: Touchpanel id 1 :Down[ 448 1083    5]
[   78.412748] (1)[341:recovery][M4U] m4u_fb_notifier_callback 1, 9
[   78.412755] (1)[341:recovery][black_check]: black_fb_notifier_callback:event = 1 status:3
[   78.412758] (1)[341:recovery][bright_check]: bright_fb_notifier_callback:event = 1,status:3
[   78.412762] (1)[341:recovery][WAKELOCK_PROFILE]ws_fb_notify_callback: val=1, blank=0
[   78.412766] (1)[341:recovery]gf_tee: [info] goodix_fb_state_chg_callback go to the goodix_fb_state_chg_callback value = 1
[   78.455390] (2)[1:init]init: starting service 'cryptoeng-1-0'...
[   78.462630] (1)[341:recovery][M4U] m4u_fb_notifier_callback 1, 9
[   78.462638] (1)[341:recovery][black_check]: black_fb_notifier_callback:event = 1 status:3
[   78.462641] (1)[341:recovery][bright_check]: bright_fb_notifier_callback:event = 1,status:3
[   78.462644] (1)[341:recovery][WAKELOCK_PROFILE]ws_fb_notify_callback: val=1, blank=0
[   78.462648] (1)[341:recovery]gf_tee: [info] goodix_fb_state_chg_callback go to the goodix_fb_state_chg_callback value = 1
[   78.464656] (0)[1:init]init: Service 'cryptoeng-1-0' (pid 736) exited with status 1
[   78.464695] (0)[1:init]init: Sending signal 9 to service 'cryptoeng-1-0' (pid 736) process group...
[   78.464840] (0)[1:init]libprocessgroup: Successfully killed process cgroup uid 0 pid 736 in 0ms
[   78.512498] (1)[341:recovery][M4U] m4u_fb_notifier_callback 1, 9
[   78.512506] (1)[341:recovery][black_check]: black_fb_notifier_callback:event = 1 status:3
[   78.512509] (1)[341:recovery][bright_check]: bright_fb_notifier_callback:event = 1,status:3
[   78.512513] (1)[341:recovery][WAKELOCK_PROFILE]ws_fb_notify_callback: val=1, blank=0
[   78.512517] (1)[341:recovery]gf_tee: [info] goodix_fb_state_chg_callback go to the goodix_fb_state_chg_callback value = 1
[   78.562669] (1)[341:recovery][M4U] m4u_fb_notifier_callback 1, 9
[   78.562708] (1)[341:recovery][black_check]: black_fb_notifier_callback:event = 1 status:3
[   78.562715] (1)[341:recovery][bright_check]: bright_fb_notifier_callback:event = 1,status:3
[   78.562722] (1)[341:recovery][WAKELOCK_PROFILE]ws_fb_notify_callback: val=1, blank=0
[   78.562730] (1)[341:recovery]gf_tee: [info] goodix_fb_state_chg_callback go to the goodix_fb_state_chg_callback value = 1
[   78.629208] (2)[341:recovery][M4U] m4u_fb_notifier_callback 1, 9
[   78.629220] (2)[341:recovery][black_check]: black_fb_notifier_callback:event = 1 status:3
[   78.629226] (2)[341:recovery][bright_check]: bright_fb_notifier_callback:event = 1,status:3
[   78.629233] (2)[341:recovery][WAKELOCK_PROFILE]ws_fb_notify_callback: val=1, blank=0
[   78.629241] (2)[341:recovery]gf_tee: [info] goodix_fb_state_chg_callback go to the goodix_fb_state_chg_callback value = 1
[   78.678959] (2)[341:recovery][M4U] m4u_fb_notifier_callback 1, 9
[   78.678984] (2)[341:recovery][black_check]: black_fb_notifier_callback:event = 1 status:3
[   78.678988] (2)[341:recovery][bright_check]: bright_fb_notifier_callback:event = 1,status:3
[   78.678991] (2)[341:recovery][WAKELOCK_PROFILE]ws_fb_notify_callback: val=1, blank=0
[   78.678995] (2)[341:recovery]gf_tee: [info] goodix_fb_state_chg_callback go to the goodix_fb_state_chg_callback value = 1
[   78.745412] (0)[341:recovery][M4U] m4u_fb_notifier_callback 1, 9
[   78.745419] (0)[341:recovery][black_check]: black_fb_notifier_callback:event = 1 status:3
[   78.745422] (0)[341:recovery][bright_check]: bright_fb_notifier_callback:event = 1,status:3
[   78.745425] (0)[341:recovery][WAKELOCK_PROFILE]ws_fb_notify_callback: val=1, blank=0
[   78.745429] (0)[341:recovery]gf_tee: [info] goodix_fb_state_chg_callback go to the goodix_fb_state_chg_callback value = 1
[   78.812261] (0)[341:recovery][M4U] m4u_fb_notifier_callback 1, 9
[   78.812274] (0)[341:recovery][black_check]: black_fb_notifier_callback:event = 1 status:3
[   78.812281] (0)[341:recovery][bright_check]: bright_fb_notifier_callback:event = 1,status:3
[   78.812288] (0)[341:recovery][WAKELOCK_PROFILE]ws_fb_notify_callback: val=1, blank=0
[   78.812296] (0)[341:recovery]gf_tee: [info] goodix_fb_state_chg_callback go to the goodix_fb_state_chg_callback value = 1
[   78.862022] (0)[341:recovery][M4U] m4u_fb_notifier_callback 1, 9
[   78.862030] (0)[341:recovery][black_check]: black_fb_notifier_callback:event = 1 status:3
[   78.862033] (0)[341:recovery][bright_check]: bright_fb_notifier_callback:event = 1,status:3
[   78.862037] (0)[341:recovery][WAKELOCK_PROFILE]ws_fb_notify_callback: val=1, blank=0
[   78.862041] (0)[341:recovery]gf_tee: [info] goodix_fb_state_chg_callback go to the goodix_fb_state_chg_callback value = 1
[   78.922795] (2)[647:usb ffs open]read descriptors
[   78.922814] (2)[647:usb ffs open]read strings
[   78.928620] (0)[341:recovery][M4U] m4u_fb_notifier_callback 1, 9
[   78.928632] (0)[341:recovery][black_check]: black_fb_notifier_callback:event = 1 status:3
[   78.928639] (0)[341:recovery][bright_check]: bright_fb_notifier_callback:event = 1,status:3
[   78.928646] (0)[341:recovery][WAKELOCK_PROFILE]ws_fb_notify_callback: val=1, blank=0
[   78.928654] (0)[341:recovery]gf_tee: [info] goodix_fb_state_chg_callback go to the goodix_fb_state_chg_callback value = 1
[   78.995077] (0)[341:recovery][M4U] m4u_fb_notifier_callback 1, 9
[   78.995084] (0)[341:recovery][black_check]: black_fb_notifier_callback:event = 1 status:3
[   78.995087] (0)[341:recovery][bright_check]: bright_fb_notifier_callback:event = 1,status:3
[   78.995091] (0)[341:recovery][WAKELOCK_PROFILE]ws_fb_notify_callback: val=1, blank=0
[   78.995096] (0)[341:recovery]gf_tee: [info] goodix_fb_state_chg_callback go to the goodix_fb_state_chg_callback value = 1
[   79.061695] (0)[341:recovery][M4U] m4u_fb_notifier_callback 1, 9
[   79.061708] (0)[341:recovery][black_check]: black_fb_notifier_callback:event = 1 status:3
[   79.061714] (0)[341:recovery][bright_check]: bright_fb_notifier_callback:event = 1,status:3
[   79.061721] (0)[341:recovery][WAKELOCK_PROFILE]ws_fb_notify_callback: val=1, blank=0
[   79.061729] (0)[341:recovery]gf_tee: [info] goodix_fb_state_chg_callback go to the goodix_fb_state_chg_callback value = 1
[   79.128110] (0)[341:recovery][M4U] m4u_fb_notifier_callback 1, 9
[   79.128117] (0)[341:recovery][black_check]: black_fb_notifier_callback:event = 1 status:3
[   79.128121] (0)[341:recovery][bright_check]: bright_fb_notifier_callback:event = 1,status:3
[   79.128124] (0)[341:recovery][WAKELOCK_PROFILE]ws_fb_notify_callback: val=1, blank=0
[   79.128129] (0)[341:recovery]gf_tee: [info] goodix_fb_state_chg_callback go to the goodix_fb_state_chg_callback value = 1
[   79.226092] (3)[58:kworker/3:1]oppo_custome_sync_work is called
[   79.226134] (0)[341:recovery]oppo_custome_sync_work: file /dev/block/by-name/oppo_custom is no exit
[   79.227762] (0)[341:recovery][M4U] m4u_fb_notifier_callback 1, 9
[   79.227772] (0)[341:recovery][black_check]: black_fb_notifier_callback:event = 1 status:3
[   79.227778] (0)[341:recovery][bright_check]: bright_fb_notifier_callback:event = 1,status:3
[   79.227785] (0)[341:recovery][WAKELOCK_PROFILE]ws_fb_notify_callback: val=1, blank=0
[   79.227793] (0)[341:recovery]gf_tee: [info] goodix_fb_state_chg_callback go to the goodix_fb_state_chg_callback value = 1
[   79.294186] (0)[341:recovery][M4U] m4u_fb_notifier_callback 1, 9
[   79.294193] (0)[341:recovery][black_check]: black_fb_notifier_callback:event = 1 status:3
[   79.294197] (0)[341:recovery][bright_check]: bright_fb_notifier_callback:event = 1,status:3
[   79.294210] (0)[341:recovery][WAKELOCK_PROFILE]ws_fb_notify_callback: val=1, blank=0
[   79.294215] (0)[341:recovery]gf_tee: [info] goodix_fb_state_chg_callback go to the goodix_fb_state_chg_callback value = 1
[   79.321992] (0)[14:kworker/0:1]MTP, <do_monitor_work(), 2033> IN <1 0 0 0 1 0 0 0 0 >
[   79.322012] (0)[14:kworker/0:1]MTP, <do_monitor_work(), 2040> OUT <0 0 0 0 0 0 0 0 0 >
[   79.354403] (2)[56:kworker/2:1][Thermal/TZ/PMIC] [tsbuck2_raw_to_temp] 656, 391649, 1000000, -1863
[   79.354409] (2)[56:kworker/2:1][Thermal/TZ/PMIC] [tsbuck2_raw_to_temp] t_current=39529
[   79.354411] (2)[56:kworker/2:1][Thermal/TZ/PMIC] mt6357tsbuck2_get_hw_temp raw=656 T=39529
[   79.354414] (2)[56:kworker/2:1][Thermal/TZ/PMIC] mt6357tsbuck2_get_hw_temp pre_tsbuck2_temp1=39529
[   79.360773] (0)[341:recovery][M4U] m4u_fb_notifier_callback 1, 9
[   79.360784] (0)[341:recovery][black_check]: black_fb_notifier_callback:event = 1 status:3
[   79.360790] (0)[341:recovery][bright_check]: bright_fb_notifier_callback:event = 1,status:3
[   79.360797] (0)[341:recovery][WAKELOCK_PROFILE]ws_fb_notify_callback: val=1, blank=0
[   79.360805] (0)[341:recovery]gf_tee: [info] goodix_fb_state_chg_callback go to the goodix_fb_state_chg_callback value = 1
[   79.427437] (0)[341:recovery][M4U] m4u_fb_notifier_callback 1, 9
[   79.427445] (0)[341:recovery][black_check]: black_fb_notifier_callback:event = 1 status:3
[   79.427449] (0)[341:recovery][bright_check]: bright_fb_notifier_callback:event = 1,status:3
[   79.427452] (0)[341:recovery][WAKELOCK_PROFILE]ws_fb_notify_callback: val=1, blank=0
[   79.427457] (0)[341:recovery]gf_tee: [info] goodix_fb_state_chg_callback go to the goodix_fb_state_chg_callback value = 1
[   79.493998] (0)[341:recovery][M4U] m4u_fb_notifier_callback 1, 9
[   79.494006] (0)[341:recovery][black_check]: black_fb_notifier_callback:event = 1 status:3
[   79.494010] (0)[341:recovery][bright_check]: bright_fb_notifier_callback:event = 1,status:3
[   79.494013] (0)[341:recovery][WAKELOCK_PROFILE]ws_fb_notify_callback: val=1, blank=0
[   79.494017] (0)[341:recovery]gf_tee: [info] goodix_fb_state_chg_callback go to the goodix_fb_state_chg_callback value = 1
[   79.709837] (0)[341:recovery][M4U] m4u_fb_notifier_callback 1, 9
[   79.709846] (0)[341:recovery][black_check]: black_fb_notifier_callback:event = 1 status:3
[   79.709849] (0)[341:recovery][bright_check]: bright_fb_notifier_callback:event = 1,status:3
[   79.709852] (0)[341:recovery][WAKELOCK_PROFILE]ws_fb_notify_callback: val=1, blank=0
[   79.709857] (0)[341:recovery]gf_tee: [info] goodix_fb_state_chg_callback go to the goodix_fb_state_chg_callback value = 1
[   79.853282] (5)[118:watchdogd]watchdog0, mtk wdt ping, wdd->status=8
[   79.978487] (2)[647:usb ffs open]read descriptors
[   79.978509] (2)[647:usb ffs open]read strings
[   80.250349] (3)[58:kworker/3:1]oppo_custome_sync_work is called
[   80.250436] (0)[14:kworker/0:1]oppo_custome_sync_work: file /dev/block/by-name/oppo_custom is no exit
[   80.346335] (0)[14:kworker/0:1]MTP, <do_monitor_work(), 2033> IN <1 0 0 0 1 0 0 0 0 >
[   80.346372] (0)[14:kworker/0:1]MTP, <do_monitor_work(), 2040> OUT <0 0 0 0 0 0 0 0 0 >
[   80.408401] (0)[341:recovery][M4U] m4u_fb_notifier_callback 1, 9
[   80.408424] (0)[341:recovery][black_check]: black_fb_notifier_callback:event = 1 status:3
[   80.408427] (0)[341:recovery][bright_check]: bright_fb_notifier_callback:event = 1,status:3
[   80.408431] (0)[341:recovery][WAKELOCK_PROFILE]ws_fb_notify_callback: val=1, blank=0
[   80.408435] (0)[341:recovery]gf_tee: [info] goodix_fb_state_chg_callback go to the goodix_fb_state_chg_callback value = 1
[   80.853481] (1)[341:recovery]regulator_vibrator activate_store(258) :set activate duration = 1, 40
[   80.853500] (1)[341:recovery]regulator_vibrator vibrator_enable(198) :cancel hrtimer, cust:50-15000, dur:40, shutdown:0
[   80.853718] (7)[262:kworker/u16:2]regulator_vibrator update_vibrator(171) :vibr_state = 1
[   80.890711] (5)[59:kworker/5:1][msdc]msdc power off
[   80.890772] (5)[59:kworker/5:1][msdc]msdc power off
[   80.903571] (4)[7:kworker/u16:0]regulator_vibrator update_vibrator(171) :vibr_state = 0
[   80.923970] (1)[341:recovery][M4U] m4u_fb_notifier_callback 1, 9
[   80.923977] (1)[341:recovery][black_check]: black_fb_notifier_callback:event = 1 status:3
[   80.923981] (1)[341:recovery][bright_check]: bright_fb_notifier_callback:event = 1,status:3
[   80.923984] (1)[341:recovery][WAKELOCK_PROFILE]ws_fb_notify_callback: val=1, blank=0
[   80.923988] (1)[341:recovery]gf_tee: [info] goodix_fb_state_chg_callback go to the goodix_fb_state_chg_callback value = 1
[   80.990865] (5)[421:irq/17-touchpan][TP]touchpanel: touchpanel: Touchpanel id 0 :Down[ 399 1321   14]
[   81.026820] (7)[647:usb ffs open]read descriptors
[   81.026874] (7)[647:usb ffs open]read strings
[   81.040196] (1)[341:recovery][M4U] m4u_fb_notifier_callback 1, 9
[   81.040204] (1)[341:recovery][black_check]: black_fb_notifier_callback:event = 1 status:3
[   81.040207] (1)[341:recovery][bright_check]: bright_fb_notifier_callback:event = 1,status:3
[   81.040210] (1)[341:recovery][WAKELOCK_PROFILE]ws_fb_notify_callback: val=1, blank=0
[   81.040215] (1)[341:recovery]gf_tee: [info] goodix_fb_state_chg_callback go to the goodix_fb_state_chg_callback value = 1
[   81.274059] (3)[58:kworker/3:1]oppo_custome_sync_work is called
[   81.274113] (0)[14:kworker/0:1]oppo_custome_sync_work: file /dev/block/by-name/oppo_custom is no exit
[   81.370053] (0)[14:kworker/0:1]MTP, <do_monitor_work(), 2033> IN <1 0 0 0 1 0 0 0 0 >
[   81.370065] (0)[14:kworker/0:1]MTP, <do_monitor_work(), 2040> OUT <0 0 0 0 0 0 0 0 0 >
[   81.639083] (0)[341:recovery][M4U] m4u_fb_notifier_callback 1, 9
[   81.639095] (0)[341:recovery][black_check]: black_fb_notifier_callback:event = 1 status:3
[   81.639102] (0)[341:recovery][bright_check]: bright_fb_notifier_callback:event = 1,status:3
[   81.639109] (0)[341:recovery][WAKELOCK_PROFILE]ws_fb_notify_callback: val=1, blank=0
[   81.639117] (0)[341:recovery]gf_tee: [info] goodix_fb_state_chg_callback go to the goodix_fb_state_chg_callback value = 1
[   81.640723] (3)[341:recovery]regulator_vibrator activate_store(258) :set activate duration = 1, 40
[   81.640742] (3)[341:recovery]regulator_vibrator vibrator_enable(198) :cancel hrtimer, cust:50-15000, dur:40, shutdown:0
[   81.640806] (6)[7:kworker/u16:0]regulator_vibrator update_vibrator(171) :vibr_state = 1
[   81.672564] (0)[341:recovery][M4U] m4u_fb_notifier_callback 1, 9
[   81.672577] (0)[341:recovery][black_check]: black_fb_notifier_callback:event = 1 status:3
[   81.672584] (0)[341:recovery][bright_check]: bright_fb_notifier_callback:event = 1,status:3
[   81.672591] (0)[341:recovery][WAKELOCK_PROFILE]ws_fb_notify_callback: val=1, blank=0
[   81.672598] (0)[341:recovery]gf_tee: [info] goodix_fb_state_chg_callback go to the goodix_fb_state_chg_callback value = 1
[   81.691401] (6)[7:kworker/u16:0]regulator_vibrator update_vibrator(171) :vibr_state = 0
[   81.705808] (3)[341:recovery][M4U] m4u_fb_notifier_callback 1, 9
[   81.705821] (3)[341:recovery][black_check]: black_fb_notifier_callback:event = 1 status:3
[   81.705827] (3)[341:recovery][bright_check]: bright_fb_notifier_callback:event = 1,status:3
[   81.705834] (3)[341:recovery][WAKELOCK_PROFILE]ws_fb_notify_callback: val=1, blank=0
[   81.705843] (3)[341:recovery]gf_tee: [info] goodix_fb_state_chg_callback go to the goodix_fb_state_chg_callback value = 1
[   81.984414] -(2)[0:swapper/2][thread:0] 2025-10-05 23:16:18.158724 UTC;android time 2025-10-05 23:16:18.158724
[   82.098580] (6)[647:usb ffs open]read descriptors
[   82.098637] (6)[647:usb ffs open]read strings
[   82.237769] (0)[341:recovery][M4U] m4u_fb_notifier_callback 1, 9
[   82.237781] (0)[341:recovery][black_check]: black_fb_notifier_callback:event = 1 status:3
[   82.237788] (0)[341:recovery][bright_check]: bright_fb_notifier_callback:event = 1,status:3
[   82.237795] (0)[341:recovery][WAKELOCK_PROFILE]ws_fb_notify_callback: val=1, blank=0
[   82.237803] (0)[341:recovery]gf_tee: [info] goodix_fb_state_chg_callback go to the goodix_fb_state_chg_callback value = 1
[   82.271032] (0)[341:recovery][M4U] m4u_fb_notifier_callback 1, 9
[   82.271044] (0)[341:recovery][black_check]: black_fb_notifier_callback:event = 1 status:3
[   82.271050] (0)[341:recovery][bright_check]: bright_fb_notifier_callback:event = 1,status:3
[   82.271057] (0)[341:recovery][WAKELOCK_PROFILE]ws_fb_notify_callback: val=1, blank=0
[   82.271065] (0)[341:recovery]gf_tee: [info] goodix_fb_state_chg_callback go to the goodix_fb_state_chg_callback value = 1
[   82.298051] (3)[58:kworker/3:1]oppo_custome_sync_work is called
[   82.298096] (1)[0:swapper/1]oppo_custome_sync_work: file /dev/block/by-name/oppo_custom is no exit
[   82.386007] (1)[0:swapper/1][name:spm&]Power/swap DP: No enter --- SODI3: No enter --- SODI: No enter --- 
[   82.386040] (1)[0:swapper/1]mcdi cpu: 544, 501, 177, 117, 467, 460, 393, 250, cluster : 41, 376, pause = 49, multi core = 20, latency = 60, residency = 2, last core = 49, avail cpu = 00ff, cluster = 0003, enabled = 1, max_s_state = 5, system_idle_hint = 00000000
[   82.393922] (0)[14:kworker/0:1]MTP, <do_monitor_work(), 2033> IN <1 0 0 0 1 0 0 0 0 >
[   82.393929] (0)[14:kworker/0:1]MTP, <do_monitor_work(), 2040> OUT <0 0 0 0 0 0 0 0 0 >
[   82.470696] (0)[341:recovery][M4U] m4u_fb_notifier_callback 1, 9
[   82.470709] (0)[341:recovery][black_check]: black_fb_notifier_callback:event = 1 status:3
[   82.470715] (0)[341:recovery][bright_check]: bright_fb_notifier_callback:event = 1,status:3
[   82.470722] (0)[341:recovery][WAKELOCK_PROFILE]ws_fb_notify_callback: val=1, blank=0
[   82.470730] (0)[341:recovery]gf_tee: [info] goodix_fb_state_chg_callback go to the goodix_fb_state_chg_callback value = 1
[   82.503821] (0)[341:recovery][M4U] m4u_fb_notifier_callback 1, 9
[   82.503833] (0)[341:recovery][black_check]: black_fb_notifier_callback:event = 1 status:3
[   82.503839] (0)[341:recovery][bright_check]: bright_fb_notifier_callback:event = 1,status:3
[   82.503846] (0)[341:recovery][WAKELOCK_PROFILE]ws_fb_notify_callback: val=1, blank=0
[   82.503854] (0)[341:recovery]gf_tee: [info] goodix_fb_state_chg_callback go to the goodix_fb_state_chg_callback value = 1
[   82.537094] (0)[341:recovery][M4U] m4u_fb_notifier_callback 1, 9
[   82.537106] (0)[341:recovery][black_check]: black_fb_notifier_callback:event = 1 status:3
[   82.537113] (0)[341:recovery][bright_check]: bright_fb_notifier_callback:event = 1,status:3
[   82.537120] (0)[341:recovery][WAKELOCK_PROFILE]ws_fb_notify_callback: val=1, blank=0
[   82.537149] (0)[341:recovery]gf_tee: [info] goodix_fb_state_chg_callback go to the goodix_fb_state_chg_callback value = 1
[   82.570262] (0)[341:recovery][M4U] m4u_fb_notifier_callback 1, 9
[   82.570270] (0)[341:recovery][black_check]: black_fb_notifier_callback:event = 1 status:3
[   82.570273] (0)[341:recovery][bright_check]: bright_fb_notifier_callback:event = 1,status:3
[   82.570277] (0)[341:recovery][WAKELOCK_PROFILE]ws_fb_notify_callback: val=1, blank=0
[   82.570281] (0)[341:recovery]gf_tee: [info] goodix_fb_state_chg_callback go to the goodix_fb_state_chg_callback value = 1
[   82.603529] (0)[341:recovery][M4U] m4u_fb_notifier_callback 1, 9
[   82.603537] (0)[341:recovery][black_check]: black_fb_notifier_callback:event = 1 status:3
[   82.603540] (0)[341:recovery][bright_check]: bright_fb_notifier_callback:event = 1,status:3
[   82.603544] (0)[341:recovery][WAKELOCK_PROFILE]ws_fb_notify_callback: val=1, blank=0
[   82.603549] (0)[341:recovery]gf_tee: [info] goodix_fb_state_chg_callback go to the goodix_fb_state_chg_callback value = 1
[   82.636799] (0)[341:recovery][M4U] m4u_fb_notifier_callback 1, 9
[   82.636807] (0)[341:recovery][black_check]: black_fb_notifier_callback:event = 1 status:3
[   82.636810] (0)[341:recovery][bright_check]: bright_fb_notifier_callback:event = 1,status:3
[   82.636814] (0)[341:recovery][WAKELOCK_PROFILE]ws_fb_notify_callback: val=1, blank=0
[   82.636818] (0)[341:recovery]gf_tee: [info] goodix_fb_state_chg_callback go to the goodix_fb_state_chg_callback value = 1
[   82.670116] (0)[341:recovery][M4U] m4u_fb_notifier_callback 1, 9
[   82.670128] (0)[341:recovery][black_check]: black_fb_notifier_callback:event = 1 status:3
[   82.670135] (0)[341:recovery][bright_check]: bright_fb_notifier_callback:event = 1,status:3
[   82.670142] (0)[341:recovery][WAKELOCK_PROFILE]ws_fb_notify_callback: val=1, blank=0
[   82.670150] (0)[341:recovery]gf_tee: [info] goodix_fb_state_chg_callback go to the goodix_fb_state_chg_callback value = 1
[   82.703302] (0)[341:recovery][M4U] m4u_fb_notifier_callback 1, 9
[   82.703310] (0)[341:recovery][black_check]: black_fb_notifier_callback:event = 1 status:3
[   82.703313] (0)[341:recovery][bright_check]: bright_fb_notifier_callback:event = 1,status:3
[   82.703317] (0)[341:recovery][WAKELOCK_PROFILE]ws_fb_notify_callback: val=1, blank=0
[   82.703321] (0)[341:recovery]gf_tee: [info] goodix_fb_state_chg_callback go to the goodix_fb_state_chg_callback value = 1
[   82.736610] (0)[341:recovery][M4U] m4u_fb_notifier_callback 1, 9
[   82.736618] (0)[341:recovery][black_check]: black_fb_notifier_callback:event = 1 status:3
[   82.736621] (0)[341:recovery][bright_check]: bright_fb_notifier_callback:event = 1,status:3
[   82.736625] (0)[341:recovery][WAKELOCK_PROFILE]ws_fb_notify_callback: val=1, blank=0
[   82.736629] (0)[341:recovery]gf_tee: [info] goodix_fb_state_chg_callback go to the goodix_fb_state_chg_callback value = 1
[   82.769868] (0)[341:recovery][M4U] m4u_fb_notifier_callback 1, 9
[   82.769876] (0)[341:recovery][black_check]: black_fb_notifier_callback:event = 1 status:3
[   82.769879] (0)[341:recovery][bright_check]: bright_fb_notifier_callback:event = 1,status:3
[   82.769883] (0)[341:recovery][WAKELOCK_PROFILE]ws_fb_notify_callback: val=1, blank=0
[   82.769888] (0)[341:recovery]gf_tee: [info] goodix_fb_state_chg_callback go to the goodix_fb_state_chg_callback value = 1
[   82.803138] (0)[341:recovery][M4U] m4u_fb_notifier_callback 1, 9
[   82.803150] (0)[341:recovery][black_check]: black_fb_notifier_callback:event = 1 status:3
[   82.803157] (0)[341:recovery][bright_check]: bright_fb_notifier_callback:event = 1,status:3
[   82.803164] (0)[341:recovery][WAKELOCK_PROFILE]ws_fb_notify_callback: val=1, blank=0
[   82.803172] (0)[341:recovery]gf_tee: [info] goodix_fb_state_chg_callback go to the goodix_fb_state_chg_callback value = 1
[   82.836372] (0)[341:recovery][M4U] m4u_fb_notifier_callback 1, 9
[   82.836380] (0)[341:recovery][black_check]: black_fb_notifier_callback:event = 1 status:3
[   82.836383] (0)[341:recovery][bright_check]: bright_fb_notifier_callback:event = 1,status:3
[   82.836387] (0)[341:recovery][WAKELOCK_PROFILE]ws_fb_notify_callback: val=1, blank=0
[   82.836391] (0)[341:recovery]gf_tee: [info] goodix_fb_state_chg_callback go to the goodix_fb_state_chg_callback value = 1
[   82.869636] (0)[341:recovery][M4U] m4u_fb_notifier_callback 1, 9
[   82.869644] (0)[341:recovery][black_check]: black_fb_notifier_callback:event = 1 status:3
[   82.869647] (0)[341:recovery][bright_check]: bright_fb_notifier_callback:event = 1,status:3
[   82.869651] (0)[341:recovery][WAKELOCK_PROFILE]ws_fb_notify_callback: val=1, blank=0
[   82.869655] (0)[341:recovery]gf_tee: [info] goodix_fb_state_chg_callback go to the goodix_fb_state_chg_callback value = 1
[   82.902855] (0)[341:recovery][M4U] m4u_fb_notifier_callback 1, 9
[   82.902867] (0)[341:recovery][black_check]: black_fb_notifier_callback:event = 1 status:3
[   82.902873] (0)[341:recovery][bright_check]: bright_fb_notifier_callback:event = 1,status:3
[   82.902880] (0)[341:recovery][WAKELOCK_PROFILE]ws_fb_notify_callback: val=1, blank=0
[   82.902887] (0)[341:recovery]gf_tee: [info] goodix_fb_state_chg_callback go to the goodix_fb_state_chg_callback value = 1
[   82.936206] (0)[341:recovery][M4U] m4u_fb_notifier_callback 1, 9
[   82.936244] (0)[341:recovery][black_check]: black_fb_notifier_callback:event = 1 status:3
[   82.936251] (0)[341:recovery][bright_check]: bright_fb_notifier_callback:event = 1,status:3
[   82.936258] (0)[341:recovery][WAKELOCK_PROFILE]ws_fb_notify_callback: val=1, blank=0
[   82.936266] (0)[341:recovery]gf_tee: [info] goodix_fb_state_chg_callback go to the goodix_fb_state_chg_callback value = 1
[   82.969415] (0)[341:recovery][M4U] m4u_fb_notifier_callback 1, 9
[   82.969442] (0)[341:recovery][black_check]: black_fb_notifier_callback:event = 1 status:3
[   82.969446] (0)[341:recovery][bright_check]: bright_fb_notifier_callback:event = 1,status:3
[   82.969450] (0)[341:recovery][WAKELOCK_PROFILE]ws_fb_notify_callback: val=1, blank=0
[   82.969454] (0)[341:recovery]gf_tee: [info] goodix_fb_state_chg_callback go to the goodix_fb_state_chg_callback value = 1
[   83.002631] (0)[341:recovery][M4U] m4u_fb_notifier_callback 1, 9
[   83.002639] (0)[341:recovery][black_check]: black_fb_notifier_callback:event = 1 status:3
[   83.002643] (0)[341:recovery][bright_check]: bright_fb_notifier_callback:event = 1,status:3
[   83.002646] (0)[341:recovery][WAKELOCK_PROFILE]ws_fb_notify_callback: val=1, blank=0
[   83.002651] (0)[341:recovery]gf_tee: [info] goodix_fb_state_chg_callback go to the goodix_fb_state_chg_callback value = 1
[   83.003051] (0)[341:recovery]regulator_vibrator activate_store(258) :set activate duration = 1, 40
[   83.003068] (0)[341:recovery]regulator_vibrator vibrator_enable(198) :cancel hrtimer, cust:50-15000, dur:40, shutdown:0
[   83.003369] (4)[7:kworker/u16:0]regulator_vibrator update_vibrator(171) :vibr_state = 1
[   83.035926] (2)[341:recovery][M4U] m4u_fb_notifier_callback 1, 9
[   83.035934] (2)[341:recovery][black_check]: black_fb_notifier_callback:event = 1 status:3
[   83.035938] (2)[341:recovery][bright_check]: bright_fb_notifier_callback:event = 1,status:3
[   83.035943] (2)[341:recovery][WAKELOCK_PROFILE]ws_fb_notify_callback: val=1, blank=0
[   83.035948] (2)[341:recovery]gf_tee: [info] goodix_fb_state_chg_callback go to the goodix_fb_state_chg_callback value = 1
[   83.053300] (4)[7:kworker/u16:0]regulator_vibrator update_vibrator(171) :vibr_state = 0
[   83.069321] (2)[341:recovery][M4U] m4u_fb_notifier_callback 1, 9
[   83.069330] (2)[341:recovery][black_check]: black_fb_notifier_callback:event = 1 status:3
[   83.069333] (2)[341:recovery][bright_check]: bright_fb_notifier_callback:event = 1,status:3
[   83.069337] (2)[341:recovery][WAKELOCK_PROFILE]ws_fb_notify_callback: val=1, blank=0
[   83.069341] (2)[341:recovery]gf_tee: [info] goodix_fb_state_chg_callback go to the goodix_fb_state_chg_callback value = 1
[   83.102496] (2)[341:recovery][M4U] m4u_fb_notifier_callback 1, 9
[   83.102505] (2)[341:recovery][black_check]: black_fb_notifier_callback:event = 1 status:3
[   83.102508] (2)[341:recovery][bright_check]: bright_fb_notifier_callback:event = 1,status:3
[   83.102511] (2)[341:recovery][WAKELOCK_PROFILE]ws_fb_notify_callback: val=1, blank=0
[   83.102515] (2)[341:recovery]gf_tee: [info] goodix_fb_state_chg_callback go to the goodix_fb_state_chg_callback value = 1
[   83.143307] (6)[647:usb ffs open]read descriptors
[   83.143341] (6)[647:usb ffs open]read strings
[   83.152540] (2)[341:recovery][M4U] m4u_fb_notifier_callback 1, 9
[   83.152553] (2)[341:recovery][black_check]: black_fb_notifier_callback:event = 1 status:3
[   83.152560] (2)[341:recovery][bright_check]: bright_fb_notifier_callback:event = 1,status:3
[   83.152567] (2)[341:recovery][WAKELOCK_PROFILE]ws_fb_notify_callback: val=1, blank=0
[   83.152575] (2)[341:recovery]gf_tee: [info] goodix_fb_state_chg_callback go to the goodix_fb_state_chg_callback value = 1
[   83.194555] -(2)[0:swapper/2][name:spm&]Power/swap CNT(dpidle): [0] = (0), [1] = (0), [2] = (0), [3] = (0), [4] = (0), [5] = (0), [6] = (0), [7] = (0), 
[   83.194568] -(2)[0:swapper/2][name:spm&]Power/swap dpidle_block_cnt: [BY_FRM] = 433, 
[   83.194581] -(2)[0:swapper/2][name:spm&]Power/swap dpidle_block_mask: 0x00000000, 0x00000000, 0x00000000, 0x00000000, 0x00000000, 0x00000000, idle_pll_block_mask: 0x00000000\x0a
[   83.202497] (0)[341:recovery][M4U] m4u_fb_notifier_callback 1, 9
[   83.202510] (0)[341:recovery][black_check]: black_fb_notifier_callback:event = 1 status:3
[   83.202517] (0)[341:recovery][bright_check]: bright_fb_notifier_callback:event = 1,status:3
[   83.202523] (0)[341:recovery][WAKELOCK_PROFILE]ws_fb_notify_callback: val=1, blank=0
[   83.202531] (0)[341:recovery]gf_tee: [info] goodix_fb_state_chg_callback go to the goodix_fb_state_chg_callback value = 1
[   83.252258] (0)[341:recovery][M4U] m4u_fb_notifier_callback 1, 9
[   83.252267] (0)[341:recovery][black_check]: black_fb_notifier_callback:event = 1 status:3
[   83.252270] (0)[341:recovery][bright_check]: bright_fb_notifier_callback:event = 1,status:3
[   83.252274] (0)[341:recovery][WAKELOCK_PROFILE]ws_fb_notify_callback: val=1, blank=0
[   83.252278] (0)[341:recovery]gf_tee: [info] goodix_fb_state_chg_callback go to the goodix_fb_state_chg_callback value = 1
[   83.302142] (0)[341:recovery][M4U] m4u_fb_notifier_callback 1, 9
[   83.302151] (0)[341:recovery][black_check]: black_fb_notifier_callback:event = 1 status:3
[   83.302154] (0)[341:recovery][bright_check]: bright_fb_notifier_callback:event = 1,status:3
[   83.302157] (0)[341:recovery][WAKELOCK_PROFILE]ws_fb_notify_callback: val=1, blank=0
[   83.302162] (0)[341:recovery]gf_tee: [info] goodix_fb_state_chg_callback go to the goodix_fb_state_chg_callback value = 1
[   83.322118] (3)[58:kworker/3:1]oppo_custome_sync_work is called
[   83.322172] (0)[341:recovery]oppo_custome_sync_work: file /dev/block/by-name/oppo_custom is no exit
[   83.352048] (0)[341:recovery][M4U] m4u_fb_notifier_callback 1, 9
[   83.352061] (0)[341:recovery][black_check]: black_fb_notifier_callback:event = 1 status:3
[   83.352067] (0)[341:recovery][bright_check]: bright_fb_notifier_callback:event = 1,status:3
[   83.352073] (0)[341:recovery][WAKELOCK_PROFILE]ws_fb_notify_callback: val=1, blank=0
[   83.352081] (0)[341:recovery]gf_tee: [info] goodix_fb_state_chg_callback go to the goodix_fb_state_chg_callback value = 1
[   83.401989] (0)[341:recovery][M4U] m4u_fb_notifier_callback 1, 9
[   83.401997] (0)[341:recovery][black_check]: black_fb_notifier_callback:event = 1 status:3
[   83.402001] (0)[341:recovery][bright_check]: bright_fb_notifier_callback:event = 1,status:3
[   83.402004] (0)[341:recovery][WAKELOCK_PROFILE]ws_fb_notify_callback: val=1, blank=0
[   83.402008] (0)[341:recovery]gf_tee: [info] goodix_fb_state_chg_callback go to the goodix_fb_state_chg_callback value = 1
[   83.418006] (0)[14:kworker/0:1]MTP, <do_monitor_work(), 2033> IN <1 0 0 0 1 0 0 0 0 >
[   83.418025] (0)[14:kworker/0:1]MTP, <do_monitor_work(), 2040> OUT <0 0 0 0 0 0 0 0 0 >
[   83.450611] (2)[56:kworker/2:1][Thermal/TZ/PMIC] [tsbuck1_raw_to_temp] 656, 390576, 1000000, -1863
[   83.450615] (2)[56:kworker/2:1][Thermal/TZ/PMIC] [tsbuck1_raw_to_temp] t_current=38456
[   83.450618] (2)[56:kworker/2:1][Thermal/TZ/PMIC] mt6357tsbuck1_get_hw_temp raw=656 T=38456
[   83.450621] (2)[56:kworker/2:1][Thermal/TZ/PMIC] mt6357tsbuck1_get_hw_temp pre_tsbuck1_temp1=38456
[   83.451915] (0)[341:recovery][M4U] m4u_fb_notifier_callback 1, 9
[   83.451928] (0)[341:recovery][black_check]: black_fb_notifier_callback:event = 1 status:3
[   83.451935] (0)[341:recovery][bright_check]: bright_fb_notifier_callback:event = 1,status:3
[   83.451942] (0)[341:recovery][WAKELOCK_PROFILE]ws_fb_notify_callback: val=1, blank=0
[   83.451950] (0)[341:recovery]gf_tee: [info] goodix_fb_state_chg_callback go to the goodix_fb_state_chg_callback value = 1
[   83.458192] (5)[1:init]init: starting service 'cryptoeng-1-0'...
[   83.470601] (6)[1:init]init: Service 'cryptoeng-1-0' (pid 745) exited with status 1
[   83.470724] (6)[1:init]init: Sending signal 9 to service 'cryptoeng-1-0' (pid 745) process group...
[   83.471113] (6)[1:init]libprocessgroup: Successfully killed process cgroup uid 0 pid 745 in 0ms
[   83.501743] (0)[341:recovery][M4U] m4u_fb_notifier_callback 1, 9
[   83.501756] (0)[341:recovery][black_check]: black_fb_notifier_callback:event = 1 status:3
[   83.501762] (0)[341:recovery][bright_check]: bright_fb_notifier_callback:event = 1,status:3
[   83.501770] (0)[341:recovery][WAKELOCK_PROFILE]ws_fb_notify_callback: val=1, blank=0
[   83.501777] (0)[341:recovery]gf_tee: [info] goodix_fb_state_chg_callback go to the goodix_fb_state_chg_callback value = 1
[   83.551694] (0)[341:recovery][M4U] m4u_fb_notifier_callback 1, 9
[   83.551707] (0)[341:recovery][black_check]: black_fb_notifier_callback:event = 1 status:3
[   83.551714] (0)[341:recovery][bright_check]: bright_fb_notifier_callback:event = 1,status:3
[   83.551721] (0)[341:recovery][WAKELOCK_PROFILE]ws_fb_notify_callback: val=1, blank=0
[   83.551729] (0)[341:recovery]gf_tee: [info] goodix_fb_state_chg_callback go to the goodix_fb_state_chg_callback value = 1
[   83.601584] (0)[341:recovery][M4U] m4u_fb_notifier_callback 1, 9
[   83.601597] (0)[341:recovery][black_check]: black_fb_notifier_callback:event = 1 status:3
[   83.601604] (0)[341:recovery][bright_check]: bright_fb_notifier_callback:event = 1,status:3
[   83.601611] (0)[341:recovery][WAKELOCK_PROFILE]ws_fb_notify_callback: val=1, blank=0
[   83.601619] (0)[341:recovery]gf_tee: [info] goodix_fb_state_chg_callback go to the goodix_fb_state_chg_callback value = 1
[   83.651390] (0)[341:recovery][M4U] m4u_fb_notifier_callback 1, 9
[   83.651397] (0)[341:recovery][black_check]: black_fb_notifier_callback:event = 1 status:3
[   83.651400] (0)[341:recovery][bright_check]: bright_fb_notifier_callback:event = 1,status:3
[   83.651404] (0)[341:recovery][WAKELOCK_PROFILE]ws_fb_notify_callback: val=1, blank=0
[   83.651408] (0)[341:recovery]gf_tee: [info] goodix_fb_state_chg_callback go to the goodix_fb_state_chg_callback value = 1
[   83.701260] (0)[341:recovery][M4U] m4u_fb_notifier_callback 1, 9
[   83.701268] (0)[341:recovery][black_check]: black_fb_notifier_callback:event = 1 status:3
[   83.701272] (0)[341:recovery][bright_check]: bright_fb_notifier_callback:event = 1,status:3
[   83.701275] (0)[341:recovery][WAKELOCK_PROFILE]ws_fb_notify_callback: val=1, blank=0
[   83.701280] (0)[341:recovery]gf_tee: [info] goodix_fb_state_chg_callback go to the goodix_fb_state_chg_callback value = 1
[   83.751148] (0)[341:recovery][M4U] m4u_fb_notifier_callback 1, 9
[   83.751158] (0)[341:recovery][black_check]: black_fb_notifier_callback:event = 1 status:3
[   83.751164] (0)[341:recovery][bright_check]: bright_fb_notifier_callback:event = 1,status:3
[   83.751170] (0)[341:recovery][WAKELOCK_PROFILE]ws_fb_notify_callback: val=1, blank=0
[   83.751177] (0)[341:recovery]gf_tee: [info] goodix_fb_state_chg_callback go to the goodix_fb_state_chg_callback value = 1
[   83.801040] (0)[341:recovery][M4U] m4u_fb_notifier_callback 1, 9
[   83.801047] (0)[341:recovery][black_check]: black_fb_notifier_callback:event = 1 status:3
[   83.801051] (0)[341:recovery][bright_check]: bright_fb_notifier_callback:event = 1,status:3
[   83.801054] (0)[341:recovery][WAKELOCK_PROFILE]ws_fb_notify_callback: val=1, blank=0
[   83.801059] (0)[341:recovery]gf_tee: [info] goodix_fb_state_chg_callback go to the goodix_fb_state_chg_callback value = 1
[   83.850779] (0)[341:recovery][M4U] m4u_fb_notifier_callback 1, 9
[   83.850787] (0)[341:recovery][black_check]: black_fb_notifier_callback:event = 1 status:3
[   83.850790] (0)[341:recovery][bright_check]: bright_fb_notifier_callback:event = 1,status:3
[   83.850793] (0)[341:recovery][WAKELOCK_PROFILE]ws_fb_notify_callback: val=1, blank=0
[   83.850797] (0)[341:recovery]gf_tee: [info] goodix_fb_state_chg_callback go to the goodix_fb_state_chg_callback value = 1
[   83.851135] (0)[341:recovery]regulator_vibrator activate_store(258) :set activate duration = 1, 40
[   83.851143] (0)[341:recovery]regulator_vibrator vibrator_enable(198) :cancel hrtimer, cust:50-15000, dur:40, shutdown:0
[   83.851692] (4)[7:kworker/u16:0]regulator_vibrator update_vibrator(171) :vibr_state = 1
[   83.900761] (2)[341:recovery][M4U] m4u_fb_notifier_callback 1, 9
[   83.900773] (2)[341:recovery][black_check]: black_fb_notifier_callback:event = 1 status:3
[   83.900779] (2)[341:recovery][bright_check]: bright_fb_notifier_callback:event = 1,status:3
[   83.900786] (2)[341:recovery][WAKELOCK_PROFILE]ws_fb_notify_callback: val=1, blank=0
[   83.900794] (2)[341:recovery]gf_tee: [info] goodix_fb_state_chg_callback go to the goodix_fb_state_chg_callback value = 1
[   83.901813] (4)[7:kworker/u16:0]regulator_vibrator update_vibrator(171) :vibr_state = 0
[   83.950597] (2)[341:recovery][M4U] m4u_fb_notifier_callback 1, 9
[   83.950610] (2)[341:recovery][black_check]: black_fb_notifier_callback:event = 1 status:3
[   83.950617] (2)[341:recovery][bright_check]: bright_fb_notifier_callback:event = 1,status:3
[   83.950623] (2)[341:recovery][WAKELOCK_PROFILE]ws_fb_notify_callback: val=1, blank=0
[   83.950631] (2)[341:recovery]gf_tee: [info] goodix_fb_state_chg_callback go to the goodix_fb_state_chg_callback value = 1
[   83.962117] (1)[313:kworker/1:3]last full = 0, full = 0
[   83.970613] (1)[55:kworker/1:1]get prop 105 is not supported in batt
[   83.970830] (4)[351:health@2.1-serv][OPLUS_CHG][oplus_ac_get_property]0 0 0 0 0 0 0 1 0 ac_online:0
[   83.971230] (4)[351:health@2.1-serv]bq2560x-charger 5-006b: bq2560x_charger_get_online: online = 0
[   83.971354] (4)[351:health@2.1-serv]healthd: battery l=50 v=3797 t=38.2 h=2 st=4 c=500 fc=0 chg=
[   83.973179] (4)[351:health@2.1-serv][OPLUS_CHG][oplus_ac_get_property]0 0 0 0 0 0 0 1 0 ac_online:0
[   83.973537] (4)[351:health@2.1-serv]bq2560x-charger 5-006b: bq2560x_charger_get_online: online = 0
[   83.974086] (1)[313:kworker/1:3][bq2560x]:bq2560x_dump_regs: [00]=0x7f  [01]=0x0a  [02]=0x85  [03]=0x33  [04]=0x88  [05]=0x87  [06]=0x55  [07]=0x49  [08]=0x01  [09]=0x00  [0a]=0x03  [0b]=0x14  
[   83.974114] (1)[313:kworker/1:3][OPLUS_CHG][oplus_chg_print_log] CHGR[ 0 / 0 / 9 / 3 / 2 ], BAT[ 1 / 0 / 0 / 0 / 1 / 0 ], GAUGE[ 382 / 3797 / 3798 / 496 / -1 / 50 / 50 / 50 / -1 / 0 / 0 / 0 / 0 / 0 / 0 / 0 / 0 / 0 / 0 / 0 / 0 / 0 /], STATUS[ 0x0 / 0 / 0 / 0 / 0 / 0x0 ], OTHER[ 1 / 1 / 7 / 2 / 0/ 0 / -2740]
[   83.975556] (4)[351:health@2.1-serv][OPLUS_CHG][oplus_ac_get_property]0 0 0 0 0 0 0 1 0 ac_online:0
[   83.975890] (4)[351:health@2.1-serv]bq2560x-charger 5-006b: bq2560x_charger_get_online: online = 0
[   83.975994] (4)[351:health@2.1-serv]healthd: battery l=50 v=3797 t=38.2 h=2 st=4 c=487 fc=0 chg=
[   83.977693] (4)[351:health@2.1-serv][OPLUS_CHG][oplus_ac_get_property]0 0 0 0 0 0 0 1 0 ac_online:0
[   83.978015] (4)[351:health@2.1-serv]bq2560x-charger 5-006b: bq2560x_charger_get_online: online = 0
[   84.000555] (0)[341:recovery][M4U] m4u_fb_notifier_callback 1, 9
[   84.000563] (0)[341:recovery][black_check]: black_fb_notifier_callback:event = 1 status:3
[   84.000566] (0)[341:recovery][bright_check]: bright_fb_notifier_callback:event = 1,status:3
[   84.000569] (0)[341:recovery][WAKELOCK_PROFILE]ws_fb_notify_callback: val=1, blank=0
[   84.000573] (0)[341:recovery]gf_tee: [info] goodix_fb_state_chg_callback go to the goodix_fb_state_chg_callback value = 1
[   84.050481] (0)[341:recovery][M4U] m4u_fb_notifier_callback 1, 9
[   84.050490] (0)[341:recovery][black_check]: black_fb_notifier_callback:event = 1 status:3
[   84.050493] (0)[341:recovery][bright_check]: bright_fb_notifier_callback:event = 1,status:3
[   84.050496] (0)[341:recovery][WAKELOCK_PROFILE]ws_fb_notify_callback: val=1, blank=0
[   84.050500] (0)[341:recovery]gf_tee: [info] goodix_fb_state_chg_callback go to the goodix_fb_state_chg_callback value = 1
[   84.202401] (2)[647:usb ffs open]read descriptors
[   84.202425] (2)[647:usb ffs open]read strings
[   84.346079] (3)[58:kworker/3:1]oppo_custome_sync_work is called
[   84.346131] (0)[341:recovery]oppo_custome_sync_work: file /dev/block/by-name/oppo_custom is no exit
[   84.400004] (0)[341:recovery][M4U] m4u_fb_notifier_callback 1, 9
[   84.400017] (0)[341:recovery][black_check]: black_fb_notifier_callback:event = 1 status:3
[   84.400023] (0)[341:recovery][bright_check]: bright_fb_notifier_callback:event = 1,status:3
[   84.400030] (0)[341:recovery][WAKELOCK_PROFILE]ws_fb_notify_callback: val=1, blank=0
[   84.400038] (0)[341:recovery]gf_tee: [info] goodix_fb_state_chg_callback go to the goodix_fb_state_chg_callback value = 1
[   84.441926] (0)[14:kworker/0:1]MTP, <do_monitor_work(), 2033> IN <1 0 0 0 1 0 0 0 0 >
[   84.441937] (0)[14:kworker/0:1]MTP, <do_monitor_work(), 2040> OUT <0 0 0 0 0 0 0 0 0 >
[   84.474492] (2)[56:kworker/2:1][Thermal/TZ/PMIC] [tsbuck2_raw_to_temp] 656, 391649, 1000000, -1863
[   84.474501] (2)[56:kworker/2:1][Thermal/TZ/PMIC] [tsbuck2_raw_to_temp] t_current=39529
[   84.474506] (2)[56:kworker/2:1][Thermal/TZ/PMIC] mt6357tsbuck2_get_hw_temp raw=656 T=39529
[   84.474511] (2)[56:kworker/2:1][Thermal/TZ/PMIC] mt6357tsbuck2_get_hw_temp pre_tsbuck2_temp1=39529
[   84.648871] (0)[341:recovery][M4U] m4u_fb_notifier_callback 1, 9
[   84.648879] (0)[341:recovery][black_check]: black_fb_notifier_callback:event = 1 status:3
[   84.648882] (0)[341:recovery][bright_check]: bright_fb_notifier_callback:event = 1,status:3
[   84.648885] (0)[341:recovery][WAKELOCK_PROFILE]ws_fb_notify_callback: val=1, blank=0
[   84.648890] (0)[341:recovery]gf_tee: [info] goodix_fb_state_chg_callback go to the goodix_fb_state_chg_callback value = 1
[   84.698811] (0)[341:recovery][M4U] m4u_fb_notifier_callback 1, 9
[   84.698824] (0)[341:recovery][black_check]: black_fb_notifier_callback:event = 1 status:3
[   84.698831] (0)[341:recovery][bright_check]: bright_fb_notifier_callback:event = 1,status:3
[   84.698838] (0)[341:recovery][WAKELOCK_PROFILE]ws_fb_notify_callback: val=1, blank=0
[   84.698845] (0)[341:recovery]gf_tee: [info] goodix_fb_state_chg_callback go to the goodix_fb_state_chg_callback value = 1
[   84.707356] (6)[421:irq/17-touchpan][TP]touchpanel: touchpanel: Touchpanel id 0 :Down[ 444 1157   15]
[   84.748738] (0)[341:recovery][M4U] m4u_fb_notifier_callback 1, 9
[   84.748760] (0)[341:recovery][black_check]: black_fb_notifier_callback:event = 1 status:3
[   84.748764] (0)[341:recovery][bright_check]: bright_fb_notifier_callback:event = 1,status:3
[   84.748767] (0)[341:recovery][WAKELOCK_PROFILE]ws_fb_notify_callback: val=1, blank=0
[   84.748771] (0)[341:recovery]gf_tee: [info] goodix_fb_state_chg_callback go to the goodix_fb_state_chg_callback value = 1
[   84.798652] (0)[341:recovery][M4U] m4u_fb_notifier_callback 1, 9
[   84.798677] (0)[341:recovery][black_check]: black_fb_notifier_callback:event = 1 status:3
[   84.798680] (0)[341:recovery][bright_check]: bright_fb_notifier_callback:event = 1,status:3
[   84.798684] (0)[341:recovery][WAKELOCK_PROFILE]ws_fb_notify_callback: val=1, blank=0
[   84.798688] (0)[341:recovery]gf_tee: [info] goodix_fb_state_chg_callback go to the goodix_fb_state_chg_callback value = 1
[   84.865150] (0)[341:recovery][M4U] m4u_fb_notifier_callback 1, 9
[   84.865157] (0)[341:recovery][black_check]: black_fb_notifier_callback:event = 1 status:3
[   84.865160] (0)[341:recovery][bright_check]: bright_fb_notifier_callback:event = 1,status:3
[   84.865163] (0)[341:recovery][WAKELOCK_PROFILE]ws_fb_notify_callback: val=1, blank=0
[   84.865168] (0)[341:recovery]gf_tee: [info] goodix_fb_state_chg_callback go to the goodix_fb_state_chg_callback value = 1
[   84.931884] (0)[341:recovery][M4U] m4u_fb_notifier_callback 1, 9
[   84.931892] (0)[341:recovery][black_check]: black_fb_notifier_callback:event = 1 status:3
[   84.931895] (0)[341:recovery][bright_check]: bright_fb_notifier_callback:event = 1,status:3
[   84.931898] (0)[341:recovery][WAKELOCK_PROFILE]ws_fb_notify_callback: val=1, blank=0
[   84.931902] (0)[341:recovery]gf_tee: [info] goodix_fb_state_chg_callback go to the goodix_fb_state_chg_callback value = 1
[   84.998438] (2)[341:recovery][M4U] m4u_fb_notifier_callback 1, 9
[   84.998446] (2)[341:recovery][black_check]: black_fb_notifier_callback:event = 1 status:3
[   84.998449] (2)[341:recovery][bright_check]: bright_fb_notifier_callback:event = 1,status:3
[   84.998452] (2)[341:recovery][WAKELOCK_PROFILE]ws_fb_notify_callback: val=1, blank=0
[   84.998457] (2)[341:recovery]gf_tee: [info] goodix_fb_state_chg_callback go to the goodix_fb_state_chg_callback value = 1
[   85.064926] (0)[341:recovery][M4U] m4u_fb_notifier_callback 1, 9
[   85.064933] (0)[341:recovery][black_check]: black_fb_notifier_callback:event = 1 status:3
[   85.064937] (0)[341:recovery][bright_check]: bright_fb_notifier_callback:event = 1,status:3
[   85.064940] (0)[341:recovery][WAKELOCK_PROFILE]ws_fb_notify_callback: val=1, blank=0
[   85.064944] (0)[341:recovery]gf_tee: [info] goodix_fb_state_chg_callback go to the goodix_fb_state_chg_callback value = 1
[   85.114837] (0)[341:recovery][M4U] m4u_fb_notifier_callback 1, 9
[   85.114845] (0)[341:recovery][black_check]: black_fb_notifier_callback:event = 1 status:3
[   85.114848] (0)[341:recovery][bright_check]: bright_fb_notifier_callback:event = 1,status:3
[   85.114852] (0)[341:recovery][WAKELOCK_PROFILE]ws_fb_notify_callback: val=1, blank=0
[   85.114856] (0)[341:recovery]gf_tee: [info] goodix_fb_state_chg_callback go to the goodix_fb_state_chg_callback value = 1
[   85.164436] (0)[341:recovery][M4U] m4u_fb_notifier_callback 1, 9
[   85.164444] (0)[341:recovery][black_check]: black_fb_notifier_callback:event = 1 status:3
[   85.164447] (0)[341:recovery][bright_check]: bright_fb_notifier_callback:event = 1,status:3
[   85.164450] (0)[341:recovery][WAKELOCK_PROFILE]ws_fb_notify_callback: val=1, blank=0
[   85.164455] (0)[341:recovery]gf_tee: [info] goodix_fb_state_chg_callback go to the goodix_fb_state_chg_callback value = 1
[   85.213109] (2)[286:dlpt_notify_thr][get_dlpt_imix] 38063,5004,170,4655
[   85.213140] (2)[286:dlpt_notify_thr][PBM] [ma_to_mw] 3797(mV) * 4655(mA) = 17675(mW)
[   85.213159] (2)[286:dlpt_notify_thr][DLPT_final] 4655,50,50,5500
[   85.231276] (3)[341:recovery][M4U] m4u_fb_notifier_callback 1, 9
[   85.231289] (3)[341:recovery][black_check]: black_fb_notifier_callback:event = 1 status:3
[   85.231296] (3)[341:recovery][bright_check]: bright_fb_notifier_callback:event = 1,status:3
[   85.231303] (3)[341:recovery][WAKELOCK_PROFILE]ws_fb_notify_callback: val=1, blank=0
[   85.231310] (3)[341:recovery]gf_tee: [info] goodix_fb_state_chg_callback go to the goodix_fb_state_chg_callback value = 1
[   85.246488] (2)[647:usb ffs open]read descriptors
[   85.246512] (2)[647:usb ffs open]read strings
[   85.297830] (3)[341:recovery][M4U] m4u_fb_notifier_callback 1, 9
[   85.297844] (3)[341:recovery][black_check]: black_fb_notifier_callback:event = 1 status:3
[   85.297851] (3)[341:recovery][bright_check]: bright_fb_notifier_callback:event = 1,status:3
[   85.297857] (3)[341:recovery][WAKELOCK_PROFILE]ws_fb_notify_callback: val=1, blank=0
[   85.297865] (3)[341:recovery]gf_tee: [info] goodix_fb_state_chg_callback go to the goodix_fb_state_chg_callback value = 1
[   85.369984] (3)[58:kworker/3:1]oppo_custome_sync_work is called
[   85.370048] (0)[341:recovery]oppo_custome_sync_work: file /dev/block/by-name/oppo_custom is no exit
[   85.397410] (0)[341:recovery][M4U] m4u_fb_notifier_callback 1, 9
[   85.397421] (0)[341:recovery][black_check]: black_fb_notifier_callback:event = 1 status:3
[   85.397427] (0)[341:recovery][bright_check]: bright_fb_notifier_callback:event = 1,status:3
[   85.397434] (0)[341:recovery][WAKELOCK_PROFILE]ws_fb_notify_callback: val=1, blank=0
[   85.397442] (0)[341:recovery]gf_tee: [info] goodix_fb_state_chg_callback go to the goodix_fb_state_chg_callback value = 1
[   85.463818] (0)[341:recovery][M4U] m4u_fb_notifier_callback 1, 9
[   85.463829] (0)[341:recovery][black_check]: black_fb_notifier_callback:event = 1 status:3
[   85.463835] (0)[341:recovery][bright_check]: bright_fb_notifier_callback:event = 1,status:3
[   85.463842] (0)[341:recovery][WAKELOCK_PROFILE]ws_fb_notify_callback: val=1, blank=0
[   85.463849] (0)[341:recovery]gf_tee: [info] goodix_fb_state_chg_callback go to the goodix_fb_state_chg_callback value = 1
[   85.466040] (0)[14:kworker/0:1]MTP, <do_monitor_work(), 2033> IN <1 0 0 0 1 0 0 0 0 >
[   85.466071] (0)[14:kworker/0:1]MTP, <do_monitor_work(), 2040> OUT <0 0 0 0 0 0 0 0 0 >
[   85.530456] (0)[341:recovery][M4U] m4u_fb_notifier_callback 1, 9
[   85.530468] (0)[341:recovery][black_check]: black_fb_notifier_callback:event = 1 status:3
[   85.530475] (0)[341:recovery][bright_check]: bright_fb_notifier_callback:event = 1,status:3
[   85.530482] (0)[341:recovery][WAKELOCK_PROFILE]ws_fb_notify_callback: val=1, blank=0
[   85.530490] (0)[341:recovery]gf_tee: [info] goodix_fb_state_chg_callback go to the goodix_fb_state_chg_callback value = 1
[   85.597145] (0)[341:recovery][M4U] m4u_fb_notifier_callback 1, 9
[   85.597158] (0)[341:recovery][black_check]: black_fb_notifier_callback:event = 1 status:3
[   85.597164] (0)[341:recovery][bright_check]: bright_fb_notifier_callback:event = 1,status:3
[   85.597171] (0)[341:recovery][WAKELOCK_PROFILE]ws_fb_notify_callback: val=1, blank=0
[   85.597179] (0)[341:recovery]gf_tee: [info] goodix_fb_state_chg_callback go to the goodix_fb_state_chg_callback value = 1
[   85.979624] (0)[341:recovery][M4U] m4u_fb_notifier_callback 1, 9
[   85.979637] (0)[341:recovery][black_check]: black_fb_notifier_callback:event = 1 status:3
[   85.979643] (0)[341:recovery][bright_check]: bright_fb_notifier_callback:event = 1,status:3
[   85.979650] (0)[341:recovery][WAKELOCK_PROFILE]ws_fb_notify_callback: val=1, blank=0
[   85.979658] (0)[341:recovery]gf_tee: [info] goodix_fb_state_chg_callback go to the goodix_fb_state_chg_callback value = 1
[   86.290400] (2)[647:usb ffs open]read descriptors
[   86.290422] (2)[647:usb ffs open]read strings
[   86.394085] (3)[58:kworker/3:1]oppo_custome_sync_work is called
[   86.394137] (0)[341:recovery]oppo_custome_sync_work: file /dev/block/by-name/oppo_custom is no exit
[   86.478409] (0)[341:recovery][M4U] m4u_fb_notifier_callback 1, 9
[   86.478421] (0)[341:recovery][black_check]: black_fb_notifier_callback:event = 1 status:3
[   86.478428] (0)[341:recovery][bright_check]: bright_fb_notifier_callback:event = 1,status:3
[   86.478434] (0)[341:recovery][WAKELOCK_PROFILE]ws_fb_notify_callback: val=1, blank=0
[   86.478442] (0)[341:recovery]gf_tee: [info] goodix_fb_state_chg_callback go to the goodix_fb_state_chg_callback value = 1
[   86.489934] (0)[14:kworker/0:1]MTP, <do_monitor_work(), 2033> IN <1 0 0 0 1 0 0 0 0 >
[   86.489943] (0)[14:kworker/0:1]MTP, <do_monitor_work(), 2040> OUT <0 0 0 0 0 0 0 0 0 >
[   86.549522] (2)[379:kworker/2:1H][msdc]msdc1 -> !!! Set<260KHz> Source<200000KHz> -> sclk<259KHz> timing<0> mode<0> div<193> hs400_div_dis<0>
[   86.552089] (2)[379:kworker/2:1H][msdc]msdc1 -> !!! Set<400KHz> Source<200000KHz> -> sclk<400KHz> timing<0> mode<0> div<125> hs400_div_dis<0>
[   86.850663] (2)[379:kworker/2:1H][msdc]msdc1 -> !!! Set<50000KHz> Source<200000KHz> -> sclk<50000KHz> timing<2> mode<0> div<1> hs400_div_dis<0>
[   86.950258] (0)[341:recovery]regulator_vibrator activate_store(258) :set activate duration = 1, 40
[   86.950277] (0)[341:recovery]regulator_vibrator vibrator_enable(198) :cancel hrtimer, cust:50-15000, dur:40, shutdown:0
[   86.950586] (4)[7:kworker/u16:0]regulator_vibrator update_vibrator(171) :vibr_state = 1
[   86.994012] (0)[341:recovery][M4U] m4u_fb_notifier_callback 1, 9
[   86.994021] (0)[341:recovery][black_check]: black_fb_notifier_callback:event = 1 status:3
[   86.994024] (0)[341:recovery][bright_check]: bright_fb_notifier_callback:event = 1,status:3
[   86.994028] (0)[341:recovery][WAKELOCK_PROFILE]ws_fb_notify_callback: val=1, blank=0
[   86.994032] (0)[341:recovery]gf_tee: [info] goodix_fb_state_chg_callback go to the goodix_fb_state_chg_callback value = 1
[   87.000365] (4)[7:kworker/u16:0]regulator_vibrator update_vibrator(171) :vibr_state = 0
[   87.043871] (0)[341:recovery][M4U] m4u_fb_notifier_callback 1, 9
[   87.043879] (0)[341:recovery][black_check]: black_fb_notifier_callback:event = 1 status:3
[   87.043882] (0)[341:recovery][bright_check]: bright_fb_notifier_callback:event = 1,status:3
[   87.043885] (0)[341:recovery][WAKELOCK_PROFILE]ws_fb_notify_callback: val=1, blank=0
[   87.043889] (0)[341:recovery]gf_tee: [info] goodix_fb_state_chg_callback go to the goodix_fb_state_chg_callback value = 1
[   87.346416] (3)[647:usb ffs open]read descriptors
[   87.346440] (3)[647:usb ffs open]read strings
[   87.386095] (2)[0:swapper/2][name:spm&]Power/swap DP: No enter --- SODI3: No enter --- SODI: No enter --- 
[   87.389853] (7)[0:swapper/7]mcdi cpu: 161, 691, 199, 67, 293, 511, 380, 329, cluster : 53, 397, pause = 53, multi core = 23, latency = 80, residency = 0, last core = 52, avail cpu = 00ff, cluster = 0003, enabled = 1, max_s_state = 5, system_idle_hint = 00000000
[   87.418038] (3)[58:kworker/3:1]oppo_custome_sync_work is called
[   87.418086] (0)[14:kworker/0:1]oppo_custome_sync_work: file /dev/block/by-name/oppo_custom is no exit
[   87.513930] (0)[14:kworker/0:1]MTP, <do_monitor_work(), 2033> IN <1 0 0 0 1 0 0 0 0 >
[   87.513943] (0)[14:kworker/0:1]MTP, <do_monitor_work(), 2040> OUT <0 0 0 0 0 0 0 0 0 >
[   87.546242] (7)[262:kworker/u16:2][SCP] scp_ipi_send: SCP A not ready
[   87.546272] (7)[262:kworker/u16:2][sensorHub] scp_ipi_send fail
[   87.546400] (2)[56:kworker/2:1][sensorHub] scp_sensorHub_req_send fail!
[   87.841984] (2)[341:recovery][M4U] m4u_fb_notifier_callback 1, 9
[   87.841992] (2)[341:recovery][black_check]: black_fb_notifier_callback:event = 1 status:3
[   87.841995] (2)[341:recovery][bright_check]: bright_fb_notifier_callback:event = 1,status:3
[   87.841998] (2)[341:recovery][WAKELOCK_PROFILE]ws_fb_notify_callback: val=1, blank=0
[   87.842003] (2)[341:recovery]gf_tee: [info] goodix_fb_state_chg_callback go to the goodix_fb_state_chg_callback value = 1
[   88.042375] (2)[341:recovery]regulator_vibrator activate_store(258) :set activate duration = 1, 40
[   88.042390] (2)[341:recovery]regulator_vibrator vibrator_enable(198) :cancel hrtimer, cust:50-15000, dur:40, shutdown:0
[   88.042592] (5)[262:kworker/u16:2]regulator_vibrator update_vibrator(171) :vibr_state = 1
[   88.091317] (0)[341:recovery][M4U] m4u_fb_notifier_callback 1, 9
[   88.091324] (0)[341:recovery][black_check]: black_fb_notifier_callback:event = 1 status:3
[   88.091327] (0)[341:recovery][bright_check]: bright_fb_notifier_callback:event = 1,status:3
[   88.091330] (0)[341:recovery][WAKELOCK_PROFILE]ws_fb_notify_callback: val=1, blank=0
[   88.091335] (0)[341:recovery]gf_tee: [info] goodix_fb_state_chg_callback go to the goodix_fb_state_chg_callback value = 1
[   88.092790] (7)[262:kworker/u16:2]regulator_vibrator update_vibrator(171) :vibr_state = 0
[   88.158016] (0)[341:recovery][M4U] m4u_fb_notifier_callback 1, 9
[   88.158025] (0)[341:recovery][black_check]: black_fb_notifier_callback:event = 1 status:3
[   88.158028] (0)[341:recovery][bright_check]: bright_fb_notifier_callback:event = 1,status:3
[   88.158031] (0)[341:recovery][WAKELOCK_PROFILE]ws_fb_notify_callback: val=1, blank=0
[   88.158036] (0)[341:recovery]gf_tee: [info] goodix_fb_state_chg_callback go to the goodix_fb_state_chg_callback value = 1
[   88.406399] (2)[647:usb ffs open]read descriptors
[   88.406423] (2)[647:usb ffs open]read strings
[   88.442186] (3)[58:kworker/3:1]oppo_custome_sync_work is called
[   88.442234] (2)[1:init]oppo_custome_sync_work: file /dev/block/by-name/oppo_custom is no exit
[   88.463511] (2)[1:init]init: starting service 'cryptoeng-1-0'...
[   88.471478] (1)[1:init]init: Service 'cryptoeng-1-0' (pid 751) exited with status 1
[   88.471516] (1)[1:init]init: Sending signal 9 to service 'cryptoeng-1-0' (pid 751) process group...
[   88.471658] (1)[1:init]libprocessgroup: Successfully killed process cgroup uid 0 pid 751 in 0ms
[   88.507422] (0)[341:recovery][M4U] m4u_fb_notifier_callback 1, 9
[   88.507435] (0)[341:recovery][black_check]: black_fb_notifier_callback:event = 1 status:3
[   88.507441] (0)[341:recovery][bright_check]: bright_fb_notifier_callback:event = 1,status:3
[   88.507448] (0)[341:recovery][WAKELOCK_PROFILE]ws_fb_notify_callback: val=1, blank=0
[   88.507456] (0)[341:recovery]gf_tee: [info] goodix_fb_state_chg_callback go to the goodix_fb_state_chg_callback value = 1
[   88.537927] (0)[14:kworker/0:1]MTP, <do_monitor_work(), 2033> IN <1 0 0 0 1 0 0 0 0 >
[   88.537936] (0)[14:kworker/0:1]MTP, <do_monitor_work(), 2040> OUT <0 0 0 0 0 0 0 0 0 >
[   88.570383] -(2)[56:kworker/2:1]mt635x_auxadc_read_raw: 1 callbacks suppressed
[   88.570388] (2)[56:kworker/2:1][Thermal/TZ/PMIC] [tsbuck1_raw_to_temp] 656, 390576, 1000000, -1863
[   88.570397] (2)[56:kworker/2:1][Thermal/TZ/PMIC] [tsbuck1_raw_to_temp] t_current=38456
[   88.570403] (2)[56:kworker/2:1][Thermal/TZ/PMIC] mt6357tsbuck1_get_hw_temp raw=656 T=38456
[   88.570408] (2)[56:kworker/2:1][Thermal/TZ/PMIC] mt6357tsbuck1_get_hw_temp pre_tsbuck1_temp1=38456
[   88.939542] (0)[341:recovery][M4U] m4u_fb_notifier_callback 1, 9
[   88.939554] (0)[341:recovery][black_check]: black_fb_notifier_callback:event = 1 status:3
[   88.939560] (0)[341:recovery][bright_check]: bright_fb_notifier_callback:event = 1,status:3
[   88.939566] (0)[341:recovery][WAKELOCK_PROFILE]ws_fb_notify_callback: val=1, blank=0
[   88.939575] (0)[341:recovery]gf_tee: [info] goodix_fb_state_chg_callback go to the goodix_fb_state_chg_callback value = 1
[   89.082163] (1)[313:kworker/1:3]last full = 0, full = 0
[   89.089794] (3)[351:health@2.1-serv][OPLUS_CHG][oplus_ac_get_property]0 0 0 0 0 0 0 1 0 ac_online:0
[   89.089890] (3)[351:health@2.1-serv]bq2560x-charger 5-006b: bq2560x_charger_get_online: online = 0
[   89.089990] (3)[351:health@2.1-serv]healthd: battery l=50 v=3795 t=38.2 h=2 st=4 c=513 fc=0 chg=
[   89.090534] (3)[351:health@2.1-serv][OPLUS_CHG][oplus_ac_get_property]0 0 0 0 0 0 0 1 0 ac_online:0
[   89.090618] (3)[351:health@2.1-serv]bq2560x-charger 5-006b: bq2560x_charger_get_online: online = 0
[   89.090968] (1)[55:kworker/1:1]get prop 105 is not supported in batt
[   89.092103] (3)[351:health@2.1-serv][OPLUS_CHG][oplus_ac_get_property]0 0 0 0 0 0 0 1 0 ac_online:0
[   89.092198] (3)[351:health@2.1-serv]bq2560x-charger 5-006b: bq2560x_charger_get_online: online = 0
[   89.092237] (3)[351:health@2.1-serv]healthd: battery l=50 v=3795 t=38.2 h=2 st=4 c=502 fc=0 chg=
[   89.092743] (3)[351:health@2.1-serv][OPLUS_CHG][oplus_ac_get_property]0 0 0 0 0 0 0 1 0 ac_online:0
[   89.092818] (3)[351:health@2.1-serv]bq2560x-charger 5-006b: bq2560x_charger_get_online: online = 0
[   89.094528] (1)[313:kworker/1:3][bq2560x]:bq2560x_dump_regs: [00]=0x7f  [01]=0x0a  [02]=0x85  [03]=0x33  [04]=0x88  [05]=0x87  [06]=0x55  [07]=0x49  [08]=0x01  [09]=0x00  [0a]=0x03  [0b]=0x14  
[   89.094556] (1)[313:kworker/1:3][OPLUS_CHG][oplus_chg_print_log] CHGR[ 0 / 0 / 9 / 3 / 2 ], BAT[ 1 / 0 / 0 / 0 / 1 / 0 ], GAUGE[ 382 / 3795 / 3797 / 502 / -1 / 50 / 50 / 50 / -1 / 0 / 0 / 0 / 0 / 0 / 0 / 0 / 0 / 0 / 0 / 0 / 0 / 0 /], STATUS[ 0x0 / 0 / 0 / 0 / 0 / 0x0 ], OTHER[ 1 / 1 / 7 / 2 / 0/ 0 / -2740]
[   89.122491] (0)[341:recovery][M4U] m4u_fb_notifier_callback 1, 9
[   89.122503] (0)[341:recovery][black_check]: black_fb_notifier_callback:event = 1 status:3
[   89.122509] (0)[341:recovery][bright_check]: bright_fb_notifier_callback:event = 1,status:3
[   89.122516] (0)[341:recovery][WAKELOCK_PROFILE]ws_fb_notify_callback: val=1, blank=0
[   89.122523] (0)[341:recovery]gf_tee: [info] goodix_fb_state_chg_callback go to the goodix_fb_state_chg_callback value = 1
[   89.368115] (1)[341:recovery]regulator_vibrator activate_store(258) :set activate duration = 1, 40
[   89.368144] (1)[341:recovery]regulator_vibrator vibrator_enable(198) :cancel hrtimer, cust:50-15000, dur:40, shutdown:0
[   89.368233] (5)[262:kworker/u16:2]regulator_vibrator update_vibrator(171) :vibr_state = 1
[   89.405343] (6)[421:irq/17-touchpan][TP]touchpanel: touchpanel: Touchpanel id 0 :Down[ 395 1294    2]
[   89.418236] (5)[262:kworker/u16:2]regulator_vibrator update_vibrator(171) :vibr_state = 0
[   89.438361] (1)[341:recovery][M4U] m4u_fb_notifier_callback 1, 9
[   89.438372] (1)[341:recovery][black_check]: black_fb_notifier_callback:event = 1 status:3
[   89.438378] (1)[341:recovery][bright_check]: bright_fb_notifier_callback:event = 1,status:3
[   89.438384] (1)[341:recovery][WAKELOCK_PROFILE]ws_fb_notify_callback: val=1, blank=0
[   89.438392] (1)[341:recovery]gf_tee: [info] goodix_fb_state_chg_callback go to the goodix_fb_state_chg_callback value = 1
[   89.450417] (0)[647:usb ffs open]read descriptors
[   89.450435] (0)[647:usb ffs open]read strings
[   89.466145] (3)[58:kworker/3:1]oppo_custome_sync_work is called
[   89.466184] (0)[14:kworker/0:1]oppo_custome_sync_work: file /dev/block/by-name/oppo_custom is no exit
[   89.562020] (0)[14:kworker/0:1]MTP, <do_monitor_work(), 2033> IN <1 0 0 0 1 0 0 0 0 >
[   89.562037] (0)[14:kworker/0:1]MTP, <do_monitor_work(), 2040> OUT <0 0 0 0 0 0 0 0 0 >
[   89.594348] (2)[56:kworker/2:1][Thermal/TZ/PMIC] [tsbuck2_raw_to_temp] 656, 391649, 1000000, -1863
[   89.594357] (2)[56:kworker/2:1][Thermal/TZ/PMIC] [tsbuck2_raw_to_temp] t_current=39529
[   89.594363] (2)[56:kworker/2:1][Thermal/TZ/PMIC] mt6357tsbuck2_get_hw_temp raw=656 T=39529
[   89.594367] (2)[56:kworker/2:1][Thermal/TZ/PMIC] mt6357tsbuck2_get_hw_temp pre_tsbuck2_temp1=39529
[   89.675271] -(5)[0:swapper/5][name:spm&]Power/swap CNT(soidle): [0] = (0), [1] = (0), [2] = (0), [3] = (0), [4] = (0), [5] = (0), [6] = (0), [7] = (0), 
[   89.675293] -(5)[0:swapper/5][name:spm&]Power/swap soidle_block_cnt: [BY_FRM] = 405, 
[   89.675318] -(5)[0:swapper/5][name:spm&]Power/swap soidle_block_mask: 0x00000000, 0x00000000, 0x00000000, 0x00000000, 0x00000000, 0x00000000, idle_pll_block_mask: 0x00000000\x0a
[   89.899062] (5)[59:kworker/5:1][msdc]msdc power off
[   89.899132] (5)[59:kworker/5:1][msdc]msdc power off
[   90.070373] (1)[341:recovery][M4U] m4u_fb_notifier_callback 1, 9
[   90.070385] (1)[341:recovery][black_check]: black_fb_notifier_callback:event = 1 status:3
[   90.070392] (1)[341:recovery][bright_check]: bright_fb_notifier_callback:event = 1,status:3
[   90.070399] (1)[341:recovery][WAKELOCK_PROFILE]ws_fb_notify_callback: val=1, blank=0
[   90.070406] (1)[341:recovery]gf_tee: [info] goodix_fb_state_chg_callback go to the goodix_fb_state_chg_callback value = 1
[   90.072448] (0)[341:recovery]regulator_vibrator activate_store(258) :set activate duration = 1, 40
[   90.072466] (0)[341:recovery]regulator_vibrator vibrator_enable(198) :cancel hrtimer, cust:50-15000, dur:40, shutdown:0
[   90.072684] (5)[262:kworker/u16:2]regulator_vibrator update_vibrator(171) :vibr_state = 1
[   90.103696] (0)[341:recovery][M4U] m4u_fb_notifier_callback 1, 9
[   90.103704] (0)[341:recovery][black_check]: black_fb_notifier_callback:event = 1 status:3
[   90.103707] (0)[341:recovery][bright_check]: bright_fb_notifier_callback:event = 1,status:3
[   90.103710] (0)[341:recovery][WAKELOCK_PROFILE]ws_fb_notify_callback: val=1, blank=0
[   90.103714] (0)[341:recovery]gf_tee: [info] goodix_fb_state_chg_callback go to the goodix_fb_state_chg_callback value = 1
[   90.122690] (5)[262:kworker/u16:2]regulator_vibrator update_vibrator(171) :vibr_state = 0
[   90.490070] (3)[58:kworker/3:1]oppo_custome_sync_work is called
[   90.490113] (1)[647:usb ffs open]oppo_custome_sync_work: file /dev/block/by-name/oppo_custom is no exit
[   90.506389] (1)[647:usb ffs open]read descriptors
[   90.506411] (1)[647:usb ffs open]read strings
[   90.585933] (0)[14:kworker/0:1]MTP, <do_monitor_work(), 2033> IN <1 0 0 0 1 0 0 0 0 >
[   90.585951] (0)[14:kworker/0:1]MTP, <do_monitor_work(), 2040> OUT <0 0 0 0 0 0 0 0 0 >
[   90.635797] (2)[341:recovery][M4U] m4u_fb_notifier_callback 1, 9
[   90.635809] (2)[341:recovery][black_check]: black_fb_notifier_callback:event = 1 status:3
[   90.635816] (2)[341:recovery][bright_check]: bright_fb_notifier_callback:event = 1,status:3
[   90.635822] (2)[341:recovery][WAKELOCK_PROFILE]ws_fb_notify_callback: val=1, blank=0
[   90.635830] (2)[341:recovery]gf_tee: [info] goodix_fb_state_chg_callback go to the goodix_fb_state_chg_callback value = 1
[   90.668999] (2)[341:recovery][M4U] m4u_fb_notifier_callback 1, 9
[   90.669006] (2)[341:recovery][black_check]: black_fb_notifier_callback:event = 1 status:3
[   90.669009] (2)[341:recovery][bright_check]: bright_fb_notifier_callback:event = 1,status:3
[   90.669013] (2)[341:recovery][WAKELOCK_PROFILE]ws_fb_notify_callback: val=1, blank=0
[   90.669017] (2)[341:recovery]gf_tee: [info] goodix_fb_state_chg_callback go to the goodix_fb_state_chg_callback value = 1
[   90.768799] (0)[341:recovery][M4U] m4u_fb_notifier_callback 1, 9
[   90.768810] (0)[341:recovery][black_check]: black_fb_notifier_callback:event = 1 status:3
[   90.768817] (0)[341:recovery][bright_check]: bright_fb_notifier_callback:event = 1,status:3
[   90.768823] (0)[341:recovery][WAKELOCK_PROFILE]ws_fb_notify_callback: val=1, blank=0
[   90.768831] (0)[341:recovery]gf_tee: [info] goodix_fb_state_chg_callback go to the goodix_fb_state_chg_callback value = 1
[   90.802063] (0)[341:recovery][M4U] m4u_fb_notifier_callback 1, 9
[   90.802076] (0)[341:recovery][black_check]: black_fb_notifier_callback:event = 1 status:3
[   90.802082] (0)[341:recovery][bright_check]: bright_fb_notifier_callback:event = 1,status:3
[   90.802089] (0)[341:recovery][WAKELOCK_PROFILE]ws_fb_notify_callback: val=1, blank=0
[   90.802096] (0)[341:recovery]gf_tee: [info] goodix_fb_state_chg_callback go to the goodix_fb_state_chg_callback value = 1
[   90.835316] (0)[341:recovery][M4U] m4u_fb_notifier_callback 1, 9
[   90.835324] (0)[341:recovery][black_check]: black_fb_notifier_callback:event = 1 status:3
[   90.835327] (0)[341:recovery][bright_check]: bright_fb_notifier_callback:event = 1,status:3
[   90.835330] (0)[341:recovery][WAKELOCK_PROFILE]ws_fb_notify_callback: val=1, blank=0
[   90.835334] (0)[341:recovery]gf_tee: [info] goodix_fb_state_chg_callback go to the goodix_fb_state_chg_callback value = 1
[   90.868515] (0)[341:recovery][M4U] m4u_fb_notifier_callback 1, 9
[   90.868522] (0)[341:recovery][black_check]: black_fb_notifier_callback:event = 1 status:3
[   90.868525] (0)[341:recovery][bright_check]: bright_fb_notifier_callback:event = 1,status:3
[   90.868529] (0)[341:recovery][WAKELOCK_PROFILE]ws_fb_notify_callback: val=1, blank=0
[   90.868533] (0)[341:recovery]gf_tee: [info] goodix_fb_state_chg_callback go to the goodix_fb_state_chg_callback value = 1
[   90.901834] (0)[341:recovery][M4U] m4u_fb_notifier_callback 1, 9
[   90.901847] (0)[341:recovery][black_check]: black_fb_notifier_callback:event = 1 status:3
[   90.901853] (0)[341:recovery][bright_check]: bright_fb_notifier_callback:event = 1,status:3
[   90.901860] (0)[341:recovery][WAKELOCK_PROFILE]ws_fb_notify_callback: val=1, blank=0
[   90.901868] (0)[341:recovery]gf_tee: [info] goodix_fb_state_chg_callback go to the goodix_fb_state_chg_callback value = 1
[   90.935060] (0)[341:recovery][M4U] m4u_fb_notifier_callback 1, 9
[   90.935068] (0)[341:recovery][black_check]: black_fb_notifier_callback:event = 1 status:3
[   90.935071] (0)[341:recovery][bright_check]: bright_fb_notifier_callback:event = 1,status:3
[   90.935075] (0)[341:recovery][WAKELOCK_PROFILE]ws_fb_notify_callback: val=1, blank=0
[   90.935079] (0)[341:recovery]gf_tee: [info] goodix_fb_state_chg_callback go to the goodix_fb_state_chg_callback value = 1
[   90.968295] (0)[341:recovery][M4U] m4u_fb_notifier_callback 1, 9
[   90.968303] (0)[341:recovery][black_check]: black_fb_notifier_callback:event = 1 status:3
[   90.968306] (0)[341:recovery][bright_check]: bright_fb_notifier_callback:event = 1,status:3
[   90.968310] (0)[341:recovery][WAKELOCK_PROFILE]ws_fb_notify_callback: val=1, blank=0
[   90.968314] (0)[341:recovery]gf_tee: [info] goodix_fb_state_chg_callback go to the goodix_fb_state_chg_callback value = 1
[   91.001558] (0)[341:recovery][M4U] m4u_fb_notifier_callback 1, 9
[   91.001566] (0)[341:recovery][black_check]: black_fb_notifier_callback:event = 1 status:3
[   91.001569] (0)[341:recovery][bright_check]: bright_fb_notifier_callback:event = 1,status:3
[   91.001573] (0)[341:recovery][WAKELOCK_PROFILE]ws_fb_notify_callback: val=1, blank=0
[   91.001577] (0)[341:recovery]gf_tee: [info] goodix_fb_state_chg_callback go to the goodix_fb_state_chg_callback value = 1
[   91.034847] (0)[341:recovery][M4U] m4u_fb_notifier_callback 1, 9
[   91.034859] (0)[341:recovery][black_check]: black_fb_notifier_callback:event = 1 status:3
[   91.034865] (0)[341:recovery][bright_check]: bright_fb_notifier_callback:event = 1,status:3
[   91.034872] (0)[341:recovery][WAKELOCK_PROFILE]ws_fb_notify_callback: val=1, blank=0
[   91.034880] (0)[341:recovery]gf_tee: [info] goodix_fb_state_chg_callback go to the goodix_fb_state_chg_callback value = 1
[   91.068051] (0)[341:recovery][M4U] m4u_fb_notifier_callback 1, 9
[   91.068058] (0)[341:recovery][black_check]: black_fb_notifier_callback:event = 1 status:3
[   91.068061] (0)[341:recovery][bright_check]: bright_fb_notifier_callback:event = 1,status:3
[   91.068065] (0)[341:recovery][WAKELOCK_PROFILE]ws_fb_notify_callback: val=1, blank=0
[   91.068069] (0)[341:recovery]gf_tee: [info] goodix_fb_state_chg_callback go to the goodix_fb_state_chg_callback value = 1
[   91.101387] (0)[341:recovery][M4U] m4u_fb_notifier_callback 1, 9
[   91.101399] (0)[341:recovery][black_check]: black_fb_notifier_callback:event = 1 status:3
[   91.101431] (0)[341:recovery][bright_check]: bright_fb_notifier_callback:event = 1,status:3
[   91.101438] (0)[341:recovery][WAKELOCK_PROFILE]ws_fb_notify_callback: val=1, blank=0
[   91.101446] (0)[341:recovery]gf_tee: [info] goodix_fb_state_chg_callback go to the goodix_fb_state_chg_callback value = 1
[   91.134591] (0)[341:recovery][M4U] m4u_fb_notifier_callback 1, 9
[   91.134598] (0)[341:recovery][black_check]: black_fb_notifier_callback:event = 1 status:3
[   91.134601] (0)[341:recovery][bright_check]: bright_fb_notifier_callback:event = 1,status:3
[   91.134605] (0)[341:recovery][WAKELOCK_PROFILE]ws_fb_notify_callback: val=1, blank=0
[   91.134609] (0)[341:recovery]gf_tee: [info] goodix_fb_state_chg_callback go to the goodix_fb_state_chg_callback value = 1
[   91.167870] (0)[341:recovery][M4U] m4u_fb_notifier_callback 1, 9
[   91.167883] (0)[341:recovery][black_check]: black_fb_notifier_callback:event = 1 status:3
[   91.167889] (0)[341:recovery][bright_check]: bright_fb_notifier_callback:event = 1,status:3
[   91.167896] (0)[341:recovery][WAKELOCK_PROFILE]ws_fb_notify_callback: val=1, blank=0
[   91.167903] (0)[341:recovery]gf_tee: [info] goodix_fb_state_chg_callback go to the goodix_fb_state_chg_callback value = 1
[   91.168470] (0)[341:recovery]regulator_vibrator activate_store(258) :set activate duration = 1, 40
[   91.168488] (0)[341:recovery]regulator_vibrator vibrator_enable(198) :cancel hrtimer, cust:50-15000, dur:40, shutdown:0
[   91.168614] (7)[262:kworker/u16:2]regulator_vibrator update_vibrator(171) :vibr_state = 1
[   91.201157] (3)[341:recovery][M4U] m4u_fb_notifier_callback 1, 9
[   91.201166] (3)[341:recovery][black_check]: black_fb_notifier_callback:event = 1 status:3
[   91.201169] (3)[341:recovery][bright_check]: bright_fb_notifier_callback:event = 1,status:3
[   91.201173] (3)[341:recovery][WAKELOCK_PROFILE]ws_fb_notify_callback: val=1, blank=0
[   91.201178] (3)[341:recovery]gf_tee: [info] goodix_fb_state_chg_callback go to the goodix_fb_state_chg_callback value = 1
[   91.218732] (7)[262:kworker/u16:2]regulator_vibrator update_vibrator(171) :vibr_state = 0
[   91.251211] (3)[341:recovery][M4U] m4u_fb_notifier_callback 1, 9
[   91.251225] (3)[341:recovery][black_check]: black_fb_notifier_callback:event = 1 status:3
[   91.251231] (3)[341:recovery][bright_check]: bright_fb_notifier_callback:event = 1,status:3
[   91.251238] (3)[341:recovery][WAKELOCK_PROFILE]ws_fb_notify_callback: val=1, blank=0
[   91.251246] (3)[341:recovery]gf_tee: [info] goodix_fb_state_chg_callback go to the goodix_fb_state_chg_callback value = 1
[   91.284460] (3)[341:recovery][M4U] m4u_fb_notifier_callback 1, 9
[   91.284474] (3)[341:recovery][black_check]: black_fb_notifier_callback:event = 1 status:3
[   91.284480] (3)[341:recovery][bright_check]: bright_fb_notifier_callback:event = 1,status:3
[   91.284487] (3)[341:recovery][WAKELOCK_PROFILE]ws_fb_notify_callback: val=1, blank=0
[   91.284495] (3)[341:recovery]gf_tee: [info] goodix_fb_state_chg_callback go to the goodix_fb_state_chg_callback value = 1
[   91.334316] (0)[341:recovery][M4U] m4u_fb_notifier_callback 1, 9
[   91.334324] (0)[341:recovery][black_check]: black_fb_notifier_callback:event = 1 status:3
[   91.334328] (0)[341:recovery][bright_check]: bright_fb_notifier_callback:event = 1,status:3
[   91.334331] (0)[341:recovery][WAKELOCK_PROFILE]ws_fb_notify_callback: val=1, blank=0
[   91.334336] (0)[341:recovery]gf_tee: [info] goodix_fb_state_chg_callback go to the goodix_fb_state_chg_callback value = 1
[   91.384543] (0)[341:recovery][M4U] m4u_fb_notifier_callback 1, 9
[   91.384556] (0)[341:recovery][black_check]: black_fb_notifier_callback:event = 1 status:3
[   91.384562] (0)[341:recovery][bright_check]: bright_fb_notifier_callback:event = 1,status:3
[   91.384569] (0)[341:recovery][WAKELOCK_PROFILE]ws_fb_notify_callback: val=1, blank=0
[   91.384577] (0)[341:recovery]gf_tee: [info] goodix_fb_state_chg_callback go to the goodix_fb_state_chg_callback value = 1
[   91.434192] (0)[341:recovery][M4U] m4u_fb_notifier_callback 1, 9
[   91.434205] (0)[341:recovery][black_check]: black_fb_notifier_callback:event = 1 status:3
[   91.434211] (0)[341:recovery][bright_check]: bright_fb_notifier_callback:event = 1,status:3
[   91.434218] (0)[341:recovery][WAKELOCK_PROFILE]ws_fb_notify_callback: val=1, blank=0
[   91.434225] (0)[341:recovery]gf_tee: [info] goodix_fb_state_chg_callback go to the goodix_fb_state_chg_callback value = 1
[   91.483975] (0)[341:recovery][M4U] m4u_fb_notifier_callback 1, 9
[   91.483983] (0)[341:recovery][black_check]: black_fb_notifier_callback:event = 1 status:3
[   91.483986] (0)[341:recovery][bright_check]: bright_fb_notifier_callback:event = 1,status:3
[   91.483990] (0)[341:recovery][WAKELOCK_PROFILE]ws_fb_notify_callback: val=1, blank=0
[   91.483995] (0)[341:recovery]gf_tee: [info] goodix_fb_state_chg_callback go to the goodix_fb_state_chg_callback value = 1
[   91.514122] (3)[58:kworker/3:1]oppo_custome_sync_work is called
[   91.514168] (0)[341:recovery]oppo_custome_sync_work: file /dev/block/by-name/oppo_custom is no exit
[   91.533889] (0)[341:recovery][M4U] m4u_fb_notifier_callback 1, 9
[   91.533979] (0)[341:recovery][black_check]: black_fb_notifier_callback:event = 1 status:3
[   91.533986] (0)[341:recovery][bright_check]: bright_fb_notifier_callback:event = 1,status:3
[   91.533993] (0)[341:recovery][WAKELOCK_PROFILE]ws_fb_notify_callback: val=1, blank=0
[   91.534001] (0)[341:recovery]gf_tee: [info] goodix_fb_state_chg_callback go to the goodix_fb_state_chg_callback value = 1
[   91.550617] (2)[647:usb ffs open]read descriptors
[   91.550640] (2)[647:usb ffs open]read strings
[   91.583841] (0)[341:recovery][M4U] m4u_fb_notifier_callback 1, 9
[   91.583855] (0)[341:recovery][black_check]: black_fb_notifier_callback:event = 1 status:3
[   91.583861] (0)[341:recovery][bright_check]: bright_fb_notifier_callback:event = 1,status:3
[   91.583868] (0)[341:recovery][WAKELOCK_PROFILE]ws_fb_notify_callback: val=1, blank=0
[   91.583876] (0)[341:recovery]gf_tee: [info] goodix_fb_state_chg_callback go to the goodix_fb_state_chg_callback value = 1
[   91.610004] (0)[14:kworker/0:1]MTP, <do_monitor_work(), 2033> IN <1 0 0 0 1 0 0 0 0 >
[   91.610024] (0)[14:kworker/0:1]MTP, <do_monitor_work(), 2040> OUT <0 0 0 0 0 0 0 0 0 >
[   91.633622] (0)[341:recovery][M4U] m4u_fb_notifier_callback 1, 9
[   91.633631] (0)[341:recovery][black_check]: black_fb_notifier_callback:event = 1 status:3
[   91.633634] (0)[341:recovery][bright_check]: bright_fb_notifier_callback:event = 1,status:3
[   91.633637] (0)[341:recovery][WAKELOCK_PROFILE]ws_fb_notify_callback: val=1, blank=0
[   91.633642] (0)[341:recovery]gf_tee: [info] goodix_fb_state_chg_callback go to the goodix_fb_state_chg_callback value = 1
[   91.683538] (0)[341:recovery][M4U] m4u_fb_notifier_callback 1, 9
[   91.683546] (0)[341:recovery][black_check]: black_fb_notifier_callback:event = 1 status:3
[   91.683549] (0)[341:recovery][bright_check]: bright_fb_notifier_callback:event = 1,status:3
[   91.683553] (0)[341:recovery][WAKELOCK_PROFILE]ws_fb_notify_callback: val=1, blank=0
[   91.683557] (0)[341:recovery]gf_tee: [info] goodix_fb_state_chg_callback go to the goodix_fb_state_chg_callback value = 1
[   91.733407] (0)[341:recovery][M4U] m4u_fb_notifier_callback 1, 9
[   91.733415] (0)[341:recovery][black_check]: black_fb_notifier_callback:event = 1 status:3
[   91.733418] (0)[341:recovery][bright_check]: bright_fb_notifier_callback:event = 1,status:3
[   91.733422] (0)[341:recovery][WAKELOCK_PROFILE]ws_fb_notify_callback: val=1, blank=0
[   91.733426] (0)[341:recovery]gf_tee: [info] goodix_fb_state_chg_callback go to the goodix_fb_state_chg_callback value = 1
[   91.783315] (0)[341:recovery][M4U] m4u_fb_notifier_callback 1, 9
[   91.783328] (0)[341:recovery][black_check]: black_fb_notifier_callback:event = 1 status:3
[   91.783335] (0)[341:recovery][bright_check]: bright_fb_notifier_callback:event = 1,status:3
[   91.783341] (0)[341:recovery][WAKELOCK_PROFILE]ws_fb_notify_callback: val=1, blank=0
[   91.783349] (0)[341:recovery]gf_tee: [info] goodix_fb_state_chg_callback go to the goodix_fb_state_chg_callback value = 1
[   91.833316] (0)[341:recovery][M4U] m4u_fb_notifier_callback 1, 9
[   91.833329] (0)[341:recovery][black_check]: black_fb_notifier_callback:event = 1 status:3
[   91.833335] (0)[341:recovery][bright_check]: bright_fb_notifier_callback:event = 1,status:3
[   91.833342] (0)[341:recovery][WAKELOCK_PROFILE]ws_fb_notify_callback: val=1, blank=0
[   91.833350] (0)[341:recovery]gf_tee: [info] goodix_fb_state_chg_callback go to the goodix_fb_state_chg_callback value = 1
[   91.883173] (0)[341:recovery][M4U] m4u_fb_notifier_callback 1, 9
[   91.883186] (0)[341:recovery][black_check]: black_fb_notifier_callback:event = 1 status:3
[   91.883192] (0)[341:recovery][bright_check]: bright_fb_notifier_callback:event = 1,status:3
[   91.883199] (0)[341:recovery][WAKELOCK_PROFILE]ws_fb_notify_callback: val=1, blank=0
[   91.883207] (0)[341:recovery]gf_tee: [info] goodix_fb_state_chg_callback go to the goodix_fb_state_chg_callback value = 1
[   91.933092] (0)[341:recovery][M4U] m4u_fb_notifier_callback 1, 9
[   91.933099] (0)[341:recovery][black_check]: black_fb_notifier_callback:event = 1 status:3
[   91.933103] (0)[341:recovery][bright_check]: bright_fb_notifier_callback:event = 1,status:3
[   91.933106] (0)[341:recovery][WAKELOCK_PROFILE]ws_fb_notify_callback: val=1, blank=0
[   91.933111] (0)[341:recovery]gf_tee: [info] goodix_fb_state_chg_callback go to the goodix_fb_state_chg_callback value = 1
[   91.983049] (0)[341:recovery][M4U] m4u_fb_notifier_callback 1, 9
[   91.983062] (0)[341:recovery][black_check]: black_fb_notifier_callback:event = 1 status:3
[   91.983069] (0)[341:recovery][bright_check]: bright_fb_notifier_callback:event = 1,status:3
[   91.983076] (0)[341:recovery][WAKELOCK_PROFILE]ws_fb_notify_callback: val=1, blank=0
[   91.983083] (0)[341:recovery]gf_tee: [info] goodix_fb_state_chg_callback go to the goodix_fb_state_chg_callback value = 1
[   92.032740] (0)[341:recovery][M4U] m4u_fb_notifier_callback 1, 9
[   92.032748] (0)[341:recovery][black_check]: black_fb_notifier_callback:event = 1 status:3
[   92.032751] (0)[341:recovery][bright_check]: bright_fb_notifier_callback:event = 1,status:3
[   92.032754] (0)[341:recovery][WAKELOCK_PROFILE]ws_fb_notify_callback: val=1, blank=0
[   92.032759] (0)[341:recovery]gf_tee: [info] goodix_fb_state_chg_callback go to the goodix_fb_state_chg_callback value = 1
[   92.082636] (0)[341:recovery][M4U] m4u_fb_notifier_callback 1, 9
[   92.082644] (0)[341:recovery][black_check]: black_fb_notifier_callback:event = 1 status:3
[   92.082647] (0)[341:recovery][bright_check]: bright_fb_notifier_callback:event = 1,status:3
[   92.082650] (0)[341:recovery][WAKELOCK_PROFILE]ws_fb_notify_callback: val=1, blank=0
[   92.082654] (0)[341:recovery]gf_tee: [info] goodix_fb_state_chg_callback go to the goodix_fb_state_chg_callback value = 1
[   92.132369] (0)[341:recovery][M4U] m4u_fb_notifier_callback 1, 9
[   92.132376] (0)[341:recovery][black_check]: black_fb_notifier_callback:event = 1 status:3
[   92.132381] (0)[341:recovery][bright_check]: bright_fb_notifier_callback:event = 1,status:3
[   92.132386] (0)[341:recovery][WAKELOCK_PROFILE]ws_fb_notify_callback: val=1, blank=0
[   92.132393] (0)[341:recovery]gf_tee: [info] goodix_fb_state_chg_callback go to the goodix_fb_state_chg_callback value = 1
[   92.132931] (0)[341:recovery]regulator_vibrator activate_store(258) :set activate duration = 1, 40
[   92.132948] (0)[341:recovery]regulator_vibrator vibrator_enable(198) :cancel hrtimer, cust:50-15000, dur:40, shutdown:0
[   92.133186] (5)[262:kworker/u16:2]regulator_vibrator update_vibrator(171) :vibr_state = 1
[   92.182352] (3)[341:recovery][M4U] m4u_fb_notifier_callback 1, 9
[   92.182364] (3)[341:recovery][black_check]: black_fb_notifier_callback:event = 1 status:3
[   92.182370] (3)[341:recovery][bright_check]: bright_fb_notifier_callback:event = 1,status:3
[   92.182401] (3)[341:recovery][WAKELOCK_PROFILE]ws_fb_notify_callback: val=1, blank=0
[   92.182409] (3)[341:recovery]gf_tee: [info] goodix_fb_state_chg_callback go to the goodix_fb_state_chg_callback value = 1
[   92.183289] (5)[262:kworker/u16:2]regulator_vibrator update_vibrator(171) :vibr_state = 0
[   92.249070] (0)[341:recovery][M4U] m4u_fb_notifier_callback 1, 9
[   92.249083] (0)[341:recovery][black_check]: black_fb_notifier_callback:event = 1 status:3
[   92.249089] (0)[341:recovery][bright_check]: bright_fb_notifier_callback:event = 1,status:3
[   92.249096] (0)[341:recovery][WAKELOCK_PROFILE]ws_fb_notify_callback: val=1, blank=0
[   92.249104] (0)[341:recovery]gf_tee: [info] goodix_fb_state_chg_callback go to the goodix_fb_state_chg_callback value = 1
[   92.298845] (0)[341:recovery][M4U] m4u_fb_notifier_callback 1, 9
[   92.298853] (0)[341:recovery][black_check]: black_fb_notifier_callback:event = 1 status:3
[   92.298856] (0)[341:recovery][bright_check]: bright_fb_notifier_callback:event = 1,status:3
[   92.298860] (0)[341:recovery][WAKELOCK_PROFILE]ws_fb_notify_callback: val=1, blank=0
[   92.298864] (0)[341:recovery]gf_tee: [info] goodix_fb_state_chg_callback go to the goodix_fb_state_chg_callback value = 1
[   92.390025] (1)[0:swapper/1][name:spm&]Power/swap DP: No enter --- SODI3: No enter --- SODI: No enter --- 
[   92.390056] (1)[0:swapper/1]mcdi cpu: 276, 566, 235, 177, 470, 322, 377, 440, cluster : 120, 391, pause = 153, multi core = 57, latency = 49, residency = 2, last core = 153, avail cpu = 00ff, cluster = 0003, enabled = 1, max_s_state = 5, system_idle_hint = 00000000
[   92.538073] (3)[58:kworker/3:1]oppo_custome_sync_work is called
[   92.538124] (5)[647:usb ffs open]oppo_custome_sync_work: file /dev/block/by-name/oppo_custom is no exit
[   92.591051] (5)[647:usb ffs open]read descriptors
[   92.591120] (5)[647:usb ffs open]read strings
[   92.633934] (0)[14:kworker/0:1]MTP, <do_monitor_work(), 2033> IN <1 0 0 0 1 0 0 0 0 >
[   92.633952] (0)[14:kworker/0:1]MTP, <do_monitor_work(), 2040> OUT <0 0 0 0 0 0 0 0 0 >
[   92.847713] (0)[341:recovery][M4U] m4u_fb_notifier_callback 1, 9
[   92.847726] (0)[341:recovery][black_check]: black_fb_notifier_callback:event = 1 status:3
[   92.847733] (0)[341:recovery][bright_check]: bright_fb_notifier_callback:event = 1,status:3
[   92.847740] (0)[341:recovery][WAKELOCK_PROFILE]ws_fb_notify_callback: val=1, blank=0
[   92.847748] (0)[341:recovery]gf_tee: [info] goodix_fb_state_chg_callback go to the goodix_fb_state_chg_callback value = 1
[   93.467319] (3)[1:init]init: starting service 'cryptoeng-1-0'...
[   93.480308] (4)[1:init]init: Service 'cryptoeng-1-0' (pid 759) exited with status 1
[   93.480432] (4)[1:init]init: Sending signal 9 to service 'cryptoeng-1-0' (pid 759) process group...
[   93.480841] (4)[1:init]libprocessgroup: Successfully killed process cgroup uid 0 pid 759 in 0ms
[   93.562398] (3)[58:kworker/3:1]oppo_custome_sync_work is called
[   93.562484] (6)[647:usb ffs open]oppo_custome_sync_work: file /dev/block/by-name/oppo_custom is no exit
[   93.630796] (6)[647:usb ffs open]read descriptors
[   93.630867] (6)[647:usb ffs open]read strings
[   93.658283] (0)[14:kworker/0:1]MTP, <do_monitor_work(), 2033> IN <1 0 0 0 1 0 0 0 0 >
[   93.658313] (0)[14:kworker/0:1]MTP, <do_monitor_work(), 2040> OUT <0 0 0 0 0 0 0 0 0 >
[   93.690721] (2)[56:kworker/2:1][Thermal/TZ/PMIC] [tsbuck1_raw_to_temp] 657, 390576, 1000000, -1863
[   93.690748] (2)[56:kworker/2:1][Thermal/TZ/PMIC] [tsbuck1_raw_to_temp] t_current=37919
[   93.690760] (2)[56:kworker/2:1][Thermal/TZ/PMIC] mt6357tsbuck1_get_hw_temp raw=657 T=37919
[   93.690771] (2)[56:kworker/2:1][Thermal/TZ/PMIC] mt6357tsbuck1_get_hw_temp pre_tsbuck1_temp1=37919
[   94.360829] (0)[341:recovery][M4U] m4u_fb_notifier_callback 1, 9
[   94.360837] (0)[341:recovery][black_check]: black_fb_notifier_callback:event = 1 status:3
[   94.360840] (0)[341:recovery][bright_check]: bright_fb_notifier_callback:event = 1,status:3
[   94.360843] (0)[341:recovery][WAKELOCK_PROFILE]ws_fb_notify_callback: val=1, blank=0
[   94.360848] (0)[341:recovery]gf_tee: [info] goodix_fb_state_chg_callback go to the goodix_fb_state_chg_callback value = 1
[   94.427367] (0)[341:recovery][M4U] m4u_fb_notifier_callback 1, 9
[   94.427379] (0)[341:recovery][black_check]: black_fb_notifier_callback:event = 1 status:3
[   94.427386] (0)[341:recovery][bright_check]: bright_fb_notifier_callback:event = 1,status:3
[   94.427392] (0)[341:recovery][WAKELOCK_PROFILE]ws_fb_notify_callback: val=1, blank=0
[   94.427400] (0)[341:recovery]gf_tee: [info] goodix_fb_state_chg_callback go to the goodix_fb_state_chg_callback value = 1
[   94.477129] (0)[341:recovery][M4U] m4u_fb_notifier_callback 1, 9
[   94.477137] (0)[341:recovery][black_check]: black_fb_notifier_callback:event = 1 status:3
[   94.477140] (0)[341:recovery][bright_check]: bright_fb_notifier_callback:event = 1,status:3
[   94.477144] (0)[341:recovery][WAKELOCK_PROFILE]ws_fb_notify_callback: val=1, blank=0
[   94.477148] (0)[341:recovery]gf_tee: [info] goodix_fb_state_chg_callback go to the goodix_fb_state_chg_callback value = 1
[   94.543873] (0)[341:recovery][M4U] m4u_fb_notifier_callback 1, 9
[   94.543880] (0)[341:recovery][black_check]: black_fb_notifier_callback:event = 1 status:3
[   94.543884] (0)[341:recovery][bright_check]: bright_fb_notifier_callback:event = 1,status:3
[   94.543887] (0)[341:recovery][WAKELOCK_PROFILE]ws_fb_notify_callback: val=1, blank=0
[   94.543891] (0)[341:recovery]gf_tee: [info] goodix_fb_state_chg_callback go to the goodix_fb_state_chg_callback value = 1
[   94.586164] (3)[58:kworker/3:1]oppo_custome_sync_work is called
[   94.586230] (2)[341:recovery]oppo_custome_sync_work: file /dev/block/by-name/oppo_custom is no exit
[   94.610503] (2)[341:recovery][M4U] m4u_fb_notifier_callback 1, 9
[   94.610516] (2)[341:recovery][black_check]: black_fb_notifier_callback:event = 1 status:3
[   94.610523] (2)[341:recovery][bright_check]: bright_fb_notifier_callback:event = 1,status:3
[   94.610530] (2)[341:recovery][WAKELOCK_PROFILE]ws_fb_notify_callback: val=1, blank=0
[   94.610537] (2)[341:recovery]gf_tee: [info] goodix_fb_state_chg_callback go to the goodix_fb_state_chg_callback value = 1
[   94.666694] (6)[647:usb ffs open]read descriptors
[   94.666728] (6)[647:usb ffs open]read strings
[   94.676858] (2)[341:recovery][M4U] m4u_fb_notifier_callback 1, 9
[   94.676867] (2)[341:recovery][black_check]: black_fb_notifier_callback:event = 1 status:3
[   94.676872] (2)[341:recovery][bright_check]: bright_fb_notifier_callback:event = 1,status:3
[   94.676876] (2)[341:recovery][WAKELOCK_PROFILE]ws_fb_notify_callback: val=1, blank=0
[   94.676881] (2)[341:recovery]gf_tee: [info] goodix_fb_state_chg_callback go to the goodix_fb_state_chg_callback value = 1
[   94.682081] (0)[14:kworker/0:1]MTP, <do_monitor_work(), 2033> IN <1 0 0 0 1 0 0 0 0 >
[   94.682098] (0)[14:kworker/0:1]MTP, <do_monitor_work(), 2040> OUT <0 0 0 0 0 0 0 0 0 >
[   94.714312] (2)[56:kworker/2:1][Thermal/TZ/PMIC] [tsbuck2_raw_to_temp] 657, 391649, 1000000, -1863
[   94.714329] (2)[56:kworker/2:1][Thermal/TZ/PMIC] [tsbuck2_raw_to_temp] t_current=38992
[   94.714334] (2)[56:kworker/2:1][Thermal/TZ/PMIC] mt6357tsbuck2_get_hw_temp raw=657 T=38992
[   94.714339] (2)[56:kworker/2:1][Thermal/TZ/PMIC] mt6357tsbuck2_get_hw_temp pre_tsbuck2_temp1=38992
[   94.726749] (2)[341:recovery][M4U] m4u_fb_notifier_callback 1, 9
[   94.726757] (2)[341:recovery][black_check]: black_fb_notifier_callback:event = 1 status:3
[   94.726761] (2)[341:recovery][bright_check]: bright_fb_notifier_callback:event = 1,status:3
[   94.726764] (2)[341:recovery][WAKELOCK_PROFILE]ws_fb_notify_callback: val=1, blank=0
[   94.726768] (2)[341:recovery]gf_tee: [info] goodix_fb_state_chg_callback go to the goodix_fb_state_chg_callback value = 1
[   94.793429] (0)[341:recovery][M4U] m4u_fb_notifier_callback 1, 9
[   94.793442] (0)[341:recovery][black_check]: black_fb_notifier_callback:event = 1 status:3
[   94.793448] (0)[341:recovery][bright_check]: bright_fb_notifier_callback:event = 1,status:3
[   94.793455] (0)[341:recovery][WAKELOCK_PROFILE]ws_fb_notify_callback: val=1, blank=0
[   94.793463] (0)[341:recovery]gf_tee: [info] goodix_fb_state_chg_callback go to the goodix_fb_state_chg_callback value = 1
[   94.842951] (0)[341:recovery][M4U] m4u_fb_notifier_callback 1, 9
[   94.842963] (0)[341:recovery][black_check]: black_fb_notifier_callback:event = 1 status:3
[   94.842969] (0)[341:recovery][bright_check]: bright_fb_notifier_callback:event = 1,status:3
[   94.842976] (0)[341:recovery][WAKELOCK_PROFILE]ws_fb_notify_callback: val=1, blank=0
[   94.842984] (0)[341:recovery]gf_tee: [info] goodix_fb_state_chg_callback go to the goodix_fb_state_chg_callback value = 1
[   94.909804] (0)[341:recovery][M4U] m4u_fb_notifier_callback 1, 9
[   94.909816] (0)[341:recovery][black_check]: black_fb_notifier_callback:event = 1 status:3
[   94.909822] (0)[341:recovery][bright_check]: bright_fb_notifier_callback:event = 1,status:3
[   94.909829] (0)[341:recovery][WAKELOCK_PROFILE]ws_fb_notify_callback: val=1, blank=0
[   94.909837] (0)[341:recovery]gf_tee: [info] goodix_fb_state_chg_callback go to the goodix_fb_state_chg_callback value = 1
[   94.959598] (0)[341:recovery][M4U] m4u_fb_notifier_callback 1, 9
[   94.959606] (0)[341:recovery][black_check]: black_fb_notifier_callback:event = 1 status:3
[   94.959609] (0)[341:recovery][bright_check]: bright_fb_notifier_callback:event = 1,status:3
[   94.959612] (0)[341:recovery][WAKELOCK_PROFILE]ws_fb_notify_callback: val=1, blank=0
[   94.959617] (0)[341:recovery]gf_tee: [info] goodix_fb_state_chg_callback go to the goodix_fb_state_chg_callback value = 1
[   94.970256] (1)[313:kworker/1:3]last full = 0, full = 0
[   94.979160] (1)[55:kworker/1:1]get prop 105 is not supported in batt
[   94.979486] (6)[351:health@2.1-serv][OPLUS_CHG][oplus_ac_get_property]0 0 0 0 0 0 0 1 0 ac_online:0
[   94.979883] (6)[351:health@2.1-serv]bq2560x-charger 5-006b: bq2560x_charger_get_online: online = 0
[   94.980007] (6)[351:health@2.1-serv]healthd: battery l=50 v=3823 t=38.2 h=2 st=4 c=292 fc=0 chg=
[   94.981985] (6)[351:health@2.1-serv][OPLUS_CHG][oplus_ac_get_property]0 0 0 0 0 0 0 1 0 ac_online:0
[   94.982354] (6)[351:health@2.1-serv]bq2560x-charger 5-006b: bq2560x_charger_get_online: online = 0
[   94.982923] (1)[313:kworker/1:3][bq2560x]:bq2560x_dump_regs: [00]=0x7f  [01]=0x0a  [02]=0x85  [03]=0x33  [04]=0x88  [05]=0x87  [06]=0x55  [07]=0x49  [08]=0x01  [09]=0x00  [0a]=0x03  [0b]=0x14  
[   94.982953] (1)[313:kworker/1:3][OPLUS_CHG][oplus_chg_print_log] CHGR[ 0 / 0 / 9 / 3 / 2 ], BAT[ 1 / 0 / 0 / 0 / 1 / 0 ], GAUGE[ 382 / 3823 / 3824 / 262 / -1 / 50 / 50 / 50 / -1 / 0 / 0 / 0 / 0 / 0 / 0 / 0 / 0 / 0 / 0 / 0 / 0 / 0 /], STATUS[ 0x0 / 0 / 0 / 0 / 0 / 0x0 ], OTHER[ 1 / 1 / 7 / 2 / 0/ 0 / -2740]
[   94.984292] (6)[351:health@2.1-serv][OPLUS_CHG][oplus_ac_get_property]0 0 0 0 0 0 0 1 0 ac_online:0
[   94.984631] (6)[351:health@2.1-serv]bq2560x-charger 5-006b: bq2560x_charger_get_online: online = 0
[   94.984740] (6)[351:health@2.1-serv]healthd: battery l=50 v=3823 t=38.2 h=2 st=4 c=293 fc=0 chg=
[   94.986601] (6)[351:health@2.1-serv][OPLUS_CHG][oplus_ac_get_property]0 0 0 0 0 0 0 1 0 ac_online:0
[   94.986936] (6)[351:health@2.1-serv]bq2560x-charger 5-006b: bq2560x_charger_get_online: online = 0
[   95.009186] (0)[341:recovery][M4U] m4u_fb_notifier_callback 1, 9
[   95.009194] (0)[341:recovery][black_check]: black_fb_notifier_callback:event = 1 status:3
[   95.009197] (0)[341:recovery][bright_check]: bright_fb_notifier_callback:event = 1,status:3
[   95.009201] (0)[341:recovery][WAKELOCK_PROFILE]ws_fb_notify_callback: val=1, blank=0
[   95.009205] (0)[341:recovery]gf_tee: [info] goodix_fb_state_chg_callback go to the goodix_fb_state_chg_callback value = 1
[   95.059368] (0)[341:recovery][M4U] m4u_fb_notifier_callback 1, 9
[   95.059376] (0)[341:recovery][black_check]: black_fb_notifier_callback:event = 1 status:3
[   95.059379] (0)[341:recovery][bright_check]: bright_fb_notifier_callback:event = 1,status:3
[   95.059382] (0)[341:recovery][WAKELOCK_PROFILE]ws_fb_notify_callback: val=1, blank=0
[   95.059387] (0)[341:recovery]gf_tee: [info] goodix_fb_state_chg_callback go to the goodix_fb_state_chg_callback value = 1
[   95.125703] (0)[341:recovery][M4U] m4u_fb_notifier_callback 1, 9
[   95.125710] (0)[341:recovery][black_check]: black_fb_notifier_callback:event = 1 status:3
[   95.125714] (0)[341:recovery][bright_check]: bright_fb_notifier_callback:event = 1,status:3
[   95.125717] (0)[341:recovery][WAKELOCK_PROFILE]ws_fb_notify_callback: val=1, blank=0
[   95.125721] (0)[341:recovery]gf_tee: [info] goodix_fb_state_chg_callback go to the goodix_fb_state_chg_callback value = 1
[   95.192208] (0)[341:recovery][M4U] m4u_fb_notifier_callback 1, 9
[   95.192216] (0)[341:recovery][black_check]: black_fb_notifier_callback:event = 1 status:3
[   95.192219] (0)[341:recovery][bright_check]: bright_fb_notifier_callback:event = 1,status:3
[   95.192223] (0)[341:recovery][WAKELOCK_PROFILE]ws_fb_notify_callback: val=1, blank=0
[   95.192227] (0)[341:recovery]gf_tee: [info] goodix_fb_state_chg_callback go to the goodix_fb_state_chg_callback value = 1
[   95.242005] (0)[341:recovery][M4U] m4u_fb_notifier_callback 1, 9
[   95.242013] (0)[341:recovery][black_check]: black_fb_notifier_callback:event = 1 status:3
[   95.242016] (0)[341:recovery][bright_check]: bright_fb_notifier_callback:event = 1,status:3
[   95.242020] (0)[341:recovery][WAKELOCK_PROFILE]ws_fb_notify_callback: val=1, blank=0
[   95.242024] (0)[341:recovery]gf_tee: [info] goodix_fb_state_chg_callback go to the goodix_fb_state_chg_callback value = 1
[   95.291972] (0)[341:recovery][M4U] m4u_fb_notifier_callback 1, 9
[   95.291980] (0)[341:recovery][black_check]: black_fb_notifier_callback:event = 1 status:3
[   95.291983] (0)[341:recovery][bright_check]: bright_fb_notifier_callback:event = 1,status:3
[   95.291986] (0)[341:recovery][WAKELOCK_PROFILE]ws_fb_notify_callback: val=1, blank=0
[   95.291990] (0)[341:recovery]gf_tee: [info] goodix_fb_state_chg_callback go to the goodix_fb_state_chg_callback value = 1
[   95.353547] (5)[118:watchdogd]watchdog0, mtk wdt ping, wdd->status=8
[   95.358609] (0)[341:recovery][M4U] m4u_fb_notifier_callback 1, 9
[   95.358621] (0)[341:recovery][black_check]: black_fb_notifier_callback:event = 1 status:3
[   95.358628] (0)[341:recovery][bright_check]: bright_fb_notifier_callback:event = 1,status:3
[   95.358634] (0)[341:recovery][WAKELOCK_PROFILE]ws_fb_notify_callback: val=1, blank=0
[   95.358643] (0)[341:recovery]gf_tee: [info] goodix_fb_state_chg_callback go to the goodix_fb_state_chg_callback value = 1
[   95.408457] (0)[341:recovery][M4U] m4u_fb_notifier_callback 1, 9
[   95.408464] (0)[341:recovery][black_check]: black_fb_notifier_callback:event = 1 status:3
[   95.408467] (0)[341:recovery][bright_check]: bright_fb_notifier_callback:event = 1,status:3
[   95.408470] (0)[341:recovery][WAKELOCK_PROFILE]ws_fb_notify_callback: val=1, blank=0
[   95.408474] (0)[341:recovery]gf_tee: [info] goodix_fb_state_chg_callback go to the goodix_fb_state_chg_callback value = 1
[   95.458313] (0)[341:recovery][M4U] m4u_fb_notifier_callback 1, 9
[   95.458321] (0)[341:recovery][black_check]: black_fb_notifier_callback:event = 1 status:3
[   95.458324] (0)[341:recovery][bright_check]: bright_fb_notifier_callback:event = 1,status:3
[   95.458327] (0)[341:recovery][WAKELOCK_PROFILE]ws_fb_notify_callback: val=1, blank=0
[   95.458332] (0)[341:recovery]gf_tee: [info] goodix_fb_state_chg_callback go to the goodix_fb_state_chg_callback value = 1
[   95.524804] (0)[341:recovery][M4U] m4u_fb_notifier_callback 1, 9
[   95.524811] (0)[341:recovery][black_check]: black_fb_notifier_callback:event = 1 status:3
[   95.524814] (0)[341:recovery][bright_check]: bright_fb_notifier_callback:event = 1,status:3
[   95.524817] (0)[341:recovery][WAKELOCK_PROFILE]ws_fb_notify_callback: val=1, blank=0
[   95.524822] (0)[341:recovery]gf_tee: [info] goodix_fb_state_chg_callback go to the goodix_fb_state_chg_callback value = 1
[   95.574682] (0)[341:recovery][M4U] m4u_fb_notifier_callback 1, 9
[   95.574689] (0)[341:recovery][black_check]: black_fb_notifier_callback:event = 1 status:3
[   95.574693] (0)[341:recovery][bright_check]: bright_fb_notifier_callback:event = 1,status:3
[   95.574696] (0)[341:recovery][WAKELOCK_PROFILE]ws_fb_notify_callback: val=1, blank=0
[   95.574701] (0)[341:recovery]gf_tee: [info] goodix_fb_state_chg_callback go to the goodix_fb_state_chg_callback value = 1
[   95.610088] (3)[58:kworker/3:1]oppo_custome_sync_work is called
[   95.610148] (0)[341:recovery]oppo_custome_sync_work: file /dev/block/by-name/oppo_custom is no exit
[   95.641323] (0)[341:recovery][M4U] m4u_fb_notifier_callback 1, 9
[   95.641335] (0)[341:recovery][black_check]: black_fb_notifier_callback:event = 1 status:3
[   95.641342] (0)[341:recovery][bright_check]: bright_fb_notifier_callback:event = 1,status:3
[   95.641349] (0)[341:recovery][WAKELOCK_PROFILE]ws_fb_notify_callback: val=1, blank=0
[   95.641356] (0)[341:recovery]gf_tee: [info] goodix_fb_state_chg_callback go to the goodix_fb_state_chg_callback value = 1
[   95.691235] (0)[341:recovery][M4U] m4u_fb_notifier_callback 1, 9
[   95.691247] (0)[341:recovery][black_check]: black_fb_notifier_callback:event = 1 status:3
[   95.691254] (0)[341:recovery][bright_check]: bright_fb_notifier_callback:event = 1,status:3
[   95.691261] (0)[341:recovery][WAKELOCK_PROFILE]ws_fb_notify_callback: val=1, blank=0
[   95.691268] (0)[341:recovery]gf_tee: [info] goodix_fb_state_chg_callback go to the goodix_fb_state_chg_callback value = 1
[   95.706013] (0)[14:kworker/0:1]MTP, <do_monitor_work(), 2033> IN <1 0 0 0 1 0 0 0 0 >
[   95.706032] (0)[14:kworker/0:1]MTP, <do_monitor_work(), 2040> OUT <0 0 0 0 0 0 0 0 0 >
[   95.710701] (5)[647:usb ffs open]read descriptors
[   95.710758] (5)[647:usb ffs open]read strings
[   95.757693] (0)[341:recovery][M4U] m4u_fb_notifier_callback 1, 9
[   95.757705] (0)[341:recovery][black_check]: black_fb_notifier_callback:event = 1 status:3
[   95.757712] (0)[341:recovery][bright_check]: bright_fb_notifier_callback:event = 1,status:3
[   95.757719] (0)[341:recovery][WAKELOCK_PROFILE]ws_fb_notify_callback: val=1, blank=0
[   95.757727] (0)[341:recovery]gf_tee: [info] goodix_fb_state_chg_callback go to the goodix_fb_state_chg_callback value = 1
[   95.824182] (0)[341:recovery][M4U] m4u_fb_notifier_callback 1, 9
[   95.824190] (0)[341:recovery][black_check]: black_fb_notifier_callback:event = 1 status:3
[   95.824193] (0)[341:recovery][bright_check]: bright_fb_notifier_callback:event = 1,status:3
[   95.824197] (0)[341:recovery][WAKELOCK_PROFILE]ws_fb_notify_callback: val=1, blank=0
[   95.824201] (0)[341:recovery]gf_tee: [info] goodix_fb_state_chg_callback go to the goodix_fb_state_chg_callback value = 1
[   95.890752] (0)[341:recovery][M4U] m4u_fb_notifier_callback 1, 9
[   95.890764] (0)[341:recovery][black_check]: black_fb_notifier_callback:event = 1 status:3
[   95.890771] (0)[341:recovery][bright_check]: bright_fb_notifier_callback:event = 1,status:3
[   95.890795] (0)[341:recovery][WAKELOCK_PROFILE]ws_fb_notify_callback: val=1, blank=0
[   95.890803] (0)[341:recovery]gf_tee: [info] goodix_fb_state_chg_callback go to the goodix_fb_state_chg_callback value = 1
[   95.957244] (0)[341:recovery][M4U] m4u_fb_notifier_callback 1, 9
[   95.957256] (0)[341:recovery][black_check]: black_fb_notifier_callback:event = 1 status:3
[   95.957262] (0)[341:recovery][bright_check]: bright_fb_notifier_callback:event = 1,status:3
[   95.957269] (0)[341:recovery][WAKELOCK_PROFILE]ws_fb_notify_callback: val=1, blank=0
[   95.957277] (0)[341:recovery]gf_tee: [info] goodix_fb_state_chg_callback go to the goodix_fb_state_chg_callback value = 1
[   96.007096] (0)[341:recovery][M4U] m4u_fb_notifier_callback 1, 9
[   96.007103] (0)[341:recovery][black_check]: black_fb_notifier_callback:event = 1 status:3
[   96.007106] (0)[341:recovery][bright_check]: bright_fb_notifier_callback:event = 1,status:3
[   96.007110] (0)[341:recovery][WAKELOCK_PROFILE]ws_fb_notify_callback: val=1, blank=0
[   96.007114] (0)[341:recovery]gf_tee: [info] goodix_fb_state_chg_callback go to the goodix_fb_state_chg_callback value = 1
[   96.073561] (0)[341:recovery][M4U] m4u_fb_notifier_callback 1, 9
[   96.073569] (0)[341:recovery][black_check]: black_fb_notifier_callback:event = 1 status:3
[   96.073572] (0)[341:recovery][bright_check]: bright_fb_notifier_callback:event = 1,status:3
[   96.073575] (0)[341:recovery][WAKELOCK_PROFILE]ws_fb_notify_callback: val=1, blank=0
[   96.073579] (0)[341:recovery]gf_tee: [info] goodix_fb_state_chg_callback go to the goodix_fb_state_chg_callback value = 1
[   96.140084] (0)[341:recovery][M4U] m4u_fb_notifier_callback 1, 9
[   96.140091] (0)[341:recovery][black_check]: black_fb_notifier_callback:event = 1 status:3
[   96.140094] (0)[341:recovery][bright_check]: bright_fb_notifier_callback:event = 1,status:3
[   96.140097] (0)[341:recovery][WAKELOCK_PROFILE]ws_fb_notify_callback: val=1, blank=0
[   96.140102] (0)[341:recovery]gf_tee: [info] goodix_fb_state_chg_callback go to the goodix_fb_state_chg_callback value = 1
[   96.206728] (0)[341:recovery][M4U] m4u_fb_notifier_callback 1, 9
[   96.206736] (0)[341:recovery][black_check]: black_fb_notifier_callback:event = 1 status:3
[   96.206739] (0)[341:recovery][bright_check]: bright_fb_notifier_callback:event = 1,status:3
[   96.206743] (0)[341:recovery][WAKELOCK_PROFILE]ws_fb_notify_callback: val=1, blank=0
[   96.206748] (0)[341:recovery]gf_tee: [info] goodix_fb_state_chg_callback go to the goodix_fb_state_chg_callback value = 1
[   96.323340] (0)[341:recovery][M4U] m4u_fb_notifier_callback 1, 9
[   96.323352] (0)[341:recovery][black_check]: black_fb_notifier_callback:event = 1 status:3
[   96.323359] (0)[341:recovery][bright_check]: bright_fb_notifier_callback:event = 1,status:3
[   96.323366] (0)[341:recovery][WAKELOCK_PROFILE]ws_fb_notify_callback: val=1, blank=0
[   96.323374] (0)[341:recovery]gf_tee: [info] goodix_fb_state_chg_callback go to the goodix_fb_state_chg_callback value = 1
[   96.634219] (3)[58:kworker/3:1]oppo_custome_sync_work is called
[   96.634265] (0)[14:kworker/0:1]oppo_custome_sync_work: file /dev/block/by-name/oppo_custom is no exit
[   96.729935] (0)[14:kworker/0:1]MTP, <do_monitor_work(), 2033> IN <1 0 0 0 1 0 0 0 0 >
[   96.729954] (0)[14:kworker/0:1]MTP, <do_monitor_work(), 2040> OUT <0 0 0 0 0 0 0 0 0 >
[   96.746686] (7)[647:usb ffs open]read descriptors
[   96.746737] (7)[647:usb ffs open]read strings
[   97.136822] (4)[257:type_c_port0]sgm7220_irq_work_handler enter!
[   97.137732] (4)[257:type_c_port0]sgm7220_get_power_status enter
[   97.138091] (4)[257:type_c_port0]sgm7220_process_tcpci_attach_state power_status = 0x 4, vbus_level = 2
[   97.138122] (4)[257:type_c_port0]sgm7220_process_tcpci_attach_state typec_attach_old = 0 tcpc_dev->typec_attach_new = 0 type_c_param.attach_stat = 2 old.attach_state = 0 
[   97.138236] (4)[257:type_c_port0]sgm7220_process_tcpci_attach_state typec_attach_old = 1 tcpc_dev->typec_attach_new = 1 type_c_param.attach_stat = 2 old.attach_state = 2 
[   97.138411] (7)[262:kworker/u16:2]PD charger event:14 0
[   97.138442] (7)[262:kworker/u16:2][bq2560x]:pd_tcp_notifier_call: pd_tcp_notifier_call USB Plug in, pol = 0
[   97.138466] (7)[262:kworker/u16:2][bq2560x]:pd_tcp_notifier_call: pd_tcp_notifier_call call switch_usb_state = 1 
[   97.138572] (7)[262:kworker/u16:2][MUSB]otg_tcp_notifier_call 387: TCP_NOTIFY_TYPEC_STATE, old_state=0, new_state=1
[   97.138585] (4)[259:attach_thread][bq2560x]:bq2560x_enable_chgdet: bq2560x_enable_chgdet:1
[   97.138661] (7)[262:kworker/u16:2][MUSB]otg_tcp_notifier_call 378: source vbus = 0mv
[   97.138709] (7)[262:kworker/u16:2][MUSB]mt_usb_vbus_off 367: vbus_off
[   97.138752] (7)[262:kworker/u16:2][MUSB]issue_vbus_work 353: issue work, ops<0>, delay<0>
[   97.138848] (7)[262:kworker/u16:2][MUSB]_set_vbus 186: op<0>, status<0>
[   97.139301] (4)[57:kworker/4:1][OPLUS_CHG][oplus_charger_detect_check]Charger in 1 charger_type=5
[   97.139402] (4)[57:kworker/4:1][OPLUS_CHG][oplus_charger_detect_check]enable charging
[   97.139439] (4)[57:kworker/4:1]bq2560x-charger 5-006b: oplus_bq2560x_hardware_init
[   97.141011] (4)[57:kworker/4:1][OPLUS_CHG][oplus_chg_set_charging_current][BATTERY]LED ON, charging current: 2200
[   97.141366] (4)[57:kworker/4:1][OPLUS_CHG][oplus_chg_set_input_current_limit][BATTERY]LED STATUS CHANGED, IS ON
[   97.141398] (4)[57:kworker/4:1][OPLUS_CHG][oplus_chg_set_input_current_limit] led_on = 1, \x09\x09current_limit = 1200, \x09\x09led_temp_status = 2, \x09\x09cool_down = 0, \x09\x09cool_down_force_5v = 0.
[   97.141433] (4)[57:kworker/4:1]bq2560x-charger 5-006b: oplus_bq2560x_input_current_limit_protection:input_cur_ma:1200 temp_cur:1200
[   97.141534] (4)[435:kworker/4:3]bq2560x-charger 5-006b: oplus_bq2560x_set_aicr usb input max current limit=500
[   97.150020] (4)[57:kworker/4:1][OPLUS_CHG][oplus_chg_set_charging_current][BATTERY]LED ON, charging current: 2200
[   97.150399] (4)[57:kworker/4:1][OPLUS_CHG][oplus_chg_set_input_current_limit][BATTERY]LED STATUS CHANGED, IS ON
[   97.150432] (4)[57:kworker/4:1][OPLUS_CHG][oplus_chg_set_input_current_limit] led_on = 1, \x09\x09current_limit = 1200, \x09\x09led_temp_status = 2, \x09\x09cool_down = 0, \x09\x09cool_down_force_5v = 0.
[   97.150467] (4)[57:kworker/4:1]bq2560x-charger 5-006b: oplus_bq2560x_input_current_limit_protection:input_cur_ma:1200 temp_cur:1200
[   97.150837] (4)[57:kworker/4:1][OPLUS_CHG][oplus_chg_set_charging_current][BATTERY]LED ON, charging current: 2200
[   97.151210] (4)[57:kworker/4:1][OPLUS_CHG][oplus_chg_check_tbatt_normal_status]tbatt_normal_status status change, [3 160 220 340 360 420 420]
[   97.236138] (5)[258:irq/107-bq2560x][bq2560x]:bq2560x_irq_handler: bq2560x_irq_handler:(0,1)
[   97.236624] (5)[258:irq/107-bq2560x][bq2560x]:bq2560x_irq_handler: adapter/usb inserted
[   97.243246] (4)[435:kworker/4:3]bq2560x-charger 5-006b: oplus_bq2560x_set_aicr:usb input max current limit aicl chg_vol=5033 j[1]=500 sw_aicl_point:4500 aicl_end
[   97.258014] (4)[57:kworker/4:1][OPLUS_CHG][oplus_chg_qc_config]chip->charger_type[5], subtype[0]
[   97.258124] (4)[57:kworker/4:1][OPLUS_CHG][oplus_chg_update_ui_soc]ui_soc:50,waiting_for_ffc:1,fastchg_to_ffc:1,fastchg_start:0,chg_type=0x0
[   97.258138] (5)[307:shortc_thread][OPLUS_CHG][oplus_chg_short_c_battery_check]oplus_is_normal_boot[false]
[   97.258393] (4)[435:kworker/4:3][OPLUS_CHG][oplus_get_typec_cc_orientation]: cc[2]
[   97.260665] (5)[351:health@2.1-serv][OPLUS_CHG][oplus_ac_get_property]5 0 0 0 0 0 0 1 1 ac_online:1
[   97.261373] (5)[351:health@2.1-serv]bq2560x-charger 5-006b: bq2560x_charger_get_online: online = 1
[   97.261814] (5)[351:health@2.1-serv]healthd: 1
[   97.262431] (5)[351:health@2.1-serv][TP]touchpanel: proc_switch_usb_state_write: check usb state : 1, is_suspended: 0
[   97.263646] (4)[435:kworker/4:3]get prop 105 is not supported in batt
[   97.266535] (6)[351:health@2.1-serv]healthd: battery l=50 v=3832 t=38.2 h=2 st=2 c=-408 fc=0 chg=au
[   97.267909] (6)[351:health@2.1-serv][OPLUS_CHG][oplus_ac_get_property]5 0 0 0 0 0 0 1 1 ac_online:1
[   97.268411] (6)[351:health@2.1-serv]bq2560x-charger 5-006b: bq2560x_charger_get_online: online = 1
[   97.268864] -(6)[351:health@2.1-serv]alarmtimer_enqueue, 157238959082
[   97.269589] (4)[57:kworker/4:1][bq2560x]:bq2560x_dump_regs: [00]=0x64  [01]=0x1a  [02]=0xa4  [03]=0x33  [04]=0x90  [05]=0x27  [06]=0x55  [07]=0x49  [08]=0x34  [09]=0x00  [0a]=0xa3  [0b]=0x14  
[   97.269662] (4)[57:kworker/4:1][OPLUS_CHG][oplus_chg_print_log] CHGR[ 1 / 5 / 5128 / 1 / 2 ], BAT[ 1 / 0 / 1 / 0 / 1 / 5 ], GAUGE[ 382 / 3832 / 3832 / -374 / -1 / 50 / 50 / 50 / -1 / 0 / 0 / 0 / 0 / 0 / 0 / 0 / 0 / 0 / 0 / 0 / 0 / 0 /], STATUS[ 0x0 / 0 / 0 / 0 / 0 / 0x0 ], OTHER[ 1 / 1 / 7 / 2 / 0/ 1 / -2740]
[   97.270812] (6)[351:health@2.1-serv][OPLUS_CHG][oplus_ac_get_property]5 0 0 0 0 0 0 1 1 ac_online:1
[   97.271494] (6)[351:health@2.1-serv]bq2560x-charger 5-006b: bq2560x_charger_get_online: online = 1
[   97.271959] (6)[351:health@2.1-serv]healthd: battery l=50 v=3832 t=38.2 h=2 st=2 c=-374 fc=0 chg=au
[   97.276502] (6)[351:health@2.1-serv][OPLUS_CHG][oplus_ac_get_property]5 0 0 0 0 0 0 1 1 ac_online:1
[   97.277061] (6)[351:health@2.1-serv]bq2560x-charger 5-006b: bq2560x_charger_get_online: online = 1
[   97.277659] (4)[57:kworker/4:1][OPLUS_CHG][oplus_chg_qc_config]chip->charger_type[5], subtype[0]
[   97.277752] (4)[57:kworker/4:1][OPLUS_CHG][oplus_chg_update_ui_soc]ui_soc:50,waiting_for_ffc:1,fastchg_to_ffc:1,fastchg_start:0,chg_type=0x0
[   97.277763] (5)[307:shortc_thread][OPLUS_CHG][oplus_chg_short_c_battery_check]oplus_is_normal_boot[false]
[   97.278026] (4)[435:kworker/4:3][OPLUS_CHG][oplus_get_typec_cc_orientation]: cc[2]
[   97.278655] (4)[435:kworker/4:3]get prop 105 is not supported in batt
[   97.279661] (6)[351:health@2.1-serv][OPLUS_CHG][oplus_ac_get_property]5 0 0 0 0 0 0 1 1 ac_online:1
[   97.280104] (6)[351:health@2.1-serv]bq2560x-charger 5-006b: bq2560x_charger_get_online: online = 1
[   97.280408] (6)[351:health@2.1-serv]healthd: battery l=50 v=3896 t=38.2 h=2 st=2 c=-432 fc=0 chg=au
[   97.281637] (6)[351:health@2.1-serv][OPLUS_CHG][oplus_ac_get_property]5 0 0 0 0 0 0 1 1 ac_online:1
[   97.282237] (6)[351:health@2.1-serv]bq2560x-charger 5-006b: bq2560x_charger_get_online: online = 1
[   97.283757] (6)[351:health@2.1-serv][OPLUS_CHG][oplus_ac_get_property]5 0 0 0 0 0 0 1 1 ac_online:1
[   97.284139] (6)[351:health@2.1-serv]bq2560x-charger 5-006b: bq2560x_charger_get_online: online = 1
[   97.284400] (6)[351:health@2.1-serv]healthd: battery l=50 v=3896 t=38.2 h=2 st=2 c=-384 fc=0 chg=au
[   97.285525] (6)[351:health@2.1-serv][OPLUS_CHG][oplus_ac_get_property]5 0 0 0 0 0 0 1 1 ac_online:1
[   97.285891] (6)[351:health@2.1-serv]bq2560x-charger 5-006b: bq2560x_charger_get_online: online = 1
[   97.286448] (4)[57:kworker/4:1][bq2560x]:bq2560x_dump_regs: [00]=0x64  [01]=0x1a  [02]=0xa4  [03]=0x33  [04]=0x90  [05]=0x27  [06]=0x55  [07]=0x49  [08]=0x34  [09]=0x00  [0a]=0xa3  [0b]=0x14  
[   97.286496] (4)[57:kworker/4:1][OPLUS_CHG][oplus_chg_print_log] CHGR[ 1 / 5 / 4872 / 1 / 2 ], BAT[ 1 / 0 / 1 / 0 / 1 / 5 ], GAUGE[ 382 / 3896 / 3897 / -374 / -1 / 50 / 50 / 50 / -1 / 0 / 0 / 0 / 0 / 0 / 0 / 0 / 0 / 0 / 0 / 0 / 0 / 0 /], STATUS[ 0x0 / 0 / 0 / 0 / 0 / 0x0 ], OTHER[ 1 / 1 / 7 / 2 / 0/ 1 / -2740]
[   97.391046] (6)[0:swapper/6][name:spm&]Power/swap DP: No enter --- SODI3: No enter --- SODI: No enter --- 
[   97.391111] (6)[0:swapper/6]mcdi cpu: 250, 674, 169, 94, 354, 414, 400, 164, cluster : 227, 490, pause = 277, multi core = 109, latency = 64, residency = 1, last core = 273, avail cpu = 00ff, cluster = 0003, enabled = 1, max_s_state = 5, system_idle_hint = 00000000
[   97.442069] (5)[258:irq/107-bq2560x][bq2560x]:hw_bc11_init: CDP, block
[   97.658368] (3)[58:kworker/3:1]oppo_custome_sync_work is called
[   97.658454] (0)[14:kworker/0:1]oppo_custome_sync_work: file /dev/block/by-name/oppo_custom is no exit
[   97.754197] (0)[14:kworker/0:1]MTP, <do_monitor_work(), 2033> IN <1 0 0 0 1 0 0 0 0 >
[   97.754223] (0)[14:kworker/0:1]MTP, <do_monitor_work(), 2040> OUT <0 0 0 0 0 0 0 0 0 >
[   97.786350] (5)[262:kworker/u16:2][SCP] scp_ipi_send: SCP A not ready
[   97.786391] (5)[262:kworker/u16:2][sensorHub] scp_ipi_send fail
[   97.786775] (2)[56:kworker/2:1][sensorHub] scp_sensorHub_req_send fail!
[   97.798654] (4)[647:usb ffs open]read descriptors
[   97.798710] (4)[647:usb ffs open]read strings
[   97.869779] (0)[341:recovery][M4U] m4u_fb_notifier_callback 1, 9
[   97.869787] (0)[341:recovery][black_check]: black_fb_notifier_callback:event = 1 status:3
[   97.869791] (0)[341:recovery][bright_check]: bright_fb_notifier_callback:event = 1,status:3
[   97.869794] (0)[341:recovery][WAKELOCK_PROFILE]ws_fb_notify_callback: val=1, blank=0
[   97.869799] (0)[341:recovery]gf_tee: [info] goodix_fb_state_chg_callback go to the goodix_fb_state_chg_callback value = 1
[   98.472114] (0)[1:init]init: starting service 'cryptoeng-1-0'...
[   98.480363] (7)[1:init]init: Service 'cryptoeng-1-0' (pid 765) exited with status 1
[   98.480483] (7)[1:init]init: Sending signal 9 to service 'cryptoeng-1-0' (pid 765) process group...
[   98.480877] (7)[1:init]libprocessgroup: Successfully killed process cgroup uid 0 pid 765 in 0ms
[   98.518206] (2)[341:recovery][M4U] m4u_fb_notifier_callback 1, 9
[   98.518219] (2)[341:recovery][black_check]: black_fb_notifier_callback:event = 1 status:3
[   98.518225] (2)[341:recovery][bright_check]: bright_fb_notifier_callback:event = 1,status:3
[   98.518232] (2)[341:recovery][WAKELOCK_PROFILE]ws_fb_notify_callback: val=1, blank=0
[   98.518240] (2)[341:recovery]gf_tee: [info] goodix_fb_state_chg_callback go to the goodix_fb_state_chg_callback value = 1
[   98.560123] (5)[421:irq/17-touchpan][TP]touchpanel: touchpanel: Touchpanel id 0 :Down[ 169  950   13]
[   98.667847] (0)[341:recovery][M4U] m4u_fb_notifier_callback 1, 9
[   98.667854] (0)[341:recovery][black_check]: black_fb_notifier_callback:event = 1 status:3
[   98.667857] (0)[341:recovery][bright_check]: bright_fb_notifier_callback:event = 1,status:3
[   98.667860] (0)[341:recovery][WAKELOCK_PROFILE]ws_fb_notify_callback: val=1, blank=0
[   98.667864] (0)[341:recovery]gf_tee: [info] goodix_fb_state_chg_callback go to the goodix_fb_state_chg_callback value = 1
[   98.682180] (3)[58:kworker/3:1]oppo_custome_sync_work is called
[   98.682236] (0)[341:recovery]oppo_custome_sync_work: file /dev/block/by-name/oppo_custom is no exit
[   98.734461] (0)[341:recovery][M4U] m4u_fb_notifier_callback 1, 9
[   98.734472] (0)[341:recovery][black_check]: black_fb_notifier_callback:event = 1 status:3
[   98.734478] (0)[341:recovery][bright_check]: bright_fb_notifier_callback:event = 1,status:3
[   98.734485] (0)[341:recovery][WAKELOCK_PROFILE]ws_fb_notify_callback: val=1, blank=0
[   98.734492] (0)[341:recovery]gf_tee: [info] goodix_fb_state_chg_callback go to the goodix_fb_state_chg_callback value = 1
[   98.777971] (0)[14:kworker/0:1]MTP, <do_monitor_work(), 2033> IN <1 0 0 0 1 0 0 0 0 >
[   98.777988] (0)[14:kworker/0:1]MTP, <do_monitor_work(), 2040> OUT <0 0 0 0 0 0 0 0 0 >
[   98.800974] (0)[341:recovery][M4U] m4u_fb_notifier_callback 1, 9
[   98.800987] (0)[341:recovery][black_check]: black_fb_notifier_callback:event = 1 status:3
[   98.800993] (0)[341:recovery][bright_check]: bright_fb_notifier_callback:event = 1,status:3
[   98.801000] (0)[341:recovery][WAKELOCK_PROFILE]ws_fb_notify_callback: val=1, blank=0
[   98.801008] (0)[341:recovery]gf_tee: [info] goodix_fb_state_chg_callback go to the goodix_fb_state_chg_callback value = 1
[   98.810472] -(2)[56:kworker/2:1]mt635x_auxadc_read_raw: 5 callbacks suppressed
[   98.810480] (2)[56:kworker/2:1][Thermal/TZ/PMIC] [tsbuck1_raw_to_temp] 656, 390576, 1000000, -1863
[   98.810497] (2)[56:kworker/2:1][Thermal/TZ/PMIC] [tsbuck1_raw_to_temp] t_current=38456
[   98.810503] (2)[56:kworker/2:1][Thermal/TZ/PMIC] mt6357tsbuck1_get_hw_temp raw=656 T=38456
[   98.810508] (2)[56:kworker/2:1][Thermal/TZ/PMIC] mt6357tsbuck1_get_hw_temp pre_tsbuck1_temp1=38456
[   98.835039] (6)[647:usb ffs open]read descriptors
[   98.835099] (6)[647:usb ffs open]read strings
[   98.850785] (0)[341:recovery][M4U] m4u_fb_notifier_callback 1, 9
[   98.850793] (0)[341:recovery][black_check]: black_fb_notifier_callback:event = 1 status:3
[   98.850796] (0)[341:recovery][bright_check]: bright_fb_notifier_callback:event = 1,status:3
[   98.850799] (0)[341:recovery][WAKELOCK_PROFILE]ws_fb_notify_callback: val=1, blank=0
[   98.850803] (0)[341:recovery]gf_tee: [info] goodix_fb_state_chg_callback go to the goodix_fb_state_chg_callback value = 1
[   98.917412] (2)[341:recovery][M4U] m4u_fb_notifier_callback 1, 9
[   98.917425] (2)[341:recovery][black_check]: black_fb_notifier_callback:event = 1 status:3
[   98.917432] (2)[341:recovery][bright_check]: bright_fb_notifier_callback:event = 1,status:3
[   98.917439] (2)[341:recovery][WAKELOCK_PROFILE]ws_fb_notify_callback: val=1, blank=0
[   98.917446] (2)[341:recovery]gf_tee: [info] goodix_fb_state_chg_callback go to the goodix_fb_state_chg_callback value = 1
[   98.967174] (0)[341:recovery][M4U] m4u_fb_notifier_callback 1, 9
[   98.967181] (0)[341:recovery][black_check]: black_fb_notifier_callback:event = 1 status:3
[   98.967184] (0)[341:recovery][bright_check]: bright_fb_notifier_callback:event = 1,status:3
[   98.967188] (0)[341:recovery][WAKELOCK_PROFILE]ws_fb_notify_callback: val=1, blank=0
[   98.967192] (0)[341:recovery]gf_tee: [info] goodix_fb_state_chg_callback go to the goodix_fb_state_chg_callback value = 1
[   99.033727] (0)[341:recovery][M4U] m4u_fb_notifier_callback 1, 9
[   99.033735] (0)[341:recovery][black_check]: black_fb_notifier_callback:event = 1 status:3
[   99.033738] (0)[341:recovery][bright_check]: bright_fb_notifier_callback:event = 1,status:3
[   99.033741] (0)[341:recovery][WAKELOCK_PROFILE]ws_fb_notify_callback: val=1, blank=0
[   99.033745] (0)[341:recovery]gf_tee: [info] goodix_fb_state_chg_callback go to the goodix_fb_state_chg_callback value = 1
[   99.100300] (0)[341:recovery][M4U] m4u_fb_notifier_callback 1, 9
[   99.100313] (0)[341:recovery][black_check]: black_fb_notifier_callback:event = 1 status:3
[   99.100319] (0)[341:recovery][bright_check]: bright_fb_notifier_callback:event = 1,status:3
[   99.100326] (0)[341:recovery][WAKELOCK_PROFILE]ws_fb_notify_callback: val=1, blank=0
[   99.100334] (0)[341:recovery]gf_tee: [info] goodix_fb_state_chg_callback go to the goodix_fb_state_chg_callback value = 1
[   99.150133] (0)[341:recovery][M4U] m4u_fb_notifier_callback 1, 9
[   99.150141] (0)[341:recovery][black_check]: black_fb_notifier_callback:event = 1 status:3
[   99.150144] (0)[341:recovery][bright_check]: bright_fb_notifier_callback:event = 1,status:3
[   99.150148] (0)[341:recovery][WAKELOCK_PROFILE]ws_fb_notify_callback: val=1, blank=0
[   99.150152] (0)[341:recovery]gf_tee: [info] goodix_fb_state_chg_callback go to the goodix_fb_state_chg_callback value = 1
[   99.266726] (0)[341:recovery][M4U] m4u_fb_notifier_callback 1, 9
[   99.266739] (0)[341:recovery][black_check]: black_fb_notifier_callback:event = 1 status:3
[   99.266745] (0)[341:recovery][bright_check]: bright_fb_notifier_callback:event = 1,status:3
[   99.266752] (0)[341:recovery][WAKELOCK_PROFILE]ws_fb_notify_callback: val=1, blank=0
[   99.266785] (0)[341:recovery]gf_tee: [info] goodix_fb_state_chg_callback go to the goodix_fb_state_chg_callback value = 1
[   99.333079] (0)[341:recovery][M4U] m4u_fb_notifier_callback 1, 9
[   99.333091] (0)[341:recovery][black_check]: black_fb_notifier_callback:event = 1 status:3
[   99.333097] (0)[341:recovery][bright_check]: bright_fb_notifier_callback:event = 1,status:3
[   99.333104] (0)[341:recovery][WAKELOCK_PROFILE]ws_fb_notify_callback: val=1, blank=0
[   99.333112] (0)[341:recovery]gf_tee: [info] goodix_fb_state_chg_callback go to the goodix_fb_state_chg_callback value = 1
[   99.382964] (0)[341:recovery][M4U] m4u_fb_notifier_callback 1, 9
[   99.382972] (0)[341:recovery][black_check]: black_fb_notifier_callback:event = 1 status:3
[   99.382975] (0)[341:recovery][bright_check]: bright_fb_notifier_callback:event = 1,status:3
[   99.382978] (0)[341:recovery][WAKELOCK_PROFILE]ws_fb_notify_callback: val=1, blank=0
[   99.382982] (0)[341:recovery]gf_tee: [info] goodix_fb_state_chg_callback go to the goodix_fb_state_chg_callback value = 1
[   99.432775] (0)[341:recovery][M4U] m4u_fb_notifier_callback 1, 9
[   99.432783] (0)[341:recovery][black_check]: black_fb_notifier_callback:event = 1 status:3
[   99.432786] (0)[341:recovery][bright_check]: bright_fb_notifier_callback:event = 1,status:3
[   99.432789] (0)[341:recovery][WAKELOCK_PROFILE]ws_fb_notify_callback: val=1, blank=0
[   99.432793] (0)[341:recovery]gf_tee: [info] goodix_fb_state_chg_callback go to the goodix_fb_state_chg_callback value = 1
[   99.482734] (0)[341:recovery][M4U] m4u_fb_notifier_callback 1, 9
[   99.482741] (0)[341:recovery][black_check]: black_fb_notifier_callback:event = 1 status:3
[   99.482744] (0)[341:recovery][bright_check]: bright_fb_notifier_callback:event = 1,status:3
[   99.482748] (0)[341:recovery][WAKELOCK_PROFILE]ws_fb_notify_callback: val=1, blank=0
[   99.482752] (0)[341:recovery]gf_tee: [info] goodix_fb_state_chg_callback go to the goodix_fb_state_chg_callback value = 1
[   99.549189] (0)[341:recovery][M4U] m4u_fb_notifier_callback 1, 9
[   99.549196] (0)[341:recovery][black_check]: black_fb_notifier_callback:event = 1 status:3
[   99.549200] (0)[341:recovery][bright_check]: bright_fb_notifier_callback:event = 1,status:3
[   99.549203] (0)[341:recovery][WAKELOCK_PROFILE]ws_fb_notify_callback: val=1, blank=0
[   99.549207] (0)[341:recovery]gf_tee: [info] goodix_fb_state_chg_callback go to the goodix_fb_state_chg_callback value = 1
[   99.616046] (0)[341:recovery][M4U] m4u_fb_notifier_callback 1, 9
[   99.616059] (0)[341:recovery][black_check]: black_fb_notifier_callback:event = 1 status:3
[   99.616065] (0)[341:recovery][bright_check]: bright_fb_notifier_callback:event = 1,status:3
[   99.616072] (0)[341:recovery][WAKELOCK_PROFILE]ws_fb_notify_callback: val=1, blank=0
[   99.616080] (0)[341:recovery]gf_tee: [info] goodix_fb_state_chg_callback go to the goodix_fb_state_chg_callback value = 1
[   99.706194] (3)[58:kworker/3:1]oppo_custome_sync_work is called
[   99.706236] (0)[14:kworker/0:1]oppo_custome_sync_work: file /dev/block/by-name/oppo_custom is no exit
[   99.801930] (0)[14:kworker/0:1]MTP, <do_monitor_work(), 2033> IN <1 0 0 0 1 0 0 0 0 >
[   99.801945] (0)[14:kworker/0:1]MTP, <do_monitor_work(), 2040> OUT <0 0 0 0 0 0 0 0 0 >
[   99.834409] (2)[56:kworker/2:1][Thermal/TZ/PMIC] [tsbuck2_raw_to_temp] 656, 391649, 1000000, -1863
[   99.834421] (2)[56:kworker/2:1][Thermal/TZ/PMIC] [tsbuck2_raw_to_temp] t_current=39529
[   99.834426] (2)[56:kworker/2:1][Thermal/TZ/PMIC] mt6357tsbuck2_get_hw_temp raw=656 T=39529
[   99.834431] (2)[56:kworker/2:1][Thermal/TZ/PMIC] mt6357tsbuck2_get_hw_temp pre_tsbuck2_temp1=39529
[   99.878648] (4)[647:usb ffs open]read descriptors
[   99.878704] (4)[647:usb ffs open]read strings
[  100.064994] (0)[341:recovery][M4U] m4u_fb_notifier_callback 1, 9
[  100.065007] (0)[341:recovery][black_check]: black_fb_notifier_callback:event = 1 status:3
[  100.065014] (0)[341:recovery][bright_check]: bright_fb_notifier_callback:event = 1,status:3
[  100.065020] (0)[341:recovery][WAKELOCK_PROFILE]ws_fb_notify_callback: val=1, blank=0
[  100.065028] (0)[341:recovery]gf_tee: [info] goodix_fb_state_chg_callback go to the goodix_fb_state_chg_callback value = 1
[  100.347070] (4)[57:kworker/4:1][bq2560x]:charging_current_setting_work: [charging_current_setting_work] g_bq->chg_cur = 2200, uA = 2200000
[  100.730360] (3)[58:kworker/3:1]oppo_custome_sync_work is called
[  100.730447] (0)[14:kworker/0:1]oppo_custome_sync_work: file /dev/block/by-name/oppo_custom is no exit
[  100.826331] (0)[14:kworker/0:1]MTP, <do_monitor_work(), 2033> IN <1 0 0 0 1 0 0 0 0 >
[  100.826367] (0)[14:kworker/0:1]MTP, <do_monitor_work(), 2040> OUT <0 0 0 0 0 0 0 0 0 >
[  100.914878] (4)[647:usb ffs open]read descriptors
[  100.914939] (4)[647:usb ffs open]read strings
[  101.611476] (0)[341:recovery][M4U] m4u_fb_notifier_callback 1, 9
[  101.611484] (0)[341:recovery][black_check]: black_fb_notifier_callback:event = 1 status:3
[  101.611487] (0)[341:recovery][bright_check]: bright_fb_notifier_callback:event = 1,status:3
[  101.611491] (0)[341:recovery][WAKELOCK_PROFILE]ws_fb_notify_callback: val=1, blank=0
[  101.611495] (0)[341:recovery]gf_tee: [info] goodix_fb_state_chg_callback go to the goodix_fb_state_chg_callback value = 1
[  101.754081] (3)[58:kworker/3:1]oppo_custome_sync_work is called
[  101.754133] (0)[14:kworker/0:1]oppo_custome_sync_work: file /dev/block/by-name/oppo_custom is no exit
[  101.849931] (0)[14:kworker/0:1]MTP, <do_monitor_work(), 2033> IN <1 0 0 0 1 0 0 0 0 >
[  101.849945] (0)[14:kworker/0:1]MTP, <do_monitor_work(), 2040> OUT <0 0 0 0 0 0 0 0 0 >
[  101.962724] (7)[647:usb ffs open]read descriptors
[  101.962781] (7)[647:usb ffs open]read strings
[  101.984268] -(2)[0:swapper/2][thread:0] 2025-10-05 23:16:38.158574 UTC;android time 2025-10-05 23:16:38.158574
[  102.392596] (6)[0:swapper/6][name:spm&]Power/swap DP: No enter --- SODI3: No enter --- SODI: No enter --- 
[  102.392817] (6)[0:swapper/6]mcdi cpu: 278, 662, 160, 59, 352, 362, 518, 204, cluster : 264, 635, pause = 392, multi core = 139, latency = 41, residency = 0, last core = 389, avail cpu = 00ff, cluster = 0003, enabled = 1, max_s_state = 5, system_idle_hint = 00000000
[  102.502811] (0)[341:recovery]regulator_vibrator activate_store(258) :set activate duration = 1, 40
[  102.502841] (0)[341:recovery]regulator_vibrator vibrator_enable(198) :cancel hrtimer, cust:50-15000, dur:40, shutdown:0
[  102.503074] (7)[262:kworker/u16:2]regulator_vibrator update_vibrator(171) :vibr_state = 1
[  102.553181] (7)[262:kworker/u16:2]regulator_vibrator update_vibrator(171) :vibr_state = 0
[  102.559232] (0)[341:recovery][M4U] m4u_fb_notifier_callback 1, 9
[  102.559240] (0)[341:recovery][black_check]: black_fb_notifier_callback:event = 1 status:3
[  102.559243] (0)[341:recovery][bright_check]: bright_fb_notifier_callback:event = 1,status:3
[  102.559262] (0)[341:recovery][WAKELOCK_PROFILE]ws_fb_notify_callback: val=1, blank=0
[  102.559266] (0)[341:recovery]gf_tee: [info] goodix_fb_state_chg_callback go to the goodix_fb_state_chg_callback value = 1
[  102.609071] (0)[341:recovery][M4U] m4u_fb_notifier_callback 1, 9
[  102.609078] (0)[341:recovery][black_check]: black_fb_notifier_callback:event = 1 status:3
[  102.609081] (0)[341:recovery][bright_check]: bright_fb_notifier_callback:event = 1,status:3
[  102.609085] (0)[341:recovery][WAKELOCK_PROFILE]ws_fb_notify_callback: val=1, blank=0
[  102.609089] (0)[341:recovery]gf_tee: [info] goodix_fb_state_chg_callback go to the goodix_fb_state_chg_callback value = 1
[  102.709261] (5)[421:irq/17-touchpan][TP]touchpanel: touchpanel: Touchpanel id 0 :Down[   2  817    8]
[  102.778075] (3)[58:kworker/3:1]oppo_custome_sync_work is called
[  102.778131] (0)[14:kworker/0:1]oppo_custome_sync_work: file /dev/block/by-name/oppo_custom is no exit
[  102.873927] (0)[14:kworker/0:1]MTP, <do_monitor_work(), 2033> IN <1 0 0 0 1 0 0 0 0 >
[  102.873940] (0)[14:kworker/0:1]MTP, <do_monitor_work(), 2040> OUT <0 0 0 0 0 0 0 0 0 >
[  102.914697] (4)[57:kworker/4:1][OPLUS_CHG][oplus_chg_qc_config]chip->charger_type[5], subtype[0]
[  102.914787] (4)[57:kworker/4:1][OPLUS_CHG][oplus_chg_update_ui_soc]ui_soc:50,waiting_for_ffc:1,fastchg_to_ffc:1,fastchg_start:0,chg_type=0x0
[  102.914947] (5)[307:shortc_thread][OPLUS_CHG][oplus_chg_short_c_battery_check]oplus_is_normal_boot[false]
[  102.915005] (4)[435:kworker/4:3][OPLUS_CHG][oplus_get_typec_cc_orientation]: cc[2]
[  102.915728] (4)[435:kworker/4:3]get prop 105 is not supported in batt
[  102.916931] (6)[351:health@2.1-serv][OPLUS_CHG][oplus_ac_get_property]5 0 0 0 0 0 0 1 1 ac_online:1
[  102.917529] (6)[351:health@2.1-serv]bq2560x-charger 5-006b: bq2560x_charger_get_online: online = 1
[  102.918004] (6)[351:health@2.1-serv]healthd: battery l=50 v=3890 t=38.2 h=2 st=2 c=-303 fc=0 chg=au
[  102.918224] (4)[57:kworker/4:1][bq2560x]:bq2560x_dump_regs: [00]=0x64  [01]=0x1a  [02]=0xa4  [03]=0x33  [04]=0x90  [05]=0x27  [06]=0x55  [07]=0x49  [08]=0x34  [09]=0x00  [0a]=0xa3  [0b]=0x14  
[  102.918294] (4)[57:kworker/4:1][OPLUS_CHG][oplus_chg_print_log] CHGR[ 1 / 5 / 4825 / 1 / 2 ], BAT[ 1 / 0 / 1 / 0 / 1 / 10 ], GAUGE[ 382 / 3890 / 3891 / -303 / -1 / 50 / 50 / 50 / -1 / 0 / 0 / 0 / 0 / 0 / 0 / 0 / 0 / 0 / 0 / 0 / 0 / 0 /], STATUS[ 0x0 / 0 / 0 / 0 / 0 / 0x0 ], OTHER[ 1 / 1 / 7 / 2 / 0/ 1 / -2740]
[  102.919558] (6)[351:health@2.1-serv][OPLUS_CHG][oplus_ac_get_property]5 0 0 0 0 0 0 1 1 ac_online:1
[  102.920114] (6)[351:health@2.1-serv]bq2560x-charger 5-006b: bq2560x_charger_get_online: online = 1
[  102.922104] (6)[351:health@2.1-serv][OPLUS_CHG][oplus_ac_get_property]5 0 0 0 0 0 0 1 1 ac_online:1
[  102.922685] (6)[351:health@2.1-serv]bq2560x-charger 5-006b: bq2560x_charger_get_online: online = 1
[  102.923147] (6)[351:health@2.1-serv]healthd: battery l=50 v=3890 t=38.2 h=2 st=2 c=-249 fc=0 chg=au
[  102.924987] (6)[351:health@2.1-serv][OPLUS_CHG][oplus_ac_get_property]5 0 0 0 0 0 0 1 1 ac_online:1
[  102.925634] (6)[351:health@2.1-serv]bq2560x-charger 5-006b: bq2560x_charger_get_online: online = 1
[  103.034890] (7)[647:usb ffs open]read descriptors
[  103.034942] (7)[647:usb ffs open]read strings
[  103.158148] (0)[341:recovery][M4U] m4u_fb_notifier_callback 1, 9
[  103.158161] (0)[341:recovery][black_check]: black_fb_notifier_callback:event = 1 status:3
[  103.158168] (0)[341:recovery][bright_check]: bright_fb_notifier_callback:event = 1,status:3
[  103.158175] (0)[341:recovery][WAKELOCK_PROFILE]ws_fb_notify_callback: val=1, blank=0
[  103.158182] (0)[341:recovery]gf_tee: [info] goodix_fb_state_chg_callback go to the goodix_fb_state_chg_callback value = 1
[  103.475044] (2)[1:init]init: starting service 'cryptoeng-1-0'...
[  103.483582] (4)[1:init]init: Service 'cryptoeng-1-0' (pid 771) exited with status 1
[  103.483704] (4)[1:init]init: Sending signal 9 to service 'cryptoeng-1-0' (pid 771) process group...
[  103.484087] (4)[1:init]libprocessgroup: Successfully killed process cgroup uid 0 pid 771 in 0ms
[  103.802372] (3)[58:kworker/3:1]oppo_custome_sync_work is called
[  103.802459] (0)[14:kworker/0:1]oppo_custome_sync_work: file /dev/block/by-name/oppo_custom is no exit
[  103.898332] (0)[14:kworker/0:1]MTP, <do_monitor_work(), 2033> IN <1 0 0 0 1 0 0 0 0 >
[  103.898367] (0)[14:kworker/0:1]MTP, <do_monitor_work(), 2040> OUT <0 0 0 0 0 0 0 0 0 >
[  103.930636] (2)[56:kworker/2:1][Thermal/TZ/PMIC] [tsbuck1_raw_to_temp] 657, 390576, 1000000, -1863
[  103.930663] (2)[56:kworker/2:1][Thermal/TZ/PMIC] [tsbuck1_raw_to_temp] t_current=37919
[  103.930675] (2)[56:kworker/2:1][Thermal/TZ/PMIC] mt6357tsbuck1_get_hw_temp raw=657 T=37919
[  103.930686] (2)[56:kworker/2:1][Thermal/TZ/PMIC] mt6357tsbuck1_get_hw_temp pre_tsbuck1_temp1=37919
[  104.070793] (4)[647:usb ffs open]read descriptors
[  104.070853] (4)[647:usb ffs open]read strings
[  104.704613] (0)[341:recovery][M4U] m4u_fb_notifier_callback 1, 9
[  104.704621] (0)[341:recovery][black_check]: black_fb_notifier_callback:event = 1 status:3
[  104.704624] (0)[341:recovery][bright_check]: bright_fb_notifier_callback:event = 1,status:3
[  104.704628] (0)[341:recovery][WAKELOCK_PROFILE]ws_fb_notify_callback: val=1, blank=0
[  104.704632] (0)[341:recovery]gf_tee: [info] goodix_fb_state_chg_callback go to the goodix_fb_state_chg_callback value = 1
[  104.826077] (3)[58:kworker/3:1]oppo_custome_sync_work is called
[  104.826115] (0)[14:kworker/0:1]oppo_custome_sync_work: file /dev/block/by-name/oppo_custom is no exit
[  104.921922] (0)[14:kworker/0:1]MTP, <do_monitor_work(), 2033> IN <1 0 0 0 1 0 0 0 0 >
[  104.921936] (0)[14:kworker/0:1]MTP, <do_monitor_work(), 2040> OUT <0 0 0 0 0 0 0 0 0 >
[  104.929449] (0)[341:recovery]regulator_vibrator activate_store(258) :set activate duration = 1, 40
[  104.929458] (0)[341:recovery]regulator_vibrator vibrator_enable(198) :cancel hrtimer, cust:50-15000, dur:40, shutdown:0
[  104.929673] (7)[262:kworker/u16:2]regulator_vibrator update_vibrator(171) :vibr_state = 1
[  104.954406] (2)[56:kworker/2:1][Thermal/TZ/PMIC] [tsbuck2_raw_to_temp] 656, 391649, 1000000, -1863
[  104.954422] (2)[56:kworker/2:1][Thermal/TZ/PMIC] [tsbuck2_raw_to_temp] t_current=39529
[  104.954428] (2)[56:kworker/2:1][Thermal/TZ/PMIC] mt6357tsbuck2_get_hw_temp raw=656 T=39529
[  104.954432] (2)[56:kworker/2:1][Thermal/TZ/PMIC] mt6357tsbuck2_get_hw_temp pre_tsbuck2_temp1=39529
[  104.979677] (7)[262:kworker/u16:2]regulator_vibrator update_vibrator(171) :vibr_state = 0
[  104.987228] (2)[341:recovery][M4U] m4u_fb_notifier_callback 1, 9
[  104.987240] (2)[341:recovery][black_check]: black_fb_notifier_callback:event = 1 status:3
[  104.987247] (2)[341:recovery][bright_check]: bright_fb_notifier_callback:event = 1,status:3
[  104.987254] (2)[341:recovery][WAKELOCK_PROFILE]ws_fb_notify_callback: val=1, blank=0
[  104.987261] (2)[341:recovery]gf_tee: [info] goodix_fb_state_chg_callback go to the goodix_fb_state_chg_callback value = 1
[  105.103669] (2)[341:recovery][M4U] m4u_fb_notifier_callback 1, 9
[  105.103677] (2)[341:recovery][black_check]: black_fb_notifier_callback:event = 1 status:3
[  105.103680] (2)[341:recovery][bright_check]: bright_fb_notifier_callback:event = 1,status:3
[  105.103684] (2)[341:recovery][WAKELOCK_PROFILE]ws_fb_notify_callback: val=1, blank=0
[  105.103688] (2)[341:recovery]gf_tee: [info] goodix_fb_state_chg_callback go to the goodix_fb_state_chg_callback value = 1
[  105.106715] (6)[647:usb ffs open]read descriptors
[  105.106762] (6)[647:usb ffs open]read strings
[  105.352890] (2)[341:recovery][M4U] m4u_fb_notifier_callback 1, 9
[  105.352898] (2)[341:recovery][black_check]: black_fb_notifier_callback:event = 1 status:3
[  105.352901] (2)[341:recovery][bright_check]: bright_fb_notifier_callback:event = 1,status:3
[  105.352904] (2)[341:recovery][WAKELOCK_PROFILE]ws_fb_notify_callback: val=1, blank=0
[  105.352908] (2)[341:recovery]gf_tee: [info] goodix_fb_state_chg_callback go to the goodix_fb_state_chg_callback value = 1
[  105.469077] (3)[286:dlpt_notify_thr][PBM] [ma_to_mw] 3890(mV) * 4261(mA) = 16575(mW)
[  105.469095] (3)[286:dlpt_notify_thr][DLPT_final] 4261,50,50,5500
[  105.850075] (3)[58:kworker/3:1]oppo_custome_sync_work is called
[  105.850109] (0)[14:kworker/0:1]oppo_custome_sync_work: file /dev/block/by-name/oppo_custom is no exit
[  105.946267] (0)[14:kworker/0:1]MTP, <do_monitor_work(), 2033> IN <1 0 0 0 1 0 0 0 0 >
[  105.946303] (0)[14:kworker/0:1]MTP, <do_monitor_work(), 2040> OUT <0 0 0 0 0 0 0 0 0 >
[  106.150764] (7)[647:usb ffs open]read descriptors
[  106.150824] (7)[647:usb ffs open]read strings
[  106.874188] (3)[58:kworker/3:1]oppo_custome_sync_work is called
[  106.874206] (3)[58:kworker/3:1]oppo_custome_sync_work:timeout tryTime = 101
[  106.916532] (2)[341:recovery][M4U] m4u_fb_notifier_callback 1, 9
[  106.916546] (2)[341:recovery][black_check]: black_fb_notifier_callback:event = 1 status:3
[  106.916552] (2)[341:recovery][bright_check]: bright_fb_notifier_callback:event = 1,status:3
[  106.916559] (2)[341:recovery][WAKELOCK_PROFILE]ws_fb_notify_callback: val=1, blank=0
[  106.916567] (2)[341:recovery]gf_tee: [info] goodix_fb_state_chg_callback go to the goodix_fb_state_chg_callback value = 1
[  106.970045] (0)[14:kworker/0:1]MTP, <do_monitor_work(), 2033> IN <1 0 0 0 1 0 0 0 0 >
[  106.970055] (0)[14:kworker/0:1]MTP, <do_monitor_work(), 2040> OUT <0 0 0 0 0 0 0 0 0 >
[  107.198662] (7)[647:usb ffs open]read descriptors
[  107.198747] (7)[647:usb ffs open]read strings
[  107.394030] (0)[0:swapper/0][name:spm&]Power/swap DP: No enter --- SODI3: No enter --- SODI: No enter --- 
[  107.394067] (0)[0:swapper/0]mcdi cpu: 501, 279, 121, 51, 273, 393, 314, 183, cluster : 277, 576, pause = 387, multi core = 134, latency = 1, residency = 0, last core = 384, avail cpu = 00ff, cluster = 0003, enabled = 1, max_s_state = 5, system_idle_hint = 00000000
[  107.419091] -(5)[0:swapper/5][name:spm&]Power/swap CNT(soidle3): [0] = (0), [1] = (0), [2] = (0), [3] = (0), [4] = (0), [5] = (0), [6] = (0), [7] = (0), 
[  107.419114] -(5)[0:swapper/5][name:spm&]Power/swap soidle3_block_cnt: [BY_FRM] = 1357, 
[  107.419139] -(5)[0:swapper/5][name:spm&]Power/swap soidle3_block_mask: 0x00000000, 0x00000000, 0x00000000, 0x00000000, 0x00000000, 0x00000000, idle_pll_block_mask: 0x00000000\x0a
[  107.994331] (0)[14:kworker/0:1]MTP, <do_monitor_work(), 2033> IN <1 0 0 0 1 0 0 0 0 >
[  107.994363] (0)[14:kworker/0:1]MTP, <do_monitor_work(), 2040> OUT <0 0 0 0 0 0 0 0 0 >
[  108.026482] (4)[7:kworker/u16:0][SCP] scp_ipi_send: SCP A not ready
[  108.026525] (4)[7:kworker/u16:0][sensorHub] scp_ipi_send fail
[  108.026874] (2)[56:kworker/2:1][sensorHub] scp_sensorHub_req_send fail!
[  108.033376] (4)[435:kworker/4:3][OPLUS_CHG][oplus_chg_qc_config]chip->charger_type[5], subtype[0]
[  108.033503] (4)[435:kworker/4:3][OPLUS_CHG][oplus_chg_update_ui_soc]ui_soc:50,waiting_for_ffc:1,fastchg_to_ffc:1,fastchg_start:0,chg_type=0x0
[  108.033667] (5)[307:shortc_thread][OPLUS_CHG][oplus_chg_short_c_battery_check]oplus_is_normal_boot[false]
[  108.033740] (4)[316:kworker/4:2][OPLUS_CHG][oplus_get_typec_cc_orientation]: cc[2]
[  108.035577] (5)[351:health@2.1-serv][OPLUS_CHG][oplus_ac_get_property]5 0 0 0 0 0 0 1 1 ac_online:1
[  108.035985] (5)[351:health@2.1-serv]bq2560x-charger 5-006b: bq2560x_charger_get_online: online = 1
[  108.036255] (5)[351:health@2.1-serv]healthd: battery l=50 v=3879 t=38.2 h=2 st=2 c=-181 fc=0 chg=au
[  108.037356] (5)[351:health@2.1-serv][OPLUS_CHG][oplus_ac_get_property]5 0 0 0 0 0 0 1 1 ac_online:1
[  108.037389] (4)[316:kworker/4:2]get prop 105 is not supported in batt
[  108.037827] (5)[351:health@2.1-serv]bq2560x-charger 5-006b: bq2560x_charger_get_online: online = 1
[  108.040117] (5)[351:health@2.1-serv][OPLUS_CHG][oplus_ac_get_property]5 0 0 0 0 0 0 1 1 ac_online:1
[  108.040781] (5)[351:health@2.1-serv]bq2560x-charger 5-006b: bq2560x_charger_get_online: online = 1
[  108.041164] (5)[351:health@2.1-serv]healthd: battery l=50 v=3879 t=38.2 h=2 st=2 c=-214 fc=0 chg=au
[  108.042965] (5)[351:health@2.1-serv][OPLUS_CHG][oplus_ac_get_property]5 0 0 0 0 0 0 1 1 ac_online:1
[  108.043673] (5)[351:health@2.1-serv]bq2560x-charger 5-006b: bq2560x_charger_get_online: online = 1
[  108.043990] (4)[435:kworker/4:3][bq2560x]:bq2560x_dump_regs: [00]=0x64  [01]=0x1a  [02]=0xa4  [03]=0x33  [04]=0x90  [05]=0x27  [06]=0x55  [07]=0x49  [08]=0x34  [09]=0x00  [0a]=0xa3  [0b]=0x14  
[  108.044077] (4)[435:kworker/4:3][OPLUS_CHG][oplus_chg_print_log] CHGR[ 1 / 5 / 4815 / 1 / 2 ], BAT[ 1 / 0 / 1 / 0 / 1 / 16 ], GAUGE[ 382 / 3879 / 3885 / -146 / -1 / 50 / 50 / 50 / -1 / 0 / 0 / 0 / 0 / 0 / 0 / 0 / 0 / 0 / 0 / 0 / 0 / 0 /], STATUS[ 0x0 / 0 / 0 / 0 / 0 / 0x0 ], OTHER[ 1 / 1 / 7 / 2 / 0/ 1 / -2740]
[  108.242824] (4)[647:usb ffs open]read descriptors
[  108.242884] (4)[647:usb ffs open]read strings
[  108.478148] (4)[1:init]init: starting service 'cryptoeng-1-0'...
[  108.479538] (2)[341:recovery][M4U] m4u_fb_notifier_callback 1, 9
[  108.479546] (2)[341:recovery][black_check]: black_fb_notifier_callback:event = 1 status:3
[  108.479549] (2)[341:recovery][bright_check]: bright_fb_notifier_callback:event = 1,status:3
[  108.479553] (2)[341:recovery][WAKELOCK_PROFILE]ws_fb_notify_callback: val=1, blank=0
[  108.479558] (2)[341:recovery]gf_tee: [info] goodix_fb_state_chg_callback go to the goodix_fb_state_chg_callback value = 1
[  108.488718] (4)[1:init]init: Service 'cryptoeng-1-0' (pid 777) exited with status 1
[  108.488842] (4)[1:init]init: Sending signal 9 to service 'cryptoeng-1-0' (pid 777) process group...
[  108.489221] (4)[1:init]libprocessgroup: Successfully killed process cgroup uid 0 pid 777 in 0ms
[  109.018323] (0)[14:kworker/0:1]MTP, <do_monitor_work(), 2033> IN <1 0 0 0 1 0 0 0 0 >
[  109.018354] (0)[14:kworker/0:1]MTP, <do_monitor_work(), 2040> OUT <0 0 0 0 0 0 0 0 0 >
[  109.050738] (2)[56:kworker/2:1][Thermal/TZ/PMIC] [tsbuck1_raw_to_temp] 657, 390576, 1000000, -1863
[  109.050764] (2)[56:kworker/2:1][Thermal/TZ/PMIC] [tsbuck1_raw_to_temp] t_current=37919
[  109.050776] (2)[56:kworker/2:1][Thermal/TZ/PMIC] mt6357tsbuck1_get_hw_temp raw=657 T=37919
[  109.050787] (2)[56:kworker/2:1][Thermal/TZ/PMIC] mt6357tsbuck1_get_hw_temp pre_tsbuck1_temp1=37919
[  109.286707] (5)[647:usb ffs open]read descriptors
[  109.286768] (5)[647:usb ffs open]read strings
[  110.042242] (0)[14:kworker/0:1]MTP, <do_monitor_work(), 2033> IN <1 0 0 0 1 0 0 0 0 >
[  110.042249] (0)[14:kworker/0:1]MTP, <do_monitor_work(), 2040> OUT <0 0 0 0 0 0 0 0 0 >
[  110.042877] (2)[341:recovery][M4U] m4u_fb_notifier_callback 1, 9
[  110.042890] (2)[341:recovery][black_check]: black_fb_notifier_callback:event = 1 status:3
[  110.042896] (2)[341:recovery][bright_check]: bright_fb_notifier_callback:event = 1,status:3
[  110.042903] (2)[341:recovery][WAKELOCK_PROFILE]ws_fb_notify_callback: val=1, blank=0
[  110.042912] (2)[341:recovery]gf_tee: [info] goodix_fb_state_chg_callback go to the goodix_fb_state_chg_callback value = 1
[  110.074253] (2)[56:kworker/2:1][Thermal/TZ/PMIC] [tsbuck2_raw_to_temp] 657, 391649, 1000000, -1863
[  110.074261] (2)[56:kworker/2:1][Thermal/TZ/PMIC] [tsbuck2_raw_to_temp] t_current=38992
[  110.074266] (2)[56:kworker/2:1][Thermal/TZ/PMIC] mt6357tsbuck2_get_hw_temp raw=657 T=38992
[  110.074271] (2)[56:kworker/2:1][Thermal/TZ/PMIC] mt6357tsbuck2_get_hw_temp pre_tsbuck2_temp1=38992
[  110.330702] (4)[647:usb ffs open]read descriptors
[  110.330756] (4)[647:usb ffs open]read strings
[  110.854013] (5)[118:watchdogd]watchdog0, mtk wdt ping, wdd->status=8
[  111.066345] (0)[14:kworker/0:1]MTP, <do_monitor_work(), 2033> IN <1 0 0 0 1 0 0 0 0 >
[  111.066377] (0)[14:kworker/0:1]MTP, <do_monitor_work(), 2040> OUT <0 0 0 0 0 0 0 0 0 >
[  111.374768] (4)[647:usb ffs open]read descriptors
[  111.374858] (4)[647:usb ffs open]read strings
[  111.605995] (2)[341:recovery][M4U] m4u_fb_notifier_callback 1, 9
[  111.606004] (2)[341:recovery][black_check]: black_fb_notifier_callback:event = 1 status:3
[  111.606007] (2)[341:recovery][bright_check]: bright_fb_notifier_callback:event = 1,status:3
[  111.606011] (2)[341:recovery][WAKELOCK_PROFILE]ws_fb_notify_callback: val=1, blank=0
[  111.606016] (2)[341:recovery]gf_tee: [info] goodix_fb_state_chg_callback go to the goodix_fb_state_chg_callback value = 1
[  112.090027] (0)[14:kworker/0:1]MTP, <do_monitor_work(), 2033> IN <1 0 0 0 1 0 0 0 0 >
[  112.090040] (0)[14:kworker/0:1]MTP, <do_monitor_work(), 2040> OUT <0 0 0 0 0 0 0 0 0 >
[  112.397179] (5)[0:swapper/5][name:spm&]Power/swap DP: No enter --- SODI3: No enter --- SODI: No enter --- 
[  112.397244] (5)[0:swapper/5]mcdi cpu: 697, 35, 95, 32, 246, 311, 323, 314, cluster : 447, 851, pause = 753, multi core = 228, latency = 0, residency = 0, last core = 749, avail cpu = 00ff, cluster = 0003, enabled = 1, max_s_state = 5, system_idle_hint = 00000000
[  112.418790] (4)[647:usb ffs open]read descriptors
[  112.418844] (4)[647:usb ffs open]read strings
[  113.114089] (0)[14:kworker/0:1]MTP, <do_monitor_work(), 2033> IN <1 0 0 0 1 0 0 0 0 >
[  113.114108] (0)[14:kworker/0:1]MTP, <do_monitor_work(), 2040> OUT <0 0 0 0 0 0 0 0 0 >
[  113.169195] (2)[341:recovery][M4U] m4u_fb_notifier_callback 1, 9
[  113.169204] (2)[341:recovery][black_check]: black_fb_notifier_callback:event = 1 status:3
[  113.169208] (2)[341:recovery][bright_check]: bright_fb_notifier_callback:event = 1,status:3
[  113.169211] (2)[341:recovery][WAKELOCK_PROFILE]ws_fb_notify_callback: val=1, blank=0
[  113.169215] (2)[341:recovery]gf_tee: [info] goodix_fb_state_chg_callback go to the goodix_fb_state_chg_callback value = 1
[  113.418404] (0)[341:recovery][M4U] m4u_fb_notifier_callback 1, 9
[  113.418411] (0)[341:recovery][black_check]: black_fb_notifier_callback:event = 1 status:3
[  113.418414] (0)[341:recovery][bright_check]: bright_fb_notifier_callback:event = 1,status:3
[  113.418417] (0)[341:recovery][WAKELOCK_PROFILE]ws_fb_notify_callback: val=1, blank=0
[  113.418422] (0)[341:recovery]gf_tee: [info] goodix_fb_state_chg_callback go to the goodix_fb_state_chg_callback value = 1
[  113.444710] (2)[341:recovery]regulator_vibrator activate_store(258) :set activate duration = 1, 40
[  113.444728] (2)[341:recovery]regulator_vibrator vibrator_enable(198) :cancel hrtimer, cust:50-15000, dur:40, shutdown:0
[  113.444795] (4)[7:kworker/u16:0]regulator_vibrator update_vibrator(171) :vibr_state = 1
[  113.466771] (7)[647:usb ffs open]read descriptors
[  113.466828] (7)[647:usb ffs open]read strings
[  113.484280] (0)[1:init]init: starting service 'cryptoeng-1-0'...
[  113.485011] (2)[341:recovery][M4U] m4u_fb_notifier_callback 1, 9
[  113.485022] (2)[341:recovery][black_check]: black_fb_notifier_callback:event = 1 status:3
[  113.485029] (2)[341:recovery][bright_check]: bright_fb_notifier_callback:event = 1,status:3
[  113.485042] (2)[341:recovery][WAKELOCK_PROFILE]ws_fb_notify_callback: val=1, blank=0
[  113.485050] (2)[341:recovery]gf_tee: [info] goodix_fb_state_chg_callback go to the goodix_fb_state_chg_callback value = 1
[  113.493500] (0)[1:init]init: Service 'cryptoeng-1-0' (pid 783) exited with status 1
[  113.493537] (0)[1:init]init: Sending signal 9 to service 'cryptoeng-1-0' (pid 783) process group...
[  113.493676] (0)[1:init]libprocessgroup: Successfully killed process cgroup uid 0 pid 783 in 0ms
[  113.494947] (7)[7:kworker/u16:0]regulator_vibrator update_vibrator(171) :vibr_state = 0
[  113.686191] (7)[388:kworker/7:1H][msdc]msdc1 -> !!! Set<260KHz> Source<200000KHz> -> sclk<259KHz> timing<0> mode<0> div<193> hs400_div_dis<0>
[  113.687768] (7)[388:kworker/7:1H][msdc]msdc1 -> !!! Set<400KHz> Source<200000KHz> -> sclk<400KHz> timing<0> mode<0> div<125> hs400_div_dis<0>
[  113.817428] (2)[341:recovery][M4U] m4u_fb_notifier_callback 1, 9
[  113.817440] (2)[341:recovery][black_check]: black_fb_notifier_callback:event = 1 status:3
[  113.817446] (2)[341:recovery][bright_check]: bright_fb_notifier_callback:event = 1,status:3
[  113.817453] (2)[341:recovery][WAKELOCK_PROFILE]ws_fb_notify_callback: val=1, blank=0
[  113.817461] (2)[341:recovery]gf_tee: [info] goodix_fb_state_chg_callback go to the goodix_fb_state_chg_callback value = 1
[  113.920523] (4)[435:kworker/4:3][OPLUS_CHG][oplus_chg_qc_config]chip->charger_type[5], subtype[0]
[  113.920612] (4)[435:kworker/4:3][OPLUS_CHG][oplus_chg_update_ui_soc]ui_soc:50,waiting_for_ffc:1,fastchg_to_ffc:1,fastchg_start:0,chg_type=0x0
[  113.920625] (5)[307:shortc_thread][OPLUS_CHG][oplus_chg_short_c_battery_check]oplus_is_normal_boot[false]
[  113.920849] (4)[316:kworker/4:2][OPLUS_CHG][oplus_get_typec_cc_orientation]: cc[2]
[  113.923231] (5)[351:health@2.1-serv][OPLUS_CHG][oplus_ac_get_property]5 0 0 0 0 0 0 1 1 ac_online:1
[  113.923930] (5)[351:health@2.1-serv]bq2560x-charger 5-006b: bq2560x_charger_get_online: online = 1
[  113.924402] (5)[351:health@2.1-serv]healthd: battery l=50 v=3863 t=38.2 h=2 st=2 c=-49 fc=0 chg=au
[  113.925747] (4)[316:kworker/4:2]get prop 105 is not supported in batt
[  113.926422] (5)[351:health@2.1-serv][OPLUS_CHG][oplus_ac_get_property]5 0 0 0 0 0 0 1 1 ac_online:1
[  113.927111] (5)[351:health@2.1-serv]bq2560x-charger 5-006b: bq2560x_charger_get_online: online = 1
[  113.929409] (5)[351:health@2.1-serv][OPLUS_CHG][oplus_ac_get_property]5 0 0 0 0 0 0 1 1 ac_online:1
[  113.930297] (5)[351:health@2.1-serv]bq2560x-charger 5-006b: bq2560x_charger_get_online: online = 1
[  113.930774] (5)[351:health@2.1-serv]healthd: battery l=50 v=3863 t=38.2 h=2 st=2 c=10 fc=0 chg=au
[  113.932349] (5)[351:health@2.1-serv][OPLUS_CHG][oplus_ac_get_property]5 0 0 0 0 0 0 1 1 ac_online:1
[  113.932564] (4)[435:kworker/4:3][bq2560x]:bq2560x_dump_regs: [00]=0x64  [01]=0x1a  [02]=0xa4  [03]=0x33  [04]=0x90  [05]=0x27  [06]=0x55  [07]=0x49  [08]=0x34  [09]=0x00  [0a]=0xa3  [0b]=0x14  
[  113.932634] (4)[435:kworker/4:3][OPLUS_CHG][oplus_chg_print_log] CHGR[ 1 / 5 / 4834 / 1 / 2 ], BAT[ 1 / 0 / 1 / 0 / 1 / 21 ], GAUGE[ 382 / 3863 / 3869 / 2 / -1 / 50 / 50 / 50 / -1 / 0 / 0 / 0 / 0 / 0 / 0 / 0 / 0 / 0 / 0 / 0 / 0 / 0 /], STATUS[ 0x0 / 0 / 0 / 0 / 0 / 0x0 ], OTHER[ 1 / 1 / 7 / 2 / 0/ 1 / -2740]
[  113.932659] (4)[435:kworker/4:3][OPLUS_CHG][oplus_chg_critical_log] unable charging, count=1, charger_abnormal_log=0
[  113.932877] (5)[351:health@2.1-serv]bq2560x-charger 5-006b: bq2560x_charger_get_online: online = 1
[  113.982701] (7)[388:kworker/7:1H][msdc]msdc1 -> !!! Set<50000KHz> Source<200000KHz> -> sclk<50000KHz> timing<2> mode<0> div<1> hs400_div_dis<0>
[  114.138035] (0)[14:kworker/0:1]MTP, <do_monitor_work(), 2033> IN <1 0 0 0 1 0 0 0 0 >
[  114.138049] (0)[14:kworker/0:1]MTP, <do_monitor_work(), 2040> OUT <0 0 0 0 0 0 0 0 0 >
[  114.170258] (2)[56:kworker/2:1][Thermal/TZ/PMIC] [tsbuck1_raw_to_temp] 656, 390576, 1000000, -1863
[  114.170266] (2)[56:kworker/2:1][Thermal/TZ/PMIC] [tsbuck1_raw_to_temp] t_current=38456
[  114.170272] (2)[56:kworker/2:1][Thermal/TZ/PMIC] mt6357tsbuck1_get_hw_temp raw=656 T=38456
[  114.170277] (2)[56:kworker/2:1][Thermal/TZ/PMIC] mt6357tsbuck1_get_hw_temp pre_tsbuck1_temp1=38456
[  114.326003] -(2)[0:swapper/2][name:spm&]Power/swap CNT(dpidle): [0] = (0), [1] = (0), [2] = (0), [3] = (0), [4] = (0), [5] = (0), [6] = (0), [7] = (0), 
[  114.326013] -(2)[0:swapper/2][name:spm&]Power/swap dpidle_block_cnt: [BY_FRM] = 2161, 
[  114.326025] -(2)[0:swapper/2][name:spm&]Power/swap dpidle_block_mask: 0x00000000, 0x00000000, 0x00000000, 0x00000000, 0x00000000, 0x00000000, idle_pll_block_mask: 0x00000000\x0a
[  114.502789] (4)[647:usb ffs open]read descriptors
[  114.502850] (4)[647:usb ffs open]read strings
[  115.162251] (0)[14:kworker/0:1]MTP, <do_monitor_work(), 2033> IN <1 0 0 0 1 0 0 0 0 >
[  115.162282] (0)[14:kworker/0:1]MTP, <do_monitor_work(), 2040> OUT <0 0 0 0 0 0 0 0 0 >
[  115.194765] (2)[56:kworker/2:1][Thermal/TZ/PMIC] [tsbuck2_raw_to_temp] 657, 391649, 1000000, -1863
[  115.194791] (2)[56:kworker/2:1][Thermal/TZ/PMIC] [tsbuck2_raw_to_temp] t_current=38992
[  115.194803] (2)[56:kworker/2:1][Thermal/TZ/PMIC] mt6357tsbuck2_get_hw_temp raw=657 T=38992
[  115.194814] (2)[56:kworker/2:1][Thermal/TZ/PMIC] mt6357tsbuck2_get_hw_temp pre_tsbuck2_temp1=38992
[  115.347702] (2)[341:recovery][M4U] m4u_fb_notifier_callback 1, 9
[  115.347711] (2)[341:recovery][black_check]: black_fb_notifier_callback:event = 1 status:3
[  115.347714] (2)[341:recovery][bright_check]: bright_fb_notifier_callback:event = 1,status:3
[  115.347717] (2)[341:recovery][WAKELOCK_PROFILE]ws_fb_notify_callback: val=1, blank=0
[  115.347721] (2)[341:recovery]gf_tee: [info] goodix_fb_state_chg_callback go to the goodix_fb_state_chg_callback value = 1
[  115.546654] (6)[647:usb ffs open]read descriptors
[  115.546710] (6)[647:usb ffs open]read strings
[  116.186327] (0)[14:kworker/0:1]MTP, <do_monitor_work(), 2033> IN <1 0 0 0 1 0 0 0 0 >
[  116.186359] (0)[14:kworker/0:1]MTP, <do_monitor_work(), 2040> OUT <0 0 0 0 0 0 0 0 0 >
[  116.445109] (2)[341:recovery][M4U] m4u_fb_notifier_callback 1, 9
[  116.445117] (2)[341:recovery][black_check]: black_fb_notifier_callback:event = 1 status:3
[  116.445120] (2)[341:recovery][bright_check]: bright_fb_notifier_callback:event = 1,status:3
[  116.445123] (2)[341:recovery][WAKELOCK_PROFILE]ws_fb_notify_callback: val=1, blank=0
[  116.445128] (2)[341:recovery]gf_tee: [info] goodix_fb_state_chg_callback go to the goodix_fb_state_chg_callback value = 1
[  116.494978] (2)[341:recovery][M4U] m4u_fb_notifier_callback 1, 9
[  116.494986] (2)[341:recovery][black_check]: black_fb_notifier_callback:event = 1 status:3
[  116.494989] (2)[341:recovery][bright_check]: bright_fb_notifier_callback:event = 1,status:3
[  116.494993] (2)[341:recovery][WAKELOCK_PROFILE]ws_fb_notify_callback: val=1, blank=0
[  116.494997] (2)[341:recovery]gf_tee: [info] goodix_fb_state_chg_callback go to the goodix_fb_state_chg_callback value = 1
[  116.570133] (2)[341:recovery]regulator_vibrator activate_store(258) :set activate duration = 1, 40
[  116.570151] (2)[341:recovery]regulator_vibrator vibrator_enable(198) :cancel hrtimer, cust:50-15000, dur:40, shutdown:0
[  116.570390] (4)[262:kworker/u16:2]regulator_vibrator update_vibrator(171) :vibr_state = 1
[  116.586493] (5)[647:usb ffs open]read descriptors
[  116.586543] (5)[647:usb ffs open]read strings
[  116.620386] (4)[262:kworker/u16:2]regulator_vibrator update_vibrator(171) :vibr_state = 0
[  116.628130] (2)[341:recovery][M4U] m4u_fb_notifier_callback 1, 9
[  116.628143] (2)[341:recovery][black_check]: black_fb_notifier_callback:event = 1 status:3
[  116.628150] (2)[341:recovery][bright_check]: bright_fb_notifier_callback:event = 1,status:3
[  116.628157] (2)[341:recovery][WAKELOCK_PROFILE]ws_fb_notify_callback: val=1, blank=0
[  116.628165] (2)[341:recovery]gf_tee: [info] goodix_fb_state_chg_callback go to the goodix_fb_state_chg_callback value = 1
[  116.977257] (2)[341:recovery][M4U] m4u_fb_notifier_callback 1, 9
[  116.977269] (2)[341:recovery][black_check]: black_fb_notifier_callback:event = 1 status:3
[  116.977276] (2)[341:recovery][bright_check]: bright_fb_notifier_callback:event = 1,status:3
[  116.977282] (2)[341:recovery][WAKELOCK_PROFILE]ws_fb_notify_callback: val=1, blank=0
[  116.977290] (2)[341:recovery]gf_tee: [info] goodix_fb_state_chg_callback go to the goodix_fb_state_chg_callback value = 1
[  117.006568] (6)[108:kworker/6:1][msdc]msdc power off
[  117.006627] (6)[108:kworker/6:1][msdc]msdc power off
[  117.043804] (2)[341:recovery][M4U] m4u_fb_notifier_callback 1, 9
[  117.043816] (2)[341:recovery][black_check]: black_fb_notifier_callback:event = 1 status:3
[  117.043823] (2)[341:recovery][bright_check]: bright_fb_notifier_callback:event = 1,status:3
[  117.043829] (2)[341:recovery][WAKELOCK_PROFILE]ws_fb_notify_callback: val=1, blank=0
[  117.043837] (2)[341:recovery]gf_tee: [info] goodix_fb_state_chg_callback go to the goodix_fb_state_chg_callback value = 1
[  117.044453] (2)[341:recovery]regulator_vibrator activate_store(258) :set activate duration = 1, 40
[  117.044470] (2)[341:recovery]regulator_vibrator vibrator_enable(198) :cancel hrtimer, cust:50-15000, dur:40, shutdown:0
[  117.044688] (4)[262:kworker/u16:2]regulator_vibrator update_vibrator(171) :vibr_state = 1
[  117.077137] (2)[341:recovery][M4U] m4u_fb_notifier_callback 1, 9
[  117.077150] (2)[341:recovery][black_check]: black_fb_notifier_callback:event = 1 status:3
[  117.077156] (2)[341:recovery][bright_check]: bright_fb_notifier_callback:event = 1,status:3
[  117.077163] (2)[341:recovery][WAKELOCK_PROFILE]ws_fb_notify_callback: val=1, blank=0
[  117.077170] (2)[341:recovery]gf_tee: [info] goodix_fb_state_chg_callback go to the goodix_fb_state_chg_callback value = 1
[  117.094541] (4)[262:kworker/u16:2]regulator_vibrator update_vibrator(171) :vibr_state = 0
[  117.210020] (0)[14:kworker/0:1]MTP, <do_monitor_work(), 2033> IN <1 0 0 0 1 0 0 0 0 >
[  117.210030] (0)[14:kworker/0:1]MTP, <do_monitor_work(), 2040> OUT <0 0 0 0 0 0 0 0 0 >
[  117.398030] (0)[0:swapper/0][name:spm&]Power/swap DP: No enter --- SODI3: No enter --- SODI: No enter --- 
[  117.398059] (0)[0:swapper/0]mcdi cpu: 656, 56, 77, 39, 354, 342, 295, 107, cluster : 292, 633, pause = 507, multi core = 163, latency = 6, residency = 0, last core = 504, avail cpu = 00ff, cluster = 0003, enabled = 1, max_s_state = 5, system_idle_hint = 00000000
[  117.435011] (2)[341:recovery]regulator_vibrator activate_store(258) :set activate duration = 1, 40
[  117.435020] (2)[341:recovery]regulator_vibrator vibrator_enable(198) :cancel hrtimer, cust:50-15000, dur:40, shutdown:0
[  117.435227] (7)[262:kworker/u16:2]regulator_vibrator update_vibrator(171) :vibr_state = 1
[  117.476150] (0)[341:recovery][M4U] m4u_fb_notifier_callback 1, 9
[  117.476162] (0)[341:recovery][black_check]: black_fb_notifier_callback:event = 1 status:3
[  117.476169] (0)[341:recovery][bright_check]: bright_fb_notifier_callback:event = 1,status:3
[  117.476175] (0)[341:recovery][WAKELOCK_PROFILE]ws_fb_notify_callback: val=1, blank=0
[  117.476183] (0)[341:recovery]gf_tee: [info] goodix_fb_state_chg_callback go to the goodix_fb_state_chg_callback value = 1
[  117.485329] (7)[262:kworker/u16:2]regulator_vibrator update_vibrator(171) :vibr_state = 0
[  117.609146] (0)[341:recovery][M4U] m4u_fb_notifier_callback 1, 9
[  117.609158] (0)[341:recovery][black_check]: black_fb_notifier_callback:event = 1 status:3
[  117.609165] (0)[341:recovery][bright_check]: bright_fb_notifier_callback:event = 1,status:3
[  117.609171] (0)[341:recovery][WAKELOCK_PROFILE]ws_fb_notify_callback: val=1, blank=0
[  117.609179] (0)[341:recovery]gf_tee: [info] goodix_fb_state_chg_callback go to the goodix_fb_state_chg_callback value = 1
[  117.630790] (6)[647:usb ffs open]read descriptors
[  117.630847] (6)[647:usb ffs open]read strings
[  117.675740] (0)[341:recovery][M4U] m4u_fb_notifier_callback 1, 9
[  117.675749] (0)[341:recovery][black_check]: black_fb_notifier_callback:event = 1 status:3
[  117.675752] (0)[341:recovery][bright_check]: bright_fb_notifier_callback:event = 1,status:3
[  117.675756] (0)[341:recovery][WAKELOCK_PROFILE]ws_fb_notify_callback: val=1, blank=0
[  117.675760] (0)[341:recovery]gf_tee: [info] goodix_fb_state_chg_callback go to the goodix_fb_state_chg_callback value = 1
[  118.234047] (0)[14:kworker/0:1]MTP, <do_monitor_work(), 2033> IN <1 0 0 0 1 0 0 0 0 >
[  118.234054] (0)[14:kworker/0:1]MTP, <do_monitor_work(), 2040> OUT <0 0 0 0 0 0 0 0 0 >
[  118.240899] (0)[341:recovery][M4U] m4u_fb_notifier_callback 1, 9
[  118.240910] (0)[341:recovery][black_check]: black_fb_notifier_callback:event = 1 status:3
[  118.240917] (0)[341:recovery][bright_check]: bright_fb_notifier_callback:event = 1,status:3
[  118.240923] (0)[341:recovery][WAKELOCK_PROFILE]ws_fb_notify_callback: val=1, blank=0
[  118.240931] (0)[341:recovery]gf_tee: [info] goodix_fb_state_chg_callback go to the goodix_fb_state_chg_callback value = 1
[  118.266304] (7)[262:kworker/u16:2][SCP] scp_ipi_send: SCP A not ready
[  118.266338] (7)[262:kworker/u16:2][sensorHub] scp_ipi_send fail
[  118.266468] (2)[56:kworker/2:1][sensorHub] scp_sensorHub_req_send fail!
[  118.489212] (2)[1:init]init: starting service 'cryptoeng-1-0'...
[  118.497384] (1)[1:init]init: Service 'cryptoeng-1-0' (pid 788) exited with status 1
[  118.497421] (1)[1:init]init: Sending signal 9 to service 'cryptoeng-1-0' (pid 788) process group...
[  118.497557] (1)[1:init]libprocessgroup: Successfully killed process cgroup uid 0 pid 788 in 0ms
[  118.694821] (7)[647:usb ffs open]read descriptors
[  118.694878] (7)[647:usb ffs open]read strings
[  119.041712] (4)[57:kworker/4:1][OPLUS_CHG][oplus_chg_qc_config]chip->charger_type[5], subtype[0]
[  119.041842] (4)[57:kworker/4:1][OPLUS_CHG][oplus_chg_update_ui_soc]ui_soc:50,waiting_for_ffc:1,fastchg_to_ffc:1,fastchg_start:0,chg_type=0x0
[  119.041856] (5)[307:shortc_thread][OPLUS_CHG][oplus_chg_short_c_battery_check]oplus_is_normal_boot[false]
[  119.042175] (4)[435:kworker/4:3][OPLUS_CHG][oplus_get_typec_cc_orientation]: cc[2]
[  119.044443] (5)[351:health@2.1-serv][OPLUS_CHG][oplus_ac_get_property]5 0 0 0 0 0 0 1 1 ac_online:1
[  119.045150] (5)[351:health@2.1-serv]bq2560x-charger 5-006b: bq2560x_charger_get_online: online = 1
[  119.045625] (5)[351:health@2.1-serv]healthd: battery l=50 v=3883 t=38.2 h=2 st=2 c=-193 fc=0 chg=au
[  119.047716] (5)[351:health@2.1-serv][OPLUS_CHG][oplus_ac_get_property]5 0 0 0 0 0 0 1 1 ac_online:1
[  119.048300] (5)[351:health@2.1-serv]bq2560x-charger 5-006b: bq2560x_charger_get_online: online = 1
[  119.048470] (4)[435:kworker/4:3]get prop 105 is not supported in batt
[  119.051314] (5)[351:health@2.1-serv][OPLUS_CHG][oplus_ac_get_property]5 0 0 0 0 0 0 1 1 ac_online:1
[  119.052025] (5)[351:health@2.1-serv]bq2560x-charger 5-006b: bq2560x_charger_get_online: online = 1
[  119.052500] (5)[351:health@2.1-serv]healthd: battery l=50 v=3883 t=38.2 h=2 st=2 c=-169 fc=0 chg=au
[  119.054022] (6)[258:irq/107-bq2560x][bq2560x]:hw_bc11_init: CDP, timeout
[  119.054581] (5)[351:health@2.1-serv][OPLUS_CHG][oplus_ac_get_property]5 0 0 0 0 0 0 1 1 ac_online:1
[  119.055177] (5)[351:health@2.1-serv]bq2560x-charger 5-006b: bq2560x_charger_get_online: online = 1
[  119.055638] (4)[57:kworker/4:1][bq2560x]:bq2560x_dump_regs: [00]=0x64  [01]=0x1a  [02]=0xa4  [03]=0x33  [04]=0x90  [05]=0x27  [06]=0x55  [07]=0x49  [08]=0x34  [09]=0x00  [0a]=0xa3  [0b]=0x14  
[  119.055728] (4)[57:kworker/4:1][OPLUS_CHG][oplus_chg_print_log] CHGR[ 1 / 5 / 4844 / 1 / 2 ], BAT[ 1 / 0 / 1 / 0 / 1 / 27 ], GAUGE[ 382 / 3883 / 3884 / -170 / -1 / 50 / 50 / 50 / -1 / 0 / 0 / 0 / 0 / 0 / 0 / 0 / 0 / 0 / 0 / 0 / 0 / 0 /], STATUS[ 0x0 / 0 / 0 / 0 / 0 / 0x0 ], OTHER[ 1 / 1 / 7 / 2 / 0/ 1 / -2740]
[  119.114092] -(6)[258:irq/107-bq2560x]usb_6765_dpidle_request: 5 callbacks suppressed
[  119.114111] -(6)[258:irq/107-bq2560x][MUSB]usb_6765_dpidle_request 92: USB_DPIDLE_FORBIDDEN, skip_cnt<5>
[  119.114219] -(6)[258:irq/107-bq2560x]usb_6765_dpidle_request: 5 callbacks suppressed
[  119.114231] -(6)[258:irq/107-bq2560x][MUSB]usb_6765_dpidle_request 85: USB_DPIDLE_ALLOWED, skip_cnt<5>
[  119.114270] (6)[258:irq/107-bq2560x][MUSB]Charger_Detect_Init 909: Charger_Detect_Init
[  119.258427] (0)[14:kworker/0:1]MTP, <do_monitor_work(), 2033> IN <1 0 0 0 1 0 0 0 0 >
[  119.258459] (0)[14:kworker/0:1]MTP, <do_monitor_work(), 2040> OUT <0 0 0 0 0 0 0 0 0 >
[  119.290572] (6)[258:irq/107-bq2560x][bq2560x]:hw_charging_get_charger_type: step A2 : Standard USB Host!\x0d
[  119.290640] (2)[56:kworker/2:1][Thermal/TZ/PMIC] [tsbuck1_raw_to_temp] 657, 390576, 1000000, -1863
[  119.290653] (2)[56:kworker/2:1][Thermal/TZ/PMIC] [tsbuck1_raw_to_temp] t_current=37919
[  119.290665] (2)[56:kworker/2:1][Thermal/TZ/PMIC] mt6357tsbuck1_get_hw_temp raw=657 T=37919
[  119.290677] (2)[56:kworker/2:1][Thermal/TZ/PMIC] mt6357tsbuck1_get_hw_temp pre_tsbuck1_temp1=37919
[  119.290790] (6)[258:irq/107-bq2560x][MUSB]Charger_Detect_Release 924: Charger_Detect_Release
[  119.290816] (6)[258:irq/107-bq2560x][bq2560x]:dump_charger_name: charger type: 1, Standard USB Host
[  119.290839] (6)[258:irq/107-bq2560x][bq2560x]:bq2560x_get_charger_type: bq2560x_get_charger_type:1
[  119.290971] (6)[258:irq/107-bq2560x]wake_up_usbtemp_thread, vbus:1, otg:0
[  119.290989] (6)[258:irq/107-bq2560x][bq2560x]:bq2560x_irq_handler: bq2560x_irq_handler sdp cdp retry bc
[  119.438445] (0)[341:recovery][M4U] m4u_fb_notifier_callback 1, 9
[  119.438457] (0)[341:recovery][black_check]: black_fb_notifier_callback:event = 1 status:3
[  119.438464] (0)[341:recovery][bright_check]: bright_fb_notifier_callback:event = 1,status:3
[  119.438470] (0)[341:recovery][WAKELOCK_PROFILE]ws_fb_notify_callback: val=1, blank=0
[  119.438478] (0)[341:recovery]gf_tee: [info] goodix_fb_state_chg_callback go to the goodix_fb_state_chg_callback value = 1
[  119.504961] (0)[341:recovery][M4U] m4u_fb_notifier_callback 1, 9
[  119.504969] (0)[341:recovery][black_check]: black_fb_notifier_callback:event = 1 status:3
[  119.504972] (0)[341:recovery][bright_check]: bright_fb_notifier_callback:event = 1,status:3
[  119.504976] (0)[341:recovery][WAKELOCK_PROFILE]ws_fb_notify_callback: val=1, blank=0
[  119.504980] (0)[341:recovery]gf_tee: [info] goodix_fb_state_chg_callback go to the goodix_fb_state_chg_callback value = 1
[  119.505853] (0)[341:recovery]regulator_vibrator activate_store(258) :set activate duration = 1, 40
[  119.505872] (0)[341:recovery]regulator_vibrator vibrator_enable(198) :cancel hrtimer, cust:50-15000, dur:40, shutdown:0
[  119.505991] (5)[7:kworker/u16:0]regulator_vibrator update_vibrator(171) :vibr_state = 1
[  119.556209] (5)[7:kworker/u16:0]regulator_vibrator update_vibrator(171) :vibr_state = 0
[  119.558249] (6)[258:irq/107-bq2560x][MUSB]Charger_Detect_Init 909: Charger_Detect_Init
[  119.571545] (0)[341:recovery][M4U] m4u_fb_notifier_callback 1, 9
[  119.571552] (0)[341:recovery][black_check]: black_fb_notifier_callback:event = 1 status:3
[  119.571556] (0)[341:recovery][bright_check]: bright_fb_notifier_callback:event = 1,status:3
[  119.571559] (0)[341:recovery][WAKELOCK_PROFILE]ws_fb_notify_callback: val=1, blank=0
[  119.571563] (0)[341:recovery]gf_tee: [info] goodix_fb_state_chg_callback go to the goodix_fb_state_chg_callback value = 1
[  119.734016] (6)[258:irq/107-bq2560x][bq2560x]:hw_charging_get_charger_type: step A2 : Standard USB Host!\x0d
[  119.734134] (6)[258:irq/107-bq2560x][MUSB]Charger_Detect_Release 924: Charger_Detect_Release
[  119.734161] (6)[258:irq/107-bq2560x][bq2560x]:dump_charger_name: charger type: 1, Standard USB Host
[  119.734185] (6)[258:irq/107-bq2560x][bq2560x]:bq2560x_get_charger_type: bq2560x_get_charger_type:1
[  119.734261] (6)[258:irq/107-bq2560x][MUSB]Charger_Detect_Release 924: Charger_Detect_Release
[  119.734403] (6)[108:kworker/6:1][MUSB]mt_usb_connect 734: [MUSB] USB connect
[  119.734434] (6)[108:kworker/6:1][MUSB]issue_connection_work 728: issue work, ops<2>
[  119.734510] (6)[108:kworker/6:1]bq2560x-charger 5-006b: oplus_bq2560x_hardware_init
[  119.734613] (4)[7:kworker/u16:0][MUSB]do_connection_work 623: is_host<0>, power<0>, ops<2>
[  119.734648] (4)[7:kworker/u16:0][MUSB]usb_cable_connected 551: usb_psy not ready
[  119.734785] (4)[7:kworker/u16:0]bq2560x-charger 5-006b: bq2560x_charger_get_online: online = 1
[  119.734813] (4)[7:kworker/u16:0][MUSB]usb_cable_connected 573: online=1, type=4
[  119.734923] (5)[258:irq/107-bq2560x][bq2560x]:bq2560x_irq_handler: bq2560x_irq_handler:(1,1)
[  119.736126] (5)[258:irq/107-bq2560x][bq2560x]:bq2560x_irq_handler: bq2560x_irq_handler prev_pg & now_pg is same!
[  119.736318] (4)[7:kworker/u16:0][MUSB]cmode_effect_on 610: cable_mode=1, effect=0
[  119.736347] -(4)[7:kworker/u16:0][MUSB]do_connection_work 663: lock
[  119.736371] -(4)[7:kworker/u16:0][MUSB]musb_start 1252: start, is_host=0 is_active=0
[  119.736399] -(4)[7:kworker/u16:0][MUSB]mt_usb_enable 385: begin <0,0>,<2,1,1,1>
[  119.736826] (6)[108:kworker/6:1][OPLUS_CHG][oplus_chg_set_charging_current][BATTERY]LED ON, charging current: 2200
[  119.748862] -(4)[7:kworker/u16:0][MUSB]set_usb_phy_mode 605: force PHY to mode 1, 0x6c=3f2f
[  119.748900] -(4)[7:kworker/u16:0][MUSB]usb_phy_recover 893: usb recovery success
[  119.748917] -(4)[7:kworker/u16:0][MUSB]mt_usb_enable 418: end, <2,1,2,1>
[  119.748943] -(4)[7:kworker/u16:0][MUSB]musb_start 1301: set ignore babble MUSB_ULPI_REG_DATA=81
[  119.749176] (6)[108:kworker/6:1][OPLUS_CHG][oplus_chg_set_input_current_limit][BATTERY]LED STATUS CHANGED, IS ON
[  119.749201] (6)[108:kworker/6:1][OPLUS_CHG][oplus_chg_set_input_current_limit] led_on = 1, \x09\x09current_limit = 500, \x09\x09led_temp_status = 2, \x09\x09cool_down = 0, \x09\x09cool_down_force_5v = 0.
[  119.749226] (6)[108:kworker/6:1]bq2560x-charger 5-006b: oplus_bq2560x_input_current_limit_protection:input_cur_ma:500 temp_cur:500
[  119.758048] (6)[108:kworker/6:1][OPLUS_CHG][oplus_chg_update_ui_soc]ui_soc:50,waiting_for_ffc:1,fastchg_to_ffc:1,fastchg_start:0,chg_type=0x0
[  119.758333] (6)[790:kworker/6:2][OPLUS_CHG][oplus_get_typec_cc_orientation]: cc[2]
[  119.759707] (4)[351:health@2.1-serv][OPLUS_CHG][oplus_ac_get_property]4 0 0 0 0 0 0 1 1 ac_online:0
[  119.760069] (4)[351:health@2.1-serv]bq2560x-charger 5-006b: bq2560x_charger_get_online: online = 1
[  119.760215] (4)[351:health@2.1-serv]healthd: battery l=50 v=3867 t=38.2 h=2 st=2 c=-77 fc=0 chg=u
[  119.760880] (4)[351:health@2.1-serv][OPLUS_CHG][oplus_ac_get_property]4 0 0 0 0 0 0 1 1 ac_online:0
[  119.761048] (6)[790:kworker/6:2]get prop 105 is not supported in batt
[  119.761167] (4)[351:health@2.1-serv]bq2560x-charger 5-006b: bq2560x_charger_get_online: online = 1
[  119.762231] (4)[351:health@2.1-serv][OPLUS_CHG][oplus_ac_get_property]4 0 0 0 0 0 0 1 1 ac_online:0
[  119.762513] (4)[351:health@2.1-serv]bq2560x-charger 5-006b: bq2560x_charger_get_online: online = 1
[  119.762657] (4)[351:health@2.1-serv]healthd: battery l=50 v=3867 t=38.2 h=2 st=2 c=-85 fc=0 chg=u
[  119.763316] (4)[351:health@2.1-serv][OPLUS_CHG][oplus_ac_get_property]4 0 0 0 0 0 0 1 1 ac_online:0
[  119.763596] (4)[351:health@2.1-serv]bq2560x-charger 5-006b: bq2560x_charger_get_online: online = 1
[  119.764198] (6)[108:kworker/6:1][bq2560x]:bq2560x_dump_regs: [00]=0x64  [01]=0x1a  [02]=0xa4  [03]=0x33  [04]=0x90  [05]=0x27  [06]=0x55  [07]=0x49  [08]=0x34  [09]=0x00  [0a]=0xa3  [0b]=0x14  
[  119.764257] (6)[108:kworker/6:1][OPLUS_CHG][oplus_chg_print_log] CHGR[ 1 / 4 / 4806 / 1 / 2 ], BAT[ 1 / 0 / 1 / 0 / 1 / 27 ], GAUGE[ 382 / 3867 / 3874 / -85 / -1 / 50 / 50 / 50 / -1 / 0 / 0 / 0 / 0 / 0 / 0 / 0 / 0 / 0 / 0 / 0 / 0 / 0 /], STATUS[ 0x0 / 0 / 0 / 0 / 0 / 0x0 ], OTHER[ 1 / 1 / 7 / 2 / 0/ 1 / -2740]
[  119.774475] (2)[647:usb ffs open]read descriptors
[  119.774495] (2)[647:usb ffs open]read strings
[  120.070649] -(7)[310:usbtemp_kthread]mt635x_auxadc_read_raw: 18 callbacks suppressed
[  120.102034] -(0)[0:swapper/0][name:spm&]Power/swap CNT(soidle): [0] = (0), [1] = (0), [2] = (0), [3] = (0), [4] = (0), [5] = (0), [6] = (0), [7] = (0), 
[  120.102045] -(0)[0:swapper/0][name:spm&]Power/swap soidle_block_cnt: [BY_FRM] = 2493, 
[  120.102057] -(0)[0:swapper/0][name:spm&]Power/swap soidle_block_mask: 0x00000000, 0x00000000, 0x00000000, 0x00000000, 0x00000000, 0x00000000, idle_pll_block_mask: 0x00000000\x0a
[  120.102062] -(0)[0:swapper/0][name:spm&][resource_req_block] user: 0x4, 0x0
[  120.103830] (0)[341:recovery][M4U] m4u_fb_notifier_callback 1, 9
[  120.103843] (0)[341:recovery][black_check]: black_fb_notifier_callback:event = 1 status:3
[  120.103850] (0)[341:recovery][bright_check]: bright_fb_notifier_callback:event = 1,status:3
[  120.103857] (0)[341:recovery][WAKELOCK_PROFILE]ws_fb_notify_callback: val=1, blank=0
[  120.103865] (0)[341:recovery]gf_tee: [info] goodix_fb_state_chg_callback go to the goodix_fb_state_chg_callback value = 1
[  120.281922] (0)[14:kworker/0:1]MTP, <do_monitor_work(), 2033> IN <1 0 0 0 1 0 0 0 0 >
[  120.281936] (0)[14:kworker/0:1]MTP, <do_monitor_work(), 2040> OUT <0 0 0 0 0 0 0 0 0 >
[  120.314379] (2)[56:kworker/2:1][Thermal/TZ/PMIC] [tsbuck2_raw_to_temp] 656, 391649, 1000000, -1863
[  120.314387] (2)[56:kworker/2:1][Thermal/TZ/PMIC] [tsbuck2_raw_to_temp] t_current=39529
[  120.314392] (2)[56:kworker/2:1][Thermal/TZ/PMIC] mt6357tsbuck2_get_hw_temp raw=656 T=39529
[  120.314397] (2)[56:kworker/2:1][Thermal/TZ/PMIC] mt6357tsbuck2_get_hw_temp pre_tsbuck2_temp1=39529
[  120.502835] (0)[341:recovery][M4U] m4u_fb_notifier_callback 1, 9
[  120.502847] (0)[341:recovery][black_check]: black_fb_notifier_callback:event = 1 status:3
[  120.502853] (0)[341:recovery][bright_check]: bright_fb_notifier_callback:event = 1,status:3
[  120.502860] (0)[341:recovery][WAKELOCK_PROFILE]ws_fb_notify_callback: val=1, blank=0
[  120.502867] (0)[341:recovery]gf_tee: [info] goodix_fb_state_chg_callback go to the goodix_fb_state_chg_callback value = 1
[  120.602403] (0)[341:recovery][M4U] m4u_fb_notifier_callback 1, 9
[  120.602411] (0)[341:recovery][black_check]: black_fb_notifier_callback:event = 1 status:3
[  120.602414] (0)[341:recovery][bright_check]: bright_fb_notifier_callback:event = 1,status:3
[  120.602418] (0)[341:recovery][WAKELOCK_PROFILE]ws_fb_notify_callback: val=1, blank=0
[  120.602422] (0)[341:recovery]gf_tee: [info] goodix_fb_state_chg_callback go to the goodix_fb_state_chg_callback value = 1
[  120.668918] (0)[341:recovery][M4U] m4u_fb_notifier_callback 1, 9
[  120.668926] (0)[341:recovery][black_check]: black_fb_notifier_callback:event = 1 status:3
[  120.668929] (0)[341:recovery][bright_check]: bright_fb_notifier_callback:event = 1,status:3
[  120.668932] (0)[341:recovery][WAKELOCK_PROFILE]ws_fb_notify_callback: val=1, blank=0
[  120.668937] (0)[341:recovery]gf_tee: [info] goodix_fb_state_chg_callback go to the goodix_fb_state_chg_callback value = 1
[  120.752174] (0)[341:recovery][M4U] m4u_fb_notifier_callback 1, 9
[  120.752186] (0)[341:recovery][black_check]: black_fb_notifier_callback:event = 1 status:3
[  120.752193] (0)[341:recovery][bright_check]: bright_fb_notifier_callback:event = 1,status:3
[  120.752199] (0)[341:recovery][WAKELOCK_PROFILE]ws_fb_notify_callback: val=1, blank=0
[  120.752207] (0)[341:recovery]gf_tee: [info] goodix_fb_state_chg_callback go to the goodix_fb_state_chg_callback value = 1
[  120.818464] (0)[647:usb ffs open]read descriptors
[  120.818476] (0)[647:usb ffs open]read strings
[  120.819053] (3)[341:recovery][M4U] m4u_fb_notifier_callback 1, 9
[  120.819063] (3)[341:recovery][black_check]: black_fb_notifier_callback:event = 1 status:3
[  120.819070] (3)[341:recovery][bright_check]: bright_fb_notifier_callback:event = 1,status:3
[  120.819077] (3)[341:recovery][WAKELOCK_PROFILE]ws_fb_notify_callback: val=1, blank=0
[  120.819085] (3)[341:recovery]gf_tee: [info] goodix_fb_state_chg_callback go to the goodix_fb_state_chg_callback value = 1
[  120.860642] (4)[421:irq/17-touchpan][TP]touchpanel: touchpanel: Touchpanel id 0 :Down[ 466 1451    7]
[  120.885234] (0)[341:recovery][M4U] m4u_fb_notifier_callback 1, 9
[  120.885246] (0)[341:recovery][black_check]: black_fb_notifier_callback:event = 1 status:3
[  120.885252] (0)[341:recovery][bright_check]: bright_fb_notifier_callback:event = 1,status:3
[  120.885259] (0)[341:recovery][WAKELOCK_PROFILE]ws_fb_notify_callback: val=1, blank=0
[  120.885266] (0)[341:recovery]gf_tee: [info] goodix_fb_state_chg_callback go to the goodix_fb_state_chg_callback value = 1
[  120.951724] (0)[341:recovery][M4U] m4u_fb_notifier_callback 1, 9
[  120.951730] (0)[341:recovery][black_check]: black_fb_notifier_callback:event = 1 status:3
[  120.951734] (0)[341:recovery][bright_check]: bright_fb_notifier_callback:event = 1,status:3
[  120.951737] (0)[341:recovery][WAKELOCK_PROFILE]ws_fb_notify_callback: val=1, blank=0
[  120.951741] (0)[341:recovery]gf_tee: [info] goodix_fb_state_chg_callback go to the goodix_fb_state_chg_callback value = 1
[  121.018276] (2)[341:recovery][M4U] m4u_fb_notifier_callback 1, 9
[  121.018288] (2)[341:recovery][black_check]: black_fb_notifier_callback:event = 1 status:3
[  121.018295] (2)[341:recovery][bright_check]: bright_fb_notifier_callback:event = 1,status:3
[  121.018301] (2)[341:recovery][WAKELOCK_PROFILE]ws_fb_notify_callback: val=1, blank=0
[  121.018309] (2)[341:recovery]gf_tee: [info] goodix_fb_state_chg_callback go to the goodix_fb_state_chg_callback value = 1
[  121.084771] (2)[341:recovery][M4U] m4u_fb_notifier_callback 1, 9
[  121.084779] (2)[341:recovery][black_check]: black_fb_notifier_callback:event = 1 status:3
[  121.084782] (2)[341:recovery][bright_check]: bright_fb_notifier_callback:event = 1,status:3
[  121.084786] (2)[341:recovery][WAKELOCK_PROFILE]ws_fb_notify_callback: val=1, blank=0
[  121.084790] (2)[341:recovery]gf_tee: [info] goodix_fb_state_chg_callback go to the goodix_fb_state_chg_callback value = 1
[  121.090352] -(6)[310:usbtemp_kthread]mt635x_auxadc_read_raw: 13 callbacks suppressed
[  121.151247] (2)[341:recovery][M4U] m4u_fb_notifier_callback 1, 9
[  121.151255] (2)[341:recovery][black_check]: black_fb_notifier_callback:event = 1 status:3
[  121.151258] (2)[341:recovery][bright_check]: bright_fb_notifier_callback:event = 1,status:3
[  121.151261] (2)[341:recovery][WAKELOCK_PROFILE]ws_fb_notify_callback: val=1, blank=0
[  121.151266] (2)[341:recovery]gf_tee: [info] goodix_fb_state_chg_callback go to the goodix_fb_state_chg_callback value = 1
[  121.217747] (0)[341:recovery][M4U] m4u_fb_notifier_callback 1, 9
[  121.217754] (0)[341:recovery][black_check]: black_fb_notifier_callback:event = 1 status:3
[  121.217757] (0)[341:recovery][bright_check]: bright_fb_notifier_callback:event = 1,status:3
[  121.217761] (0)[341:recovery][WAKELOCK_PROFILE]ws_fb_notify_callback: val=1, blank=0
[  121.217765] (0)[341:recovery]gf_tee: [info] goodix_fb_state_chg_callback go to the goodix_fb_state_chg_callback value = 1
[  121.284317] (0)[341:recovery][M4U] m4u_fb_notifier_callback 1, 9
[  121.284329] (0)[341:recovery][black_check]: black_fb_notifier_callback:event = 1 status:3
[  121.284336] (0)[341:recovery][bright_check]: bright_fb_notifier_callback:event = 1,status:3
[  121.284343] (0)[341:recovery][WAKELOCK_PROFILE]ws_fb_notify_callback: val=1, blank=0
[  121.284351] (0)[341:recovery]gf_tee: [info] goodix_fb_state_chg_callback go to the goodix_fb_state_chg_callback value = 1
[  121.305960] (0)[14:kworker/0:1]MTP, <do_monitor_work(), 2033> IN <1 0 0 0 1 0 0 0 0 >
[  121.305978] (0)[14:kworker/0:1]MTP, <do_monitor_work(), 2040> OUT <0 0 0 0 0 0 0 0 0 >
[  121.350832] (0)[341:recovery][M4U] m4u_fb_notifier_callback 1, 9
[  121.350840] (0)[341:recovery][black_check]: black_fb_notifier_callback:event = 1 status:3
[  121.350843] (0)[341:recovery][bright_check]: bright_fb_notifier_callback:event = 1,status:3
[  121.350847] (0)[341:recovery][WAKELOCK_PROFILE]ws_fb_notify_callback: val=1, blank=0
[  121.350851] (0)[341:recovery]gf_tee: [info] goodix_fb_state_chg_callback go to the goodix_fb_state_chg_callback value = 1
[  121.417330] (0)[341:recovery][M4U] m4u_fb_notifier_callback 1, 9
[  121.417337] (0)[341:recovery][black_check]: black_fb_notifier_callback:event = 1 status:3
[  121.417340] (0)[341:recovery][bright_check]: bright_fb_notifier_callback:event = 1,status:3
[  121.417344] (0)[341:recovery][WAKELOCK_PROFILE]ws_fb_notify_callback: val=1, blank=0
[  121.417348] (0)[341:recovery]gf_tee: [info] goodix_fb_state_chg_callback go to the goodix_fb_state_chg_callback value = 1
[  121.483836] (0)[341:recovery][M4U] m4u_fb_notifier_callback 1, 9
[  121.483848] (0)[341:recovery][black_check]: black_fb_notifier_callback:event = 1 status:3
[  121.483854] (0)[341:recovery][bright_check]: bright_fb_notifier_callback:event = 1,status:3
[  121.483861] (0)[341:recovery][WAKELOCK_PROFILE]ws_fb_notify_callback: val=1, blank=0
[  121.483869] (0)[341:recovery]gf_tee: [info] goodix_fb_state_chg_callback go to the goodix_fb_state_chg_callback value = 1
[  121.550778] (0)[341:recovery][M4U] m4u_fb_notifier_callback 1, 9
[  121.550792] (0)[341:recovery][black_check]: black_fb_notifier_callback:event = 1 status:3
[  121.550798] (0)[341:recovery][bright_check]: bright_fb_notifier_callback:event = 1,status:3
[  121.550805] (0)[341:recovery][WAKELOCK_PROFILE]ws_fb_notify_callback: val=1, blank=0
[  121.550813] (0)[341:recovery]gf_tee: [info] goodix_fb_state_chg_callback go to the goodix_fb_state_chg_callback value = 1
[  121.551422] (0)[341:recovery]regulator_vibrator activate_store(258) :set activate duration = 1, 40
[  121.551438] (0)[341:recovery]regulator_vibrator vibrator_enable(198) :cancel hrtimer, cust:50-15000, dur:40, shutdown:0
[  121.551795] (7)[262:kworker/u16:2]regulator_vibrator update_vibrator(171) :vibr_state = 1
[  121.601875] (7)[262:kworker/u16:2]regulator_vibrator update_vibrator(171) :vibr_state = 0
